n;Numero Beneficio;Nome Titular;Data Nasc;Endereco;Bairro;CEP;Mae;Situacao;Especie Ben.;Municipio;UF;Cadunico;Situacao Cadastral;Data Atualizacao Fam;NIS;CPF;Municipio Saque;UF Saque;Competencia Periodo Situacao
1;308572654;Alícia Hagrid Vector;20/09/1945;Travessa Mestre dos Sonhadores, 176 - Apto 1;Jardim Lufa-Lufa;75161369;Fernanda Hagrid Vector;Ativo;88 - BPC Idoso;Monte Fênix;ES;HP000005FAM;Atualizado;27/09/2026;9051518644;91486528144;Monte Fênix;ES;08/2021
2;848382275;Bilius Riddle;13/06/2010;Praça Prof. dos Centauros, 896 - Fundos;Recanto do Caldeirão;81814124;Katie Riddle;Cessado;87 - BPC Pessoa com Deficiência;Campo dos Centauros;GO;HP000006FAM;Desatualizado;02/07/2026;5571928565;;Campo dos Centauros;GO;03/2024
3;309972201;Colin Fawcett Greengrass;21/08/1941;Travessa Sr. dos Elfos Domésticos, 298 - Sobrado;Jardim Hogsmeade;96325953;Cho Fawcett Greengrass;Ativo;88 - BPC Idoso;Porto dos Duendes;PE;HP000007FAM;Atualizado;30/09/2024;9380262067;78872874302;Porto dos Duendes;PE;08/2020
4;166386385;Fred Umbridge;09/08/1958;Avenida Sr. dos Trouxas, 33 - Sobrado;Bairro dos Duendes;90331190;Susana Umbridge;Cessado;88 - BPC Idoso;Serra da Coruja;PR;HP000008FAM;Desatualizado;31/03/2026;0250392614;50163159901;Serra da Coruja;PR;09/2026
5;007623266;Argos Zabini;26/04/1954;Avenida Dona das Corujas, 276 - Fundos;Vila das Bruxas;47212646;Marieta Zabini;Ativo;88 - BPC Idoso;Vau das Poções;SC;HP000009FAM;Desatualizado;13/07/2026;2923309584;60422325330;Vau das Poções;SC;02/2020
6;589559588;Fleur Abbott Slughorn;19/01/1973;Avenida Sr. da Sala Precisa, 381 - Casa;Conjunto Grifinória;06436110;Merope Abbott Slughorn;Suspenso;87 - BPC Pessoa com Deficiência;Campo dos Centauros;GO;HP000010FAM;Atualizado;04/06/2026;6848666188;91463031621;Campo dos Centauros;GO;07/2024
7;755704053;Basilio Abbott Slughorn;09/06/2000;Avenida Sr. da Sala Precisa, 381 - Casa;Conjunto Grifinória;06436110;Merope Abbott Slughorn;Ativo;87 - BPC Pessoa com Deficiência;Campo dos Centauros;GO;HP000010FAM;Atualizado;04/06/2026;2380617445;59738320667;Campo dos Centauros;GO;10/2022
8;647564296;Petúnia Abbott Slughorn;10/08/1952;Avenida Sr. da Sala Precisa, 381 - Casa;Conjunto Grifinória;06436110;Merope Abbott Slughorn;Ativo;88 - BPC Idoso;Campo dos Centauros;GO;HP000010FAM;Atualizado;04/06/2026;9035213568;17121003273;Campo dos Centauros;GO;08/2023
9;023886384;Rolando Johnson;06/01/1941;Travessa Mestre do Expresso de Hogwarts, 398 - Fundos;Jardim Lufa-Lufa;20593040;Hermione Jane Johnson;Ativo;88 - BPC Idoso;Hogsmeade;MG;HP000011FAM;Atualizado;13/02/2026;1725135521;10067626715;Hogsmeade;MG;05/2026
10;098849143;Muriel Scrimgeour Flitwick;15/11/1944;Beco Mestre do Salgueiro Lutador, 766 - Casa;Bairro dos Duendes;72138658;Merope Scrimgeour Flitwick;Cessado;88 - BPC Idoso;Serra da Coruja;PR;HP000014FAM;Atualizado;24/11/2026;3356588043;42373334342;Vila Trouxinha;RJ;07/2020
11;334253614;Percy Ignácio Hagrid Scrimgeour;13/08/1949;Alameda das Grifinórias, 974 - Apto 1;Colônia Fenda da Serpente;11192692;Astória Hagrid Scrimgeour;Suspenso;88 - BPC Idoso;Monte Fênix;ES;HP000018FAM;Atualizado;03/03/2025;7005050613;70790320241;Monte Fênix;ES;02/2025
12;976552062;Fernanda Longbottom;28/08/1953;Alameda Mestre dos Duendes, 752 - Sobrado;Bairro dos Duendes;49328980;Gemma Longbottom;Suspenso;88 - BPC Idoso;Baía do Caldeirão;CE;HP000028FAM;Atualizado;23/07/2026;1783099974;18260688806;Baía do Caldeirão;CE;08/2025
13;281275646;Alícia Johnson;13/08/1958;Viela Sr. dos Dementadores Vencidos, 542 - Fundos;Bairro dos Duendes;94849102;Fleur Johnson;Ativo;88 - BPC Idoso;Colina das Bruxas;RS;HP000029FAM;Desatualizado;24/07/2022;1447443096;97545105203;Colina das Bruxas;RS;02/2022
14;582373258;Lílian Evelina Johnson;12/06/1957;Viela Sr. dos Dementadores Vencidos, 542 - Fundos;Bairro dos Duendes;94849102;Fleur Johnson;Ativo;88 - BPC Idoso;Colina das Bruxas;RS;HP000029FAM;Desatualizado;24/07/2022;8802942409;86866943222;Colina das Bruxas;RS;10/2024
15;250854387;Cedrico Fenwick Dumbledore;04/05/2005;Avenida Mestre dos Trouxas, 618;Vila Trouxa;66010023;Lavínia Fenwick Dumbledore;Ativo;87 - BPC Pessoa com Deficiência;Fenda da Serpente;BA;HP000030FAM;Desatualizado;21/05/2022;2820667849;69036289163;Fenda da Serpente;BA;12/2022
16;761218221;Colin Lestrange;06/05/1952;Rua das Vassouras Voadoras, 875;Parque das Varinhas;36715778;Marieta Lestrange;Ativo;88 - BPC Idoso;Baía do Caldeirão;CE;HP000031FAM;Atualizado;20/05/2023;9423767694;72084964988;Baía do Caldeirão;CE;01/2022
17;408314569;Millicent Lestrange;16/12/1948;Rua das Vassouras Voadoras, 875;Parque das Varinhas;36715778;Marieta Lestrange;Ativo;88 - BPC Idoso;Baía do Caldeirão;CE;HP000031FAM;Atualizado;20/05/2023;3311703037;72812356749;Baía do Caldeirão;CE;09/2025
18;289053902;Arthur Septimus Goldstein Prewett;01/08/2001;Rua Prof. da Lufa-Lufa, 402 - Sobrado;Parque das Varinhas;13473235;Astória Goldstein Prewett;Ativo;87 - BPC Pessoa com Deficiência;Vale do Godric;SP;HP000032FAM;Atualizado;27/04/2024;3985298940;41591497583;Vale do Godric;SP;04/2020
19;423927753;Vicente Moody Zabini;09/12/1978;Travessa dos Centauros, 960 - Fundos;Recanto do Caldeirão;00564350;Belatriz Lestrange Moody Zabini;Ativo;87 - BPC Pessoa com Deficiência;Serra da Coruja;PR;HP000033FAM;Desatualizado;29/08/2026;0935118718;59556574957;Baía do Caldeirão;CE;10/2023
20;991674231;Aurora Abbott;15/11/1939;Travessa Dona de Hogsmeade, 944;Conjunto Grifinória;61620281;Carlota Abbott;Suspenso;88 - BPC Idoso;Serra da Coruja;PR;HP000035FAM;Atualizado;12/06/2024;1050922216;05529580693;Serra da Coruja;PR;12/2023
21;969956380;Carlota Krum;04/03/1956;Beco Prof. dos Duendes, 396 - Apto 1;Colônia Fenda da Serpente;24926932;Marieta Krum;Cessado;88 - BPC Idoso;Campo dos Centauros;GO;HP000042FAM;Atualizado;14/06/2025;1651768086;30800370060;Campo dos Centauros;GO;07/2026
22;514602601;Rolando Wood Nott;14/02/1992;Praça Prof. das Grifinórias, 853 - Casa;Núcleo Hogwarts;94570394;Charity Wood Nott;Ativo;87 - BPC Pessoa com Deficiência;Campo dos Centauros;GO;HP000043FAM;Desatualizado;23/10/2024;2054647548;99275175801;Campo dos Centauros;GO;11/2025
23;400903122;Justino Patil;12/02/1958;Beco do Torneio Tribruxo, 139 - Casa;Parque das Varinhas;07223959;Sibila Patil;Cessado;88 - BPC Idoso;Vale do Godric;SP;HP000045FAM;Desatualizado;30/09/2023;2840083850;17768089831;Vale do Godric;SP;02/2026
24;092780388;Andrômeda Hooch;28/02/2017;Travessa Prof. Beco Diagonal, 55;Bairro dos Duendes;57090859;Katie Hooch;Bloqueado;87 - BPC Pessoa com Deficiência;Colina das Bruxas;RS;HP000049FAM;Desatualizado;21/11/2026;6283976205;;Colina das Bruxas;RS;02/2023
25;498355857;Oliver Hooch;15/04/1950;Travessa Prof. Beco Diagonal, 55;Bairro dos Duendes;57090859;Katie Hooch;Ativo;88 - BPC Idoso;Colina das Bruxas;RS;HP000049FAM;Desatualizado;21/11/2026;3561781703;36385277866;Monte Fênix;ES;04/2022
26;126751714;Pedro Slughorn;04/03/1938;Beco Prof. de Hogsmeade, 449;Vila Corvinal;82004806;Angelina Slughorn;Ativo;88 - BPC Idoso;Hogsmeade;MG;HP000053FAM;Desatualizado;29/05/2026;0994248942;05642045607;Hogsmeade;MG;05/2025
27;150956597;Romilda Longbottom;16/11/1953;Avenida dos Elfos Domésticos, 133;Vila Sonserina;21707548;Ariana Longbottom;Ativo;88 - BPC Idoso;Vau das Poções;SC;HP000059FAM;Atualizado;21/09/2026;0956684482;11018780374;Vau das Poções;SC;09/2026
28;128867139;Horácio Bones Tonks;18/03/1970;Alameda Sr. das Bruxas Sábias, 898 - Sobrado;Colônia Fenda da Serpente;22169069;Bathsheda Bones Tonks;Bloqueado;87 - BPC Pessoa com Deficiência;Fenda da Serpente;BA;HP000065FAM;Desatualizado;07/07/2020;2395978155;44654677292;Fenda da Serpente;BA;03/2024
29;223532789;Filch Bones Tonks;15/08/2019;Alameda Sr. das Bruxas Sábias, 898 - Sobrado;Colônia Fenda da Serpente;22169069;Bathsheda Bones Tonks;Ativo;87 - BPC Pessoa com Deficiência;Fenda da Serpente;BA;HP000065FAM;Desatualizado;07/07/2020;3163705004;;Fenda da Serpente;BA;08/2023
30;341992872;Fleur Longbottom Flitwick;19/05/1943;Praça Mestre da Floresta Proibida, 544 - Casa;Jardim Hogsmeade;03917026;Olívia Longbottom Flitwick;Cessado;88 - BPC Idoso;Vale do Godric;SP;HP000068FAM;Atualizado;21/09/2026;2204298622;62356999212;Vale do Godric;SP;10/2024
31;955743278;Merope Pince Weasley;22/08/1960;Avenida Mestre da Lufa-Lufa, 396 - Apto 1;Jardim Hogsmeade;75868240;Narcisa Pince Weasley;Ativo;87 - BPC Pessoa com Deficiência;Vau das Poções;SC;HP000071FAM;Desatualizado;14/10/2026;5487084779;81889073759;Vau das Poções;SC;08/2026
32;643215370;Gemma Pince Weasley;23/07/1990;Avenida Mestre da Lufa-Lufa, 396 - Apto 1;Jardim Hogsmeade;75868240;Narcisa Pince Weasley;Ativo;87 - BPC Pessoa com Deficiência;Vau das Poções;SC;HP000071FAM;Desatualizado;14/10/2026;2982689334;67578968347;Hogsmeade;MG;08/2022
33;219746198;George Bell;17/06/2008;Rua Prof. da Corvinal, 579 - Apto 1;Parque das Varinhas;14134476;Dafne Bell;Bloqueado;87 - BPC Pessoa com Deficiência;Baía do Caldeirão;CE;HP000072FAM;Desatualizado;01/09/2025;3143915114;71096856402;Baía do Caldeirão;CE;09/2021
34;989169352;Popy Bagman;18/04/1957;Viela Prof. dos Dementadores Vencidos, 182 - Apto 1;Vila Corvinal;73561526;Parvati Bagman;Ativo;88 - BPC Idoso;Serra da Coruja;PR;HP000073FAM;Desatualizado;05/03/2026;1713219402;87452719333;Serra da Coruja;PR;09/2023
35;707579994;Fred Bagman;10/10/1942;Viela Prof. dos Dementadores Vencidos, 182 - Apto 1;Vila Corvinal;73561526;Parvati Bagman;Bloqueado;87 - BPC Pessoa com Deficiência;Serra da Coruja;PR;HP000073FAM;Desatualizado;05/03/2026;7913511350;06415780911;Serra da Coruja;PR;06/2026
36;044197645;Wilhelmina Weasley;01/01/1961;Rua Dona das Poções, 660 - Apto 1;Vila Corvinal;19565728;Lílian Evelina Weasley;Ativo;88 - BPC Idoso;Campo dos Centauros;GO;HP000076FAM;Desatualizado;16/06/2025;4759783354;67914638648;Campo dos Centauros;GO;11/2021
37;037104156;Wilhelmina Delacour;13/07/1989;Praça Sr. Beco Diagonal, 488 - Casa;Recanto dos Centauros;95458583;Petúnia Delacour;Ativo;87 - BPC Pessoa com Deficiência;Rio das Sereias;PA;HP000080FAM;Desatualizado;12/03/2025;3670721734;30632365430;Rio das Sereias;PA;04/2025
38;294515008;Cedrico Goyle;11/05/1936;Alameda Prof. Travessa do Tranco, 34 - Fundos;Parque das Varinhas;74733891;Emelina Goyle;Ativo;87 - BPC Pessoa com Deficiência;Hogsmeade;MG;HP000082FAM;Atualizado;13/02/2022;1061669100;26822175672;Hogsmeade;MG;02/2024
39;956530819;Popy Goyle;26/01/2014;Alameda Prof. Travessa do Tranco, 34 - Fundos;Parque das Varinhas;74733891;Emelina Goyle;Ativo;87 - BPC Pessoa com Deficiência;Hogsmeade;MG;HP000082FAM;Atualizado;13/02/2022;2406547476;;Hogsmeade;MG;02/2023
40;555816924;Ernesto Goyle;15/07/1959;Alameda Prof. Travessa do Tranco, 34 - Fundos;Parque das Varinhas;74733891;Emelina Goyle;Suspenso;88 - BPC Idoso;Hogsmeade;MG;HP000082FAM;Atualizado;13/02/2022;9764534965;96300935887;Hogsmeade;MG;04/2025
41;946688430;Merope Flint;24/01/2000;Travessa Prof. dos Dementadores Vencidos, 681 - Apto 1;Recanto dos Centauros;96763536;Alícia Flint;Suspenso;87 - BPC Pessoa com Deficiência;Vila Trouxinha;RJ;HP000084FAM;Desatualizado;15/05/2026;3762950767;86804186927;Vila Trouxinha;RJ;06/2023
42;286617369;Padma Brown;22/02/1976;Beco Dona do Caldeirão Furado, 5 - Sobrado;Conjunto Grifinória;57351745;Emelina Brown;Bloqueado;87 - BPC Pessoa com Deficiência;Hogsmeade;MG;HP000085FAM;Atualizado;05/11/2026;9622068243;60606943061;Hogsmeade;MG;03/2025
43;931344868;Arthur Septimus Brown;11/12/1960;Beco Dona do Caldeirão Furado, 5 - Sobrado;Conjunto Grifinória;57351745;Emelina Brown;Ativo;88 - BPC Idoso;Hogsmeade;MG;HP000085FAM;Atualizado;05/11/2026;9287987287;17964416000;Hogsmeade;MG;07/2026
44;748141050;Sirius Orion Brown;13/03/1996;Beco Dona do Caldeirão Furado, 5 - Sobrado;Conjunto Grifinória;57351745;Emelina Brown;Suspenso;87 - BPC Pessoa com Deficiência;Hogsmeade;MG;HP000085FAM;Atualizado;05/11/2026;1970150196;20182852389;Hogsmeade;MG;06/2022
45;060614894;Molly Prewett Hagrid;09/02/1983;Rua Dona dos Alfeineiros, 410 - Apto 1;Recanto dos Centauros;62690222;Alícia Hagrid;Ativo;87 - BPC Pessoa com Deficiência;Vila Trouxinha;RJ;HP000091FAM;Desatualizado;03/10/2026;2926769889;74134019243;Vila Trouxinha;RJ;01/2022
46;187157738;Firenze Boot;02/10/1990;Praça Prof. dos Elfos Domésticos, 504 - Apto 1;Vila Trouxa;28780661;Lílian Evelina Boot;Suspenso;87 - BPC Pessoa com Deficiência;Campo dos Centauros;GO;HP000092FAM;Desatualizado;20/03/2025;1232546018;33996276882;Campo dos Centauros;GO;10/2024
47;624787438;Narcisa Boot;02/08/1961;Praça Prof. dos Elfos Domésticos, 504 - Apto 1;Vila Trouxa;28780661;Lílian Evelina Boot;Ativo;88 - BPC Idoso;Campo dos Centauros;GO;HP000092FAM;Desatualizado;20/03/2025;0389191874;95607148723;Vale do Godric;SP;03/2024
48;339595041;Rúbeo Patil;22/06/1940;Beco Prof. da Pedra Filosofal, 900 - Apto 1;Parque das Varinhas;32380043;Verônica Patil;Ativo;88 - BPC Idoso;Vila Trouxinha;RJ;HP000093FAM;Atualizado;14/01/2025;9622723869;50957093412;Vila Trouxinha;RJ;01/2021
49;400463907;Rita Goyle;19/01/2017;Travessa Sr. do Expresso de Hogwarts, 456 - Fundos;Recanto dos Centauros;34509685;Dafne Goyle;Ativo;87 - BPC Pessoa com Deficiência;Vau das Poções;SC;HP000095FAM;Desatualizado;11/11/2025;0371775885;;Serra da Coruja;PR;06/2026
50;444360281;Merope Scrimgeour Umbridge;12/02/1951;Beco Prof. Travessa do Tranco, 911 - Casa;Vila Weasley;14140878;Bathsheda Scrimgeour Umbridge;Suspenso;88 - BPC Idoso;Serra da Coruja;PR;HP000097FAM;Desatualizado;21/05/2022;3827490331;73148368767;Serra da Coruja;PR;08/2024
51;793128840;Horácio Black Hagrid;16/12/1945;Travessa Mestre dos Centauros, 506 - Casa;Bairro dos Duendes;93010559;Ninfadora Black Hagrid;Ativo;88 - BPC Idoso;Monte Fênix;ES;HP000101FAM;Desatualizado;01/10/2025;4345353811;80369575663;Monte Fênix;ES;08/2025
52;092418960;Pansy Diggle Dearborn;09/11/2006;Beco Prof. do Torneio Tribruxo, 548 - Apto 1;Vila Trouxa;62306594;Molly Prewett Diggle Dearborn;Suspenso;87 - BPC Pessoa com Deficiência;Vale do Godric;SP;HP000103FAM;Atualizado;31/10/2022;5535440789;00720409478;Vale do Godric;SP;01/2024
53;109455038;Estêvão Burbage Sinistra;26/06/1941;Avenida Mestre das Varinhas, 767 - Fundos;Recanto dos Centauros;38425611;Katie Burbage Sinistra;Suspenso;88 - BPC Idoso;Vale do Godric;SP;HP000104FAM;Desatualizado;27/05/2022;8546091210;01609932453;Vale do Godric;SP;12/2023
54;078997257;Molly Prewett Prewett;09/03/1957;Avenida Prof. da Sala Precisa, 971 - Apto 1;Vila Weasley;45677154;Dolores Jane Prewett;Ativo;88 - BPC Idoso;Porto dos Duendes;PE;HP000106FAM;Desatualizado;04/06/2020;2936842685;27190952067;Porto dos Duendes;PE;05/2022
55;906799073;Ariana Lovegood;12/07/1958;Alameda Sr. de Hogsmeade, 500 - Fundos;Jardim Hogsmeade;50933280;Millicent Lovegood;Ativo;88 - BPC Idoso;Porto dos Duendes;PE;HP000107FAM;Desatualizado;17/12/2023;0344633246;51757351872;Porto dos Duendes;PE;01/2022
56;080348212;Fábio Ademar Lovegood;14/08/1973;Alameda Sr. de Hogsmeade, 500 - Fundos;Jardim Hogsmeade;50933280;Millicent Lovegood;Cessado;87 - BPC Pessoa com Deficiência;Porto dos Duendes;PE;HP000107FAM;Desatualizado;17/12/2023;7793980122;23915231308;Porto dos Duendes;PE;10/2024
57;869613114;Petúnia Finch-Fletchley;26/08/1944;Viela Dona dos Alfeineiros, 929 - Sobrado;Vila Sonserina;07512101;Cho Finch-Fletchley;Ativo;88 - BPC Idoso;Hogsmeade;MG;HP000110FAM;Desatualizado;30/04/2026;6455459034;26939553356;Hogsmeade;MG;03/2026
58;278360994;Molly Prewett Longbottom Greengrass;28/07/1975;Travessa Dona dos Dementadores Vencidos, 736;Recanto dos Centauros;58868102;Katie Longbottom Greengrass;Cessado;87 - BPC Pessoa com Deficiência;Colina das Bruxas;RS;HP000113FAM;Desatualizado;11/09/2026;8951340399;18363293936;Colina das Bruxas;RS;08/2025
59;405414404;Popy Longbottom Greengrass;03/08/1954;Travessa Dona dos Dementadores Vencidos, 736;Recanto dos Centauros;58868102;Katie Longbottom Greengrass;Suspenso;88 - BPC Idoso;Colina das Bruxas;RS;HP000113FAM;Desatualizado;11/09/2026;8697476237;19319229424;Colina das Bruxas;RS;05/2021
60;380235516;Rufus Lestrange;02/01/1954;Rua Mestre dos Dementadores Vencidos, 699 - Apto 1;Recanto dos Centauros;28532025;Aurora Lestrange;Suspenso;88 - BPC Idoso;Hogsmeade;MG;HP000118FAM;Desatualizado;08/10/2026;5164078704;52729598683;Hogsmeade;MG;10/2023
61;750165425;Tiago Carlus Moody Snape;02/02/1956;Rua Prof. dos Trouxas, 793 - Sobrado;Jardim Lufa-Lufa;16042614;Hermione Jane Moody Snape;Cessado;88 - BPC Idoso;Rio das Sereias;PA;HP000121FAM;Desatualizado;11/10/2026;9706298109;36816821433;Rio das Sereias;PA;03/2025
62;741583571;Filch Greengrass Dearborn;20/10/1957;Viela Dona dos Elfos Domésticos, 276;Vila Sonserina;95290550;Rita Greengrass Dearborn;Suspenso;88 - BPC Idoso;Porto dos Duendes;PE;HP000123FAM;Desatualizado;12/05/2025;4456578174;74092016731;Porto dos Duendes;PE;12/2023
63;176873065;Dolores Jane Filch;03/02/1993;Alameda Mestre dos Sonhadores, 341 - Sobrado;Bairro dos Duendes;74662199;Luna Filch;Bloqueado;87 - BPC Pessoa com Deficiência;Hogsmeade;MG;HP000128FAM;Atualizado;17/07/2023;3887559875;30164303208;Hogsmeade;MG;01/2022
64;758845446;George Filch;17/10/1942;Alameda Mestre dos Sonhadores, 341 - Sobrado;Bairro dos Duendes;74662199;Luna Filch;Ativo;88 - BPC Idoso;Hogsmeade;MG;HP000128FAM;Atualizado;17/07/2023;3798775239;19838579202;Hogsmeade;MG;01/2025
65;690492758;Bilius Fenwick Moody;11/06/1958;Rua do Torneio Tribruxo, 468;Vila Corvinal;19743575;Petúnia Fenwick Moody;Ativo;88 - BPC Idoso;Hogsmeade;MG;HP000140FAM;Atualizado;01/02/2026;2419977118;90985927165;Hogsmeade;MG;01/2021
66;096422768;Minerva Abbott Flint;08/11/1979;Viela Mestre da Corvinal, 531 - Casa;Recanto do Caldeirão;73183594;Marieta Abbott Flint;Suspenso;87 - BPC Pessoa com Deficiência;Vau das Poções;SC;HP000141FAM;Atualizado;11/09/2025;5329561762;77953614048;Vau das Poções;SC;05/2025
67;222324927;Miguel Umbridge;20/11/1944;Alameda de Hogsmeade, 966 - Casa;Núcleo Hogwarts;11874900;Parvati Umbridge;Ativo;88 - BPC Idoso;Hogsmeade;MG;HP000142FAM;Atualizado;27/09/2022;0512927243;81070824002;Hogsmeade;MG;02/2022
68;897379958;Cornélio Wood Goyle;04/03/1940;Avenida Dona da Lufa-Lufa, 581 - Apto 1;Setor Mágico;02029172;Merope Wood Goyle;Ativo;88 - BPC Idoso;Fenda da Serpente;BA;HP000146FAM;Atualizado;25/12/2025;0555251774;42822022033;Fenda da Serpente;BA;02/2020
69;874225576;Rita Bulstrode Pomfrey;18/04/1983;Beco Mestre das Corujas, 60 - Sobrado;Núcleo Hogwarts;23215175;Luna Bulstrode Pomfrey;Suspenso;87 - BPC Pessoa com Deficiência;Baía do Caldeirão;CE;HP000147FAM;Desatualizado;04/09/2020;6176572245;34083378376;Baía do Caldeirão;CE;08/2022
70;494488687;Olívia Bulstrode Pomfrey;15/10/1989;Beco Mestre das Corujas, 60 - Sobrado;Núcleo Hogwarts;23215175;Luna Bulstrode Pomfrey;Ativo;87 - BPC Pessoa com Deficiência;Baía do Caldeirão;CE;HP000147FAM;Desatualizado;04/09/2020;9514370434;74422212463;Serra da Coruja;PR;01/2025
71;335466308;Susana Fawcett Weasley;28/03/1955;Avenida Dona das Corujas, 178 - Apto 1;Jardim Hogsmeade;45718691;Lavínia Fawcett Weasley;Cessado;88 - BPC Idoso;Fenda da Serpente;BA;HP000148FAM;Atualizado;30/10/2021;7025795356;63996240299;Fenda da Serpente;BA;07/2023
72;243370335;Fábio Ademar Moody Umbridge;02/10/1959;Avenida Sr. do Expresso de Hogwarts, 28;Setor Mágico;01544484;Alícia Moody Umbridge;Ativo;88 - BPC Idoso;Porto dos Duendes;PE;HP000149FAM;Desatualizado;15/09/2026;5376378256;55770518606;Porto dos Duendes;PE;09/2021
73;387452114;Antônio Black;05/01/1960;Beco Mestre das Grifinórias, 993 - Sobrado;Setor Mágico;32189451;Angelina Black;Ativo;88 - BPC Idoso;Vila Trouxinha;RJ;HP000151FAM;Atualizado;03/02/2021;4825229254;14559036555;Vila Trouxinha;RJ;07/2024
74;962861608;Fábio Ademar Fenwick Delacour;11/01/1959;Rua Sr. das Grifinórias, 16 - Apto 1;Núcleo Hogwarts;74740739;Marieta Fenwick Delacour;Ativo;88 - BPC Idoso;Vila Trouxinha;RJ;HP000156FAM;Desatualizado;31/12/2026;6549305397;42606009825;Vila Trouxinha;RJ;03/2020
75;848634971;Pansy Snape;26/03/1994;Avenida Prof. dos Elfos Domésticos, 859 - Apto 1;Núcleo Hogwarts;24143044;Dolores Jane Snape;Ativo;87 - BPC Pessoa com Deficiência;Campo dos Centauros;GO;HP000159FAM;Desatualizado;06/04/2026;8390537013;89323775612;Vale do Godric;SP;11/2023
76;561401348;Fleur Vance;12/08/1957;Praça Sr. das Chaves de Voo, 38;Vila Sonserina;55226412;Cho Vance;Suspenso;88 - BPC Idoso;Rio das Sereias;PA;HP000160FAM;Atualizado;28/09/2021;0734784326;33854376794;Rio das Sereias;PA;01/2021
77;712411232;Aurora Potter;26/06/1937;Beco Prof. dos Elfos Domésticos, 928 - Fundos;Conjunto Grifinória;35628724;Sibila Potter;Ativo;88 - BPC Idoso;Hogsmeade;MG;HP000163FAM;Desatualizado;09/12/2023;7007191035;05155886604;Hogsmeade;MG;11/2022
78;131033698;Colin Pince;17/08/1951;Travessa Prof. da Floresta Proibida, 190 - Fundos;Setor São Mungo;95901213;Sibila Pince;Ativo;88 - BPC Idoso;Vau das Poções;SC;HP000166FAM;Desatualizado;14/04/2020;4941479044;82382000242;Vau das Poções;SC;06/2022
79;679918489;Verônica Diggle Granger;01/06/1961;Rua Sr. dos Elfos Domésticos, 45 - Sobrado;Bairro dos Duendes;49818869;Fernanda Diggle Granger;Ativo;88 - BPC Idoso;Porto dos Duendes;PE;HP000171FAM;Desatualizado;24/08/2023;3125470997;47186294380;Hogsmeade;MG;08/2024
80;909423623;Rolando Jordan Boot;10/12/1957;Avenida Mestre das Varinhas, 129 - Sobrado;Colônia Fenda da Serpente;03861574;Hermione Jane Jordan Boot;Ativo;88 - BPC Idoso;Vau das Poções;SC;HP000173FAM;Atualizado;07/11/2025;2369649382;33673614024;Vau das Poções;SC;05/2020
81;317044273;Dafne Flint Johnson;11/01/1949;Rua da Lufa-Lufa, 561;Jardim Lufa-Lufa;81585350;Parvati Flint Johnson;Ativo;88 - BPC Idoso;Vau das Poções;SC;HP000174FAM;Desatualizado;11/08/2024;5508238288;07327146306;Vau das Poções;SC;03/2023
82;582983509;Rony Bilius Zabini Black;26/04/1940;Viela Dona de Hogsmeade, 652 - Fundos;Recanto do Caldeirão;90994471;Aurora Zabini Black;Cessado;88 - BPC Idoso;Vale do Godric;SP;HP000175FAM;Atualizado;04/03/2024;6323102655;35216083449;Vale do Godric;SP;06/2021
83;278073694;Harry Tiago Zabini Black;05/11/1957;Viela Dona de Hogsmeade, 652 - Fundos;Recanto do Caldeirão;90994471;Aurora Zabini Black;Ativo;88 - BPC Idoso;Vale do Godric;SP;HP000175FAM;Atualizado;04/03/2024;9886182561;24466165189;Monte Fênix;ES;01/2023
84;985205945;Lúcio Abraxas Pince Patil;12/07/1940;Viela Sr. dos Centauros, 719 - Sobrado;Conjunto Grifinória;68073100;Lílian Evelina Pince Patil;Ativo;88 - BPC Idoso;Campo dos Centauros;GO;HP000176FAM;Desatualizado;17/11/2024;4878193421;51415617394;Campo dos Centauros;GO;11/2025
85;130571717;Molly Prewett Finch-Fletchley Creevey;15/04/1944;Viela Sr. de Hogsmeade, 68 - Fundos;Jardim Hogsmeade;41506898;Angelina Finch-Fletchley Creevey;Bloqueado;88 - BPC Idoso;Campo dos Centauros;GO;HP000184FAM;Desatualizado;18/05/2025;5327272066;75374508894;Campo dos Centauros;GO;05/2023
86;365948525;Bathsheda Finch-Fletchley Creevey;15/09/1970;Viela Sr. de Hogsmeade, 68 - Fundos;Jardim Hogsmeade;41506898;Angelina Finch-Fletchley Creevey;Ativo;87 - BPC Pessoa com Deficiência;Campo dos Centauros;GO;HP000184FAM;Desatualizado;18/05/2025;4244310299;25427098315;Porto dos Duendes;PE;06/2023
87;204926354;Fábio Ademar Black;15/04/2019;Rua Dona dos Alfeineiros, 412 - Fundos;Vila das Bruxas;82165514;Lílian Evelina Black;Ativo;87 - BPC Pessoa com Deficiência;Colina das Bruxas;RS;HP000188FAM;Desatualizado;21/09/2021;7421206605;;Colina das Bruxas;RS;06/2023
88;284573959;Arthur Septimus Sinistra;09/11/1952;Praça Prof. dos Sonhadores, 810 - Casa;Recanto dos Centauros;87300603;Pansy Sinistra;Ativo;88 - BPC Idoso;Baía do Caldeirão;CE;HP000189FAM;Atualizado;18/03/2023;3639159658;54536793280;Baía do Caldeirão;CE;11/2021
89;007924969;Estêvão Cornelius Delacour Meadowes;10/11/2014;Beco Mestre dos Alfeineiros, 588 - Casa;Recanto dos Centauros;98567600;Ariana Delacour Meadowes;Suspenso;87 - BPC Pessoa com Deficiência;Monte Fênix;ES;HP000194FAM;Desatualizado;12/02/2026;1944489020;;Monte Fênix;ES;07/2020
90;478275816;Astória Lestrange Tonks;15/10/1961;Rua Sr. das Corujas, 553 - Casa;Núcleo Hogwarts;59127536;Cho Lestrange Tonks;Ativo;88 - BPC Idoso;Baía do Caldeirão;CE;HP000197FAM;Desatualizado;09/06/2026;4190241617;33019251890;Baía do Caldeirão;CE;09/2023
91;865900633;Harry Tiago Fenwick;25/12/1950;Alameda Sr. das Bruxas Sábias, 225;Vila Sonserina;98181924;Padma Fenwick;Bloqueado;88 - BPC Idoso;Hogsmeade;MG;HP000200FAM;Atualizado;02/08/2026;6911866411;65978269069;Hogsmeade;MG;11/2026
92;127209501;Katie Fenwick;03/03/1940;Alameda Sr. das Bruxas Sábias, 225;Vila Sonserina;98181924;Padma Fenwick;Ativo;88 - BPC Idoso;Hogsmeade;MG;HP000200FAM;Atualizado;02/08/2026;1060978497;10094531905;Hogsmeade;MG;06/2020
93;283295007;Molly Prewett Granger Dearborn;01/12/1984;Travessa Mestre das Varinhas, 758;Recanto dos Centauros;99493449;Charity Granger Dearborn;Cessado;87 - BPC Pessoa com Deficiência;Vau das Poções;SC;HP000202FAM;Atualizado;24/09/2026;2570602982;59650002195;Vau das Poções;SC;01/2026
94;049414058;Narcisa Lupin;15/12/1959;Viela do Caldeirão Furado, 77;Vila Corvinal;09991299;Luna Lupin;Ativo;88 - BPC Idoso;Campo dos Centauros;GO;HP000203FAM;Desatualizado;31/12/2024;4891255291;01586684993;Campo dos Centauros;GO;10/2023
95;921509121;Gregory Goldstein;10/08/1985;Rua de Hogsmeade, 8 - Sobrado;Conjunto Grifinória;29967224;Fleur Goldstein;Ativo;87 - BPC Pessoa com Deficiência;Serra da Coruja;PR;HP000206FAM;Desatualizado;27/10/2024;7832845381;98936870120;Serra da Coruja;PR;02/2024
96;227613877;Argos Tonks;25/09/1958;Alameda Prof. das Corujas, 857 - Fundos;Jardim Lufa-Lufa;15723974;Susana Tonks;Ativo;88 - BPC Idoso;Campo dos Centauros;GO;HP000213FAM;Desatualizado;03/02/2026;8272942898;25957485995;Campo dos Centauros;GO;10/2023
97;123489155;Petúnia Crabbe Zabini;04/06/2004;Rua Mestre dos Centauros, 469;Parque das Varinhas;39274991;Bathsheda Crabbe Zabini;Ativo;87 - BPC Pessoa com Deficiência;Colina das Bruxas;RS;HP000216FAM;Desatualizado;25/10/2025;1703761352;54272447517;Colina das Bruxas;RS;02/2024
98;370158487;Amos Bones;24/06/1942;Praça das Varinhas, 178 - Casa;Núcleo Hogwarts;34177921;Millicent Bones;Ativo;88 - BPC Idoso;Rio das Sereias;PA;HP000218FAM;Desatualizado;25/02/2026;4324457434;29382106209;Rio das Sereias;PA;03/2026
99;258258979;Rolando Creevey;23/09/1960;Praça Mestre dos Sonhadores, 203 - Sobrado;Recanto dos Centauros;19865851;Andrômeda Creevey;Ativo;88 - BPC Idoso;Hogsmeade;MG;HP000219FAM;Desatualizado;06/09/2026;4445169613;15027439302;Hogsmeade;MG;02/2023
100;984754235;Astória Potter;12/07/1988;Beco Dona das Bruxas Sábias, 930 - Apto 1;Setor São Mungo;01770690;Katie Potter;Ativo;87 - BPC Pessoa com Deficiência;Fenda da Serpente;BA;HP000222FAM;Desatualizado;18/05/2026;5962742334;52696857524;Fenda da Serpente;BA;02/2022
101;133656402;Estúrgio Potter;01/05/1987;Beco Dona das Bruxas Sábias, 930 - Apto 1;Setor São Mungo;01770690;Katie Potter;Ativo;87 - BPC Pessoa com Deficiência;Fenda da Serpente;BA;HP000222FAM;Desatualizado;18/05/2026;1411958736;05723953298;Fenda da Serpente;BA;03/2023
102;870918011;Argos Potter;16/03/1945;Beco Dona das Bruxas Sábias, 930 - Apto 1;Setor São Mungo;01770690;Katie Potter;Suspenso;88 - BPC Idoso;Fenda da Serpente;BA;HP000222FAM;Desatualizado;18/05/2026;2365564414;03092283443;Fenda da Serpente;BA;03/2020
103;612357385;Gina Molly Scrimgeour;21/05/1961;Rua do Salgueiro Lutador, 72;Vila Sonserina;81653598;Alícia Scrimgeour;Ativo;88 - BPC Idoso;Porto dos Duendes;PE;HP000224FAM;Desatualizado;30/08/2026;4162325287;60392191658;Baía do Caldeirão;CE;08/2024
104;635399631;Emelina Trelawney;04/01/1961;Beco Mestre do Expresso de Hogwarts, 860 - Casa;Vila Trouxa;82536552;Pomona Trelawney;Suspenso;88 - BPC Idoso;Vau das Poções;SC;HP000226FAM;Desatualizado;13/07/2026;0102639001;03906077119;Vau das Poções;SC;11/2024
105;067439431;Olívia Brown;01/07/1943;Beco das Chaves de Voo, 736 - Fundos;Bairro dos Duendes;13006340;Verônica Brown;Ativo;88 - BPC Idoso;Monte Fênix;ES;HP000228FAM;Desatualizado;16/11/2025;4707495224;16007694116;Monte Fênix;ES;12/2022
106;493291622;Olívia Hagrid;26/04/1945;Beco Mestre do Quatro Privet Drive, 356 - Fundos;Vila Trouxa;23112625;Cho Hagrid;Ativo;88 - BPC Idoso;Vila Trouxinha;RJ;HP000231FAM;Desatualizado;19/01/2026;0361843968;71783003028;Vila Trouxinha;RJ;06/2024
107;270622481;Olívia Boot;26/10/2002;Praça Dona da Sonserina, 194 - Casa;Conjunto Grifinória;62885701;Bathsheda Boot;Ativo;87 - BPC Pessoa com Deficiência;Vau das Poções;SC;HP000232FAM;Atualizado;30/10/2026;5693963229;99712363038;Vau das Poções;SC;08/2020
108;561135578;Teodoro Patil Lovegood;16/06/2018;Avenida Dona das Corujas, 324 - Casa;Núcleo Hogwarts;74012684;Gina Molly Patil Lovegood;Ativo;87 - BPC Pessoa com Deficiência;Fenda da Serpente;BA;HP000233FAM;Atualizado;23/12/2026;1813428815;;Fenda da Serpente;BA;04/2025
109;723700666;Nevile Franklin Patil Lovegood;12/04/1978;Avenida Dona das Corujas, 324 - Casa;Núcleo Hogwarts;74012684;Gina Molly Patil Lovegood;Cessado;87 - BPC Pessoa com Deficiência;Fenda da Serpente;BA;HP000233FAM;Atualizado;23/12/2026;5174319262;54258660111;Fenda da Serpente;BA;12/2022
110;612983871;Angelina Wood;06/11/1959;Alameda Mestre das Vassouras Voadoras, 8 - Casa;Vila Trouxa;90291542;Ninfadora Wood;Ativo;88 - BPC Idoso;Fenda da Serpente;BA;HP000234FAM;Desatualizado;05/11/2026;9062944205;53348080197;Fenda da Serpente;BA;04/2024
111;261786067;Grope Scrimgeour Carmichael;14/06/2021;Praça Dona Travessa do Tranco, 254 - Apto 1;Parque das Varinhas;59070097;Petúnia Scrimgeour Carmichael;Ativo;87 - BPC Pessoa com Deficiência;Vila Trouxinha;RJ;HP000235FAM;Desatualizado;10/06/2024;2295703493;;Vila Trouxinha;RJ;08/2021
112;055402484;Fleur Nott Diggory;14/04/1992;Avenida da Lufa-Lufa, 333 - Fundos;Conjunto Grifinória;09922934;Pansy Nott Diggory;Cessado;87 - BPC Pessoa com Deficiência;Porto dos Duendes;PE;HP000237FAM;Desatualizado;10/02/2024;7025891271;28941686328;Porto dos Duendes;PE;10/2023
113;423760261;Teodoro Weasley;18/05/1971;Avenida do Torneio Tribruxo, 681 - Apto 1;Setor Mágico;38074385;Pansy Weasley;Bloqueado;87 - BPC Pessoa com Deficiência;Fenda da Serpente;BA;HP000239FAM;Desatualizado;11/09/2023;6227928172;44376282508;Vau das Poções;SC;04/2024
114;875908308;Katie Moody;01/11/1941;Alameda Prof. dos Alfeineiros, 928 - Casa;Conjunto Grifinória;43205892;Verônica Moody;Ativo;88 - BPC Idoso;Colina das Bruxas;RS;HP000241FAM;Desatualizado;17/03/2024;7887287826;62539671857;Colina das Bruxas;RS;11/2024
115;137830427;Rúbeo Vector;23/10/1942;Beco Fenícia, 462 - Casa;Vila Trouxa;80793446;Hannah Vector;Cessado;88 - BPC Idoso;Porto dos Duendes;PE;HP000242FAM;Desatualizado;01/06/2023;3132562127;72916169305;Porto dos Duendes;PE;12/2025
116;405451796;Verônica Weasley;19/07/1959;Praça da Corvinal, 900 - Apto 1;Vila Trouxa;15581673;Padma Weasley;Ativo;88 - BPC Idoso;Campo dos Centauros;GO;HP000243FAM;Desatualizado;06/11/2026;3926669598;12549707542;Campo dos Centauros;GO;11/2026
117;339465928;Pansy Black;01/08/1990;Alameda Dona de Hogsmeade, 355;Vila das Bruxas;08966417;Astória Black;Ativo;87 - BPC Pessoa com Deficiência;Colina das Bruxas;RS;HP000245FAM;Atualizado;31/12/2026;9126671738;51332690139;Colina das Bruxas;RS;03/2021
118;061068460;Marcus Black;16/05/1946;Alameda Dona de Hogsmeade, 355;Vila das Bruxas;08966417;Astória Black;Ativo;88 - BPC Idoso;Colina das Bruxas;RS;HP000245FAM;Atualizado;31/12/2026;7183449985;60592338994;Colina das Bruxas;RS;10/2022
119;192446356;Susana Johnson;05/03/1960;Viela Mestre da Pedra Filosofal, 153 - Apto 1;Colônia Fenda da Serpente;93104988;Gemma Johnson;Ativo;87 - BPC Pessoa com Deficiência;Baía do Caldeirão;CE;HP000246FAM;Desatualizado;08/08/2026;7232484444;54800572510;Baía do Caldeirão;CE;06/2022
120;845081552;Tiago Carlus Johnson;19/02/1952;Viela Mestre da Pedra Filosofal, 153 - Apto 1;Colônia Fenda da Serpente;93104988;Gemma Johnson;Ativo;88 - BPC Idoso;Baía do Caldeirão;CE;HP000246FAM;Desatualizado;08/08/2026;4181291686;48786777167;Baía do Caldeirão;CE;05/2026
121;721781472;Rita Vector Bell;07/04/1955;Beco Prof. da Sonserina, 456;Núcleo Hogwarts;63441513;Bathsheda Vector Bell;Ativo;88 - BPC Idoso;Fenda da Serpente;BA;HP000249FAM;Atualizado;09/07/2025;6290709501;57013632443;Hogsmeade;MG;03/2024
122;579265839;Draco Lúcio Vector Bell;02/08/1943;Beco Prof. da Sonserina, 456;Núcleo Hogwarts;63441513;Bathsheda Vector Bell;Ativo;88 - BPC Idoso;Fenda da Serpente;BA;HP000249FAM;Atualizado;09/07/2025;9885849165;05257349964;Fenda da Serpente;BA;02/2022
123;009481957;Molly Prewett Spinnet;07/05/1944;Beco Dona dos Alfeineiros, 545 - Sobrado;Recanto do Caldeirão;35944634;Charity Spinnet;Ativo;88 - BPC Idoso;Colina das Bruxas;RS;HP000250FAM;Atualizado;08/02/2022;4774920503;67710866900;Colina das Bruxas;RS;10/2025
124;793568108;Dédalo Spinnet;17/02/1955;Beco Dona dos Alfeineiros, 545 - Sobrado;Recanto do Caldeirão;35944634;Charity Spinnet;Ativo;88 - BPC Idoso;Colina das Bruxas;RS;HP000250FAM;Atualizado;08/02/2022;3552784512;87789415636;Colina das Bruxas;RS;04/2021
125;078458599;Rita Goldstein;04/09/2021;Beco Dona da Floresta Proibida, 277 - Sobrado;Setor Mágico;98716855;Astória Goldstein;Suspenso;87 - BPC Pessoa com Deficiência;Campo dos Centauros;GO;HP000251FAM;Atualizado;06/07/2026;4909873133;;Campo dos Centauros;GO;08/2021
126;115909270;Ninfadora Moody Chang;16/12/2005;Alameda das Bruxas Sábias, 18;Conjunto Grifinória;29002107;Sibila Moody Chang;Bloqueado;87 - BPC Pessoa com Deficiência;Campo dos Centauros;GO;HP000252FAM;Atualizado;14/10/2026;6764249547;32588076125;Campo dos Centauros;GO;02/2021
127;535581518;Andrômeda Tonks Potter;10/05/1978;Viela Mestre das Varinhas, 765;Núcleo Hogwarts;67497489;Minerva Tonks Potter;Suspenso;87 - BPC Pessoa com Deficiência;Hogsmeade;MG;HP000253FAM;Desatualizado;02/11/2023;4555456232;57161702931;Hogsmeade;MG;02/2023
128;287349440;Rúbeo Tonks Potter;23/08/1960;Viela Mestre das Varinhas, 765;Núcleo Hogwarts;67497489;Minerva Tonks Potter;Ativo;88 - BPC Idoso;Hogsmeade;MG;HP000253FAM;Desatualizado;02/11/2023;2594373591;76627387285;Hogsmeade;MG;01/2026
129;984223892;Alícia Burbage;02/06/1960;Beco Dona dos Dementadores Vencidos, 497 - Apto 1;Vila Corvinal;60158043;Padma Burbage;Bloqueado;88 - BPC Idoso;Vau das Poções;SC;HP000260FAM;Desatualizado;09/12/2026;9059730777;41003169926;Vau das Poções;SC;11/2025
130;331828485;Seamus Wood Hagrid;20/05/1994;Rua do Quatro Privet Drive, 692 - Sobrado;Conjunto Grifinória;76260183;Marieta Wood Hagrid;Ativo;87 - BPC Pessoa com Deficiência;Vau das Poções;SC;HP000262FAM;Desatualizado;07/08/2025;3708905377;45406497797;Vau das Poções;SC;10/2025
131;725799005;Luna Umbridge Meadowes;10/09/1946;Alameda Mestre do Quatro Privet Drive, 797 - Apto 1;Núcleo Hogwarts;09252280;Olívia Umbridge Meadowes;Ativo;88 - BPC Idoso;Rio das Sereias;PA;HP000263FAM;Atualizado;22/01/2026;7326080828;48620263621;Rio das Sereias;PA;04/2020
132;141274142;Belatriz Lestrange Sprout Chang;13/11/2008;Rua Prof. de Hogsmeade, 8 - Sobrado;Colônia Fenda da Serpente;11025296;Astória Sprout Chang;Ativo;87 - BPC Pessoa com Deficiência;Campo dos Centauros;GO;HP000265FAM;Desatualizado;11/11/2026;6264085955;96052671600;Campo dos Centauros;GO;02/2020
133;802401804;Carlinhos Sprout Chang;22/03/1942;Rua Prof. de Hogsmeade, 8 - Sobrado;Colônia Fenda da Serpente;11025296;Astória Sprout Chang;Bloqueado;88 - BPC Idoso;Campo dos Centauros;GO;HP000265FAM;Desatualizado;11/11/2026;9960675247;87132287570;Campo dos Centauros;GO;10/2023
134;546915668;Sibila Shacklebolt;10/04/1942;Rua Mestre do Salgueiro Lutador, 17 - Casa;Setor Mágico;44642859;Hermione Jane Shacklebolt;Bloqueado;88 - BPC Idoso;Colina das Bruxas;RS;HP000267FAM;Atualizado;21/06/2024;6526749988;76606259345;Colina das Bruxas;RS;07/2024
135;473797667;Muriel Hooch;28/10/1994;Viela Mestre do Quatro Privet Drive, 45 - Sobrado;Vila das Bruxas;21402499;Dolores Jane Hooch;Ativo;87 - BPC Pessoa com Deficiência;Monte Fênix;ES;HP000269FAM;Desatualizado;26/04/2023;3587514600;44991954039;Monte Fênix;ES;04/2024
136;737276657;Petúnia Fudge;05/02/1998;Praça Sr. das Varinhas, 854 - Fundos;Parque das Varinhas;45264650;Gina Molly Fudge;Ativo;87 - BPC Pessoa com Deficiência;Colina das Bruxas;RS;HP000270FAM;Desatualizado;22/07/2025;8446524882;52956910392;Hogsmeade;MG;06/2020
137;892909604;Arthur Septimus Fudge;22/03/1976;Praça Sr. das Varinhas, 854 - Fundos;Parque das Varinhas;45264650;Gina Molly Fudge;Ativo;87 - BPC Pessoa com Deficiência;Colina das Bruxas;RS;HP000270FAM;Desatualizado;22/07/2025;8100982533;23659567938;Colina das Bruxas;RS;09/2023
138;578563425;Estêvão Crouch;01/07/1987;Praça Sr. das Corujas, 305 - Casa;Colônia Fenda da Serpente;30666604;Bathsheda Crouch;Cessado;87 - BPC Pessoa com Deficiência;Monte Fênix;ES;HP000274FAM;Atualizado;23/01/2026;3860400819;65564245875;Monte Fênix;ES;11/2023
139;836172357;Estúrgio Sprout Pince;16/07/1958;Praça do Expresso de Hogwarts, 694;Vila Trouxa;65953479;Molly Prewett Sprout Pince;Bloqueado;88 - BPC Idoso;Vau das Poções;SC;HP000276FAM;Atualizado;30/08/2023;5221976645;00246295616;Vau das Poções;SC;10/2024
140;967886543;Dafne Krum;03/10/1942;Praça Prof. das Corujas, 798 - Apto 1;Setor Mágico;72765114;Romilda Krum;Bloqueado;88 - BPC Idoso;Vila Trouxinha;RJ;HP000277FAM;Desatualizado;09/04/2023;3261676456;34058290976;Vila Trouxinha;RJ;04/2022
141;841358692;Emelina Jordan;17/02/1949;Rua Mestre das Poções, 767 - Sobrado;Bairro dos Duendes;87663428;Fernanda Jordan;Ativo;88 - BPC Idoso;Baía do Caldeirão;CE;HP000279FAM;Desatualizado;29/04/2025;4278381645;42587116751;Baía do Caldeirão;CE;07/2026
142;548423309;Justino Diggory;13/03/2000;Beco Travessa do Tranco, 326 - Casa;Vila Trouxa;15627831;Astória Diggory;Ativo;87 - BPC Pessoa com Deficiência;Colina das Bruxas;RS;HP000280FAM;Atualizado;11/03/2026;0368406972;64272516007;Vale do Godric;SP;09/2026
143;282690278;Ernesto Hooch Lupin;24/03/2020;Praça Mestre da Lufa-Lufa, 80 - Sobrado;Jardim Lufa-Lufa;66303172;Cho Hooch Lupin;Suspenso;87 - BPC Pessoa com Deficiência;Fenda da Serpente;BA;HP000287FAM;Atualizado;09/12/2023;8337079003;;Fenda da Serpente;BA;10/2025
144;638791809;Parvati Fawcett;18/07/1953;Rua Mestre dos Sonhadores, 59 - Fundos;Setor Mágico;38141214;Dafne Fawcett;Cessado;88 - BPC Idoso;Fenda da Serpente;BA;HP000294FAM;Atualizado;02/12/2026;3715714069;73595724449;Fenda da Serpente;BA;08/2021
145;368904202;Padma Diggle;18/04/1993;Praça Mestre Fenícia, 417;Colônia Fenda da Serpente;73696540;Fernanda Diggle;Ativo;87 - BPC Pessoa com Deficiência;Monte Fênix;ES;HP000297FAM;Atualizado;13/05/2025;6413209635;16039989859;Monte Fênix;ES;09/2025
146;469755968;Carlota Boot Patil;07/08/1960;Viela Prof. do Torneio Tribruxo, 933 - Apto 1;Conjunto Grifinória;23702669;Lavínia Boot Patil;Ativo;88 - BPC Idoso;Serra da Coruja;PR;HP000298FAM;Desatualizado;09/02/2026;2783116952;40072121805;Serra da Coruja;PR;07/2022
147;149441681;Rita Boot Patil;26/01/1988;Viela Prof. do Torneio Tribruxo, 933 - Apto 1;Conjunto Grifinória;23702669;Lavínia Boot Patil;Suspenso;87 - BPC Pessoa com Deficiência;Serra da Coruja;PR;HP000298FAM;Desatualizado;09/02/2026;2643690258;01795598939;Serra da Coruja;PR;05/2021
148;248542122;Hermione Jane Pince;08/04/2015;Travessa Prof. dos Centauros, 106 - Apto 1;Setor Mágico;35384127;Andrômeda Pince;Ativo;87 - BPC Pessoa com Deficiência;Serra da Coruja;PR;HP000299FAM;Desatualizado;20/05/2026;8989396157;;Serra da Coruja;PR;03/2020
149;130967776;Marieta Riddle Zabini;01/12/1940;Viela Sr. da Lufa-Lufa, 743 - Sobrado;Recanto do Caldeirão;10925944;Dafne Riddle Zabini;Bloqueado;88 - BPC Idoso;Vau das Poções;SC;HP000301FAM;Desatualizado;26/06/2025;2484059914;37961357818;Vau das Poções;SC;02/2026
150;823661722;Fábio Ademar Bulstrode Riddle;18/12/1959;Avenida Prof. da Sonserina, 551 - Apto 1;Vila das Bruxas;66064753;Susana Bulstrode Riddle;Ativo;88 - BPC Idoso;Serra da Coruja;PR;HP000303FAM;Atualizado;19/05/2026;9854850678;48591061564;Serra da Coruja;PR;10/2022
151;455912914;Lúcio Abraxas Riddle Longbottom;14/09/1958;Avenida do Caldeirão Furado, 961 - Fundos;Bairro dos Duendes;89250713;Andrômeda Riddle Longbottom;Ativo;88 - BPC Idoso;Vale do Godric;SP;HP000304FAM;Atualizado;18/08/2025;8239005223;62661840797;Vale do Godric;SP;04/2026
152;472564577;Amos Flint;16/12/1953;Viela Sr. das Chaves de Voo, 933;Jardim Hogsmeade;87109126;Padma Flint;Bloqueado;88 - BPC Idoso;Porto dos Duendes;PE;HP000305FAM;Desatualizado;12/03/2026;0118528776;32684311430;Porto dos Duendes;PE;12/2023
153;901422990;Parvati Corner;27/05/1945;Praça de Hogsmeade, 933 - Sobrado;Bairro dos Duendes;45465339;Marieta Corner;Suspenso;88 - BPC Idoso;Vau das Poções;SC;HP000306FAM;Atualizado;02/12/2025;7146421397;73433272240;Monte Fênix;ES;06/2024
154;047233246;Astória Bulstrode;14/02/1950;Rua Mestre Beco Diagonal, 286 - Apto 1;Recanto do Caldeirão;81909607;Petúnia Bulstrode;Suspenso;88 - BPC Idoso;Vau das Poções;SC;HP000308FAM;Atualizado;01/04/2024;8614980924;94738802513;Vau das Poções;SC;04/2026
155;868119287;Fábio Ademar Creevey Slughorn;01/09/1959;Travessa Dona do Quatro Privet Drive, 138 - Apto 1;Vila Trouxa;65917612;Narcisa Creevey Slughorn;Ativo;88 - BPC Idoso;Serra da Coruja;PR;HP000309FAM;Desatualizado;02/12/2024;8725429074;19399201598;Serra da Coruja;PR;02/2026
156;984956907;Popy Snape;19/12/1985;Beco dos Elfos Domésticos, 193 - Casa;Recanto do Caldeirão;39122246;Pansy Snape;Ativo;87 - BPC Pessoa com Deficiência;Fenda da Serpente;BA;HP000310FAM;Atualizado;23/07/2022;2552142785;28417362887;Fenda da Serpente;BA;02/2022
157;519692817;Amos Fenwick;03/05/1996;Travessa Prof. dos Trouxas, 100 - Fundos;Conjunto Grifinória;11151840;Cho Fenwick;Bloqueado;87 - BPC Pessoa com Deficiência;Colina das Bruxas;RS;HP000311FAM;Atualizado;18/03/2026;2216654878;49270562286;Colina das Bruxas;RS;11/2026
158;227705870;Gemma Pomfrey Crabbe;01/10/2021;Rua das Grifinórias, 870;Vila Trouxa;00716313;Ninfadora Pomfrey Crabbe;Ativo;87 - BPC Pessoa com Deficiência;Vale do Godric;SP;HP000312FAM;Atualizado;30/01/2024;4337061978;;Vale do Godric;SP;03/2025
159;102587126;Pomona Sprout Potter;02/10/1979;Rua Mestre dos Centauros, 689 - Apto 1;Vila Trouxa;19598518;Millicent Sprout Potter;Ativo;87 - BPC Pessoa com Deficiência;Vila Trouxinha;RJ;HP000313FAM;Desatualizado;13/12/2020;2889305997;82025420068;Vau das Poções;SC;05/2026
160;156636461;Carlinhos Bones Brown;10/09/1998;Travessa da Sonserina, 188 - Casa;Setor São Mungo;34629791;Muriel Bones Brown;Ativo;87 - BPC Pessoa com Deficiência;Hogsmeade;MG;HP000314FAM;Desatualizado;02/12/2026;0740522572;99455827551;Hogsmeade;MG;11/2021
161;477590852;Miguel Bones Brown;11/04/1942;Travessa da Sonserina, 188 - Casa;Setor São Mungo;34629791;Muriel Bones Brown;Suspenso;88 - BPC Idoso;Hogsmeade;MG;HP000314FAM;Desatualizado;02/12/2026;8223516709;61972371804;Hogsmeade;MG;12/2024
162;415953378;Seamus Bones Brown;22/06/1959;Travessa da Sonserina, 188 - Casa;Setor São Mungo;34629791;Muriel Bones Brown;Ativo;88 - BPC Idoso;Hogsmeade;MG;HP000314FAM;Desatualizado;02/12/2026;5004011645;14061231459;Hogsmeade;MG;05/2025
163;673791311;Aurora Bones Brown;19/05/1957;Travessa da Sonserina, 188 - Casa;Setor São Mungo;34629791;Muriel Bones Brown;Ativo;88 - BPC Idoso;Hogsmeade;MG;HP000314FAM;Desatualizado;02/12/2026;2613867252;74034763366;Hogsmeade;MG;07/2020
164;769683607;Luna Pomfrey Flitwick;16/11/2019;Praça do Caldeirão Furado, 714;Recanto dos Centauros;16298857;Dafne Pomfrey Flitwick;Bloqueado;87 - BPC Pessoa com Deficiência;Vale do Godric;SP;HP000315FAM;Desatualizado;26/09/2021;8311832722;;Vila Trouxinha;RJ;12/2024
165;927345695;Bilius Snape Goyle;08/12/2016;Rua dos Centauros, 878 - Apto 1;Vila Corvinal;62510132;Ninfadora Snape Goyle;Bloqueado;87 - BPC Pessoa com Deficiência;Serra da Coruja;PR;HP000317FAM;Desatualizado;25/04/2025;4131224617;;Serra da Coruja;PR;08/2025
166;671642805;Angelina Burbage Fudge;19/03/1936;Viela Sr. das Vassouras Voadoras, 396 - Fundos;Setor Mágico;80174863;Emelina Burbage Fudge;Ativo;88 - BPC Idoso;Baía do Caldeirão;CE;HP000320FAM;Desatualizado;04/02/2026;4881484423;03690426036;Fenda da Serpente;BA;05/2020
167;481056780;Belatriz Lestrange Abbott;20/01/1942;Alameda Prof. de Hogsmeade, 283 - Sobrado;Bairro dos Duendes;21894179;Emelina Abbott;Ativo;88 - BPC Idoso;Rio das Sereias;PA;HP000322FAM;Desatualizado;03/02/2026;9483013395;41024640692;Rio das Sereias;PA;12/2023
168;908491299;Verônica Gaunt Thomas;20/07/1986;Travessa Prof. do Torneio Tribruxo, 980 - Apto 1;Setor São Mungo;80812618;Hermione Jane Gaunt Thomas;Ativo;87 - BPC Pessoa com Deficiência;Vau das Poções;SC;HP000323FAM;Desatualizado;20/05/2026;9044083369;62203468402;Vau das Poções;SC;01/2026
169;953305213;Carlota Lovegood;10/06/1949;Rua Prof. do Expresso de Hogwarts, 847 - Sobrado;Vila Weasley;20769536;Petúnia Lovegood;Ativo;88 - BPC Idoso;Serra da Coruja;PR;HP000324FAM;Desatualizado;24/07/2026;1321423345;24413322440;Hogsmeade;MG;02/2021
170;732692560;Estêvão Cornelius Dumbledore Prewett;12/11/1940;Rua Prof. do Salgueiro Lutador, 404 - Casa;Vila das Bruxas;50926369;Millicent Dumbledore Prewett;Ativo;88 - BPC Idoso;Vau das Poções;SC;HP000325FAM;Desatualizado;10/06/2021;4442934546;72094403053;Vau das Poções;SC;06/2022
171;125639624;Ariana Vector;21/01/1952;Rua Mestre da Sala Precisa, 782 - Apto 1;Conjunto Grifinória;23860420;Katie Vector;Suspenso;88 - BPC Idoso;Porto dos Duendes;PE;HP000326FAM;Desatualizado;20/08/2025;6649671196;36715283203;Porto dos Duendes;PE;07/2023
172;218520347;Horácio Vector;18/01/1979;Rua Mestre da Sala Precisa, 782 - Apto 1;Conjunto Grifinória;23860420;Katie Vector;Suspenso;87 - BPC Pessoa com Deficiência;Porto dos Duendes;PE;HP000326FAM;Desatualizado;20/08/2025;6576104058;86867424598;Porto dos Duendes;PE;09/2021
173;634169075;Estêvão Finch-Fletchley;16/06/1977;Alameda Sr. das Grifinórias, 276 - Fundos;Jardim Lufa-Lufa;54995259;Angelina Finch-Fletchley;Ativo;87 - BPC Pessoa com Deficiência;Vale do Godric;SP;HP000328FAM;Desatualizado;06/11/2026;9756093377;12840555402;Vale do Godric;SP;05/2022
174;149506030;Justino Dearborn;20/06/1958;Avenida dos Sonhadores, 956;Vila Weasley;25383974;Cho Dearborn;Bloqueado;88 - BPC Idoso;Monte Fênix;ES;HP000330FAM;Atualizado;05/01/2023;2374040694;93517412650;Monte Fênix;ES;09/2026
175;299950634;Aurora Pomfrey;28/08/2006;Alameda Prof. da Sala Precisa, 237;Jardim Hogsmeade;11359922;Lavínia Pomfrey;Ativo;87 - BPC Pessoa com Deficiência;Hogsmeade;MG;HP000331FAM;Atualizado;31/08/2026;5940645125;04011349974;Hogsmeade;MG;11/2025
176;145797792;Vicente Chang;21/08/1975;Beco Prof. do Expresso de Hogwarts, 530 - Fundos;Recanto do Caldeirão;53748344;Romilda Chang;Ativo;87 - BPC Pessoa com Deficiência;Vau das Poções;SC;HP000335FAM;Desatualizado;31/03/2026;8464870707;96234091096;Vau das Poções;SC;09/2022
177;220419801;Ariana Chang;11/10/1943;Beco Prof. do Expresso de Hogwarts, 530 - Fundos;Recanto do Caldeirão;53748344;Romilda Chang;Ativo;88 - BPC Idoso;Vau das Poções;SC;HP000335FAM;Desatualizado;31/03/2026;8236567543;29772483070;Vau das Poções;SC;03/2024
178;058963860;Narcisa Snape Nott;26/06/1974;Alameda Sr. do Torneio Tribruxo, 661;Vila Trouxa;13235021;Fernanda Snape Nott;Suspenso;87 - BPC Pessoa com Deficiência;Vau das Poções;SC;HP000340FAM;Desatualizado;14/09/2022;7949593682;09256663196;Vau das Poções;SC;04/2020
179;401434033;Padma Moody Boot;09/03/1961;Viela Prof. dos Sonhadores, 745 - Casa;Vila das Bruxas;75587676;Gemma Moody Boot;Ativo;88 - BPC Idoso;Campo dos Centauros;GO;HP000341FAM;Desatualizado;24/08/2025;3844741384;73824877507;Campo dos Centauros;GO;12/2026
180;805924363;Tiago Carlus Lupin;19/06/2021;Travessa Mestre dos Trouxas, 783 - Apto 1;Bairro dos Duendes;30793651;Gina Molly Lupin;Suspenso;87 - BPC Pessoa com Deficiência;Vale do Godric;SP;HP000342FAM;Atualizado;16/08/2025;7285478941;;Fenda da Serpente;BA;06/2023
181;506117873;Elpídio Crabbe Diggory;06/05/1995;Rua Sr. da Lufa-Lufa, 568 - Casa;Conjunto Grifinória;43834542;Dafne Crabbe Diggory;Bloqueado;87 - BPC Pessoa com Deficiência;Hogsmeade;MG;HP000345FAM;Desatualizado;01/12/2026;2406497647;11998897689;Hogsmeade;MG;04/2026
182;290942572;Susana Scrimgeour;09/09/1961;Rua Dona do Salgueiro Lutador, 34 - Sobrado;Vila das Bruxas;61561176;Parvati Scrimgeour;Ativo;88 - BPC Idoso;Baía do Caldeirão;CE;HP000350FAM;Desatualizado;31/05/2026;2981874173;40973101194;Campo dos Centauros;GO;05/2024
183;692865482;Rony Bilius Greengrass;16/05/1961;Praça Mestre dos Alfeineiros, 732 - Sobrado;Jardim Lufa-Lufa;54830443;Cho Greengrass;Ativo;88 - BPC Idoso;Rio das Sereias;PA;HP000351FAM;Atualizado;02/05/2024;8001447622;80198589463;Rio das Sereias;PA;10/2025
184;661340794;Aurora Filch Weasley;25/01/2022;Beco Dona do Caldeirão Furado, 175 - Fundos;Vila Trouxa;48741116;Bathsheda Filch Weasley;Suspenso;87 - BPC Pessoa com Deficiência;Baía do Caldeirão;CE;HP000354FAM;Atualizado;28/10/2025;9306627476;;Baía do Caldeirão;CE;02/2024
185;652927770;Narcisa Tonks Zabini;10/10/1982;Viela Sr. da Pedra Filosofal, 64;Colônia Fenda da Serpente;50682616;Narcisa Tonks Zabini;Bloqueado;87 - BPC Pessoa com Deficiência;Vila Trouxinha;RJ;HP000358FAM;Atualizado;10/10/2026;4855673953;36911755705;Vila Trouxinha;RJ;10/2020
186;829333593;Parvati Shacklebolt Filch;25/06/1960;Alameda Sr. do Caldeirão Furado, 172 - Casa;Vila Weasley;89119122;Fleur Shacklebolt Filch;Cessado;88 - BPC Idoso;Porto dos Duendes;PE;HP000359FAM;Atualizado;28/01/2023;5585878335;19973841320;Porto dos Duendes;PE;08/2023
187;249036514;Cho Macmillan;24/04/2010;Alameda Prof. da Sonserina, 399 - Apto 1;Vila Trouxa;24059125;Marieta Macmillan;Ativo;87 - BPC Pessoa com Deficiência;Vila Trouxinha;RJ;HP000360FAM;Desatualizado;24/11/2025;2265581166;;Vila Trouxinha;RJ;06/2022
188;989284856;Filch Diggle Creevey;27/04/1957;Beco Sr. dos Sonhadores, 481;Jardim Lufa-Lufa;71770748;Dolores Jane Diggle Creevey;Ativo;88 - BPC Idoso;Fenda da Serpente;BA;HP000361FAM;Desatualizado;21/06/2025;6600642927;69529009005;Fenda da Serpente;BA;12/2025
189;049409092;Aurora Carmichael;25/01/1987;Alameda dos Centauros, 806 - Sobrado;Jardim Hogsmeade;21611751;Hermione Jane Carmichael;Ativo;87 - BPC Pessoa com Deficiência;Vila Trouxinha;RJ;HP000363FAM;Desatualizado;06/06/2025;4438752611;19775998267;Vila Trouxinha;RJ;04/2021
190;270737739;Padma Chang;09/07/1977;Alameda Dona da Corvinal, 941 - Apto 1;Bairro dos Duendes;54878164;Lavínia Chang;Ativo;87 - BPC Pessoa com Deficiência;Serra da Coruja;PR;HP000364FAM;Atualizado;14/01/2026;3154841454;98485708700;Serra da Coruja;PR;02/2024
191;595254366;Muriel Flint Goldstein;07/05/1956;Travessa Dona das Grifinórias, 614 - Casa;Vila Weasley;16370749;Gemma Flint Goldstein;Suspenso;88 - BPC Idoso;Rio das Sereias;PA;HP000366FAM;Desatualizado;21/05/2024;5587682133;23511563407;Rio das Sereias;PA;08/2024
192;910033849;Alvo Percival Lupin;22/01/1953;Praça Dona dos Centauros, 16 - Fundos;Vila Corvinal;41616841;Romilda Lupin;Ativo;88 - BPC Idoso;Serra da Coruja;PR;HP000370FAM;Atualizado;25/06/2025;1004332875;19356280896;Baía do Caldeirão;CE;12/2026
193;211043107;Ludo Lovegood;25/08/1959;Beco dos Feiticeiros, 385;Setor Mágico;37827560;Muriel Lovegood;Suspenso;88 - BPC Idoso;Serra da Coruja;PR;HP000372FAM;Desatualizado;10/12/2020;0634223848;04874391804;Serra da Coruja;PR;11/2024
194;973050765;Sibila Lovegood;09/01/1946;Beco dos Feiticeiros, 385;Setor Mágico;37827560;Muriel Lovegood;Ativo;88 - BPC Idoso;Serra da Coruja;PR;HP000372FAM;Desatualizado;10/12/2020;1127895675;16003474607;Serra da Coruja;PR;07/2023
195;256605051;Dafne Granger;17/07/1939;Rua Mestre da Sonserina, 478 - Casa;Jardim Lufa-Lufa;87421750;Parvati Granger;Ativo;88 - BPC Idoso;Colina das Bruxas;RS;HP000374FAM;Desatualizado;05/02/2026;7212527700;53035457926;Colina das Bruxas;RS;12/2021
196;779564277;Alícia Macmillan;19/08/1977;Viela dos Sonhadores, 664 - Casa;Vila Weasley;82599519;Rita Macmillan;Ativo;87 - BPC Pessoa com Deficiência;Vale do Godric;SP;HP000377FAM;Atualizado;13/12/2025;1477354571;63072280599;Vale do Godric;SP;07/2022
197;994930540;Marieta Macmillan;16/05/2022;Viela dos Sonhadores, 664 - Casa;Vila Weasley;82599519;Rita Macmillan;Ativo;87 - BPC Pessoa com Deficiência;Vale do Godric;SP;HP000377FAM;Atualizado;13/12/2025;4963684151;;Vale do Godric;SP;02/2023
198;919862068;Dolores Jane Parkinson;18/03/1945;Travessa Dona da Sonserina, 456 - Casa;Setor São Mungo;56128581;Andrômeda Parkinson;Cessado;88 - BPC Idoso;Rio das Sereias;PA;HP000378FAM;Atualizado;19/10/2024;3504004922;25965188212;Rio das Sereias;PA;01/2025
199;049874212;Lílian Evelina Parkinson;01/01/1948;Travessa Dona da Sonserina, 456 - Casa;Setor São Mungo;56128581;Andrômeda Parkinson;Ativo;88 - BPC Idoso;Rio das Sereias;PA;HP000378FAM;Atualizado;19/10/2024;5997370663;61047268527;Vila Trouxinha;RJ;02/2026
200;152028089;Dafne Dearborn Snape;01/10/1982;Viela Mestre da Pedra Filosofal, 412 - Apto 1;Recanto do Caldeirão;76855016;Andrômeda Dearborn Snape;Cessado;87 - BPC Pessoa com Deficiência;Hogsmeade;MG;HP000379FAM;Desatualizado;03/04/2025;4944522414;84592123357;Hogsmeade;MG;07/2020
201;443442069;Bathsheda Dearborn Snape;08/09/1957;Viela Mestre da Pedra Filosofal, 412 - Apto 1;Recanto do Caldeirão;76855016;Andrômeda Dearborn Snape;Cessado;88 - BPC Idoso;Hogsmeade;MG;HP000379FAM;Desatualizado;03/04/2025;3780931934;62776570206;Hogsmeade;MG;11/2022
202;046854175;Millicent Pomfrey Burbage;03/10/1961;Viela Prof. da Floresta Proibida, 729 - Sobrado;Colônia Fenda da Serpente;94976524;Lílian Evelina Pomfrey Burbage;Ativo;88 - BPC Idoso;Rio das Sereias;PA;HP000383FAM;Desatualizado;16/11/2026;2421229750;94483337739;Rio das Sereias;PA;12/2025
203;372449802;Fábio Ademar Fudge Longbottom;25/10/2009;Viela Dona das Vassouras Voadoras, 465 - Fundos;Recanto dos Centauros;10627690;Carlota Fudge Longbottom;Ativo;87 - BPC Pessoa com Deficiência;Hogsmeade;MG;HP000384FAM;Atualizado;15/04/2023;2597945437;89768754782;Hogsmeade;MG;02/2025
204;093592253;Rita Tonks;05/08/1940;Beco Dona da Floresta Proibida, 234 - Sobrado;Núcleo Hogwarts;50376917;Molly Prewett Tonks;Cessado;88 - BPC Idoso;Fenda da Serpente;BA;HP000387FAM;Atualizado;11/11/2025;1077311496;00147927378;Fenda da Serpente;BA;08/2020
205;384726366;Colin Delacour Shacklebolt;05/04/1947;Alameda Sr. das Grifinórias, 798 - Casa;Vila Weasley;15333853;Alícia Delacour Shacklebolt;Ativo;88 - BPC Idoso;Serra da Coruja;PR;HP000388FAM;Atualizado;09/09/2022;2574822821;29015838149;Serra da Coruja;PR;04/2021
206;158340001;Cho Delacour Shacklebolt;25/09/1959;Alameda Sr. das Grifinórias, 798 - Casa;Vila Weasley;15333853;Alícia Delacour Shacklebolt;Ativo;88 - BPC Idoso;Serra da Coruja;PR;HP000388FAM;Atualizado;09/09/2022;6857584970;77457085321;Serra da Coruja;PR;12/2025
207;772535272;Severo Tobias Flitwick Goyle;10/04/1959;Viela Mestre do Caldeirão Furado, 821 - Fundos;Conjunto Grifinória;06211265;Katie Flitwick Goyle;Bloqueado;88 - BPC Idoso;Monte Fênix;ES;HP000390FAM;Atualizado;24/07/2023;2276171065;57680748995;Monte Fênix;ES;09/2025
208;252179824;Kingsley Flitwick Goyle;15/01/1949;Viela Mestre do Caldeirão Furado, 821 - Fundos;Conjunto Grifinória;06211265;Katie Flitwick Goyle;Cessado;88 - BPC Idoso;Monte Fênix;ES;HP000390FAM;Atualizado;24/07/2023;9369524241;62506765540;Monte Fênix;ES;01/2023
209;784638703;Rúbeo Abbott Bell;11/06/1948;Travessa Prof. dos Sonhadores, 955;Setor São Mungo;50244693;Ariana Abbott Bell;Ativo;88 - BPC Idoso;Rio das Sereias;PA;HP000392FAM;Atualizado;06/10/2026;5413984160;47803874341;Rio das Sereias;PA;05/2020
210;840221250;Aurora Carmichael;03/03/1988;Beco Sr. dos Feiticeiros, 366 - Apto 1;Jardim Lufa-Lufa;66929138;Petúnia Carmichael;Cessado;87 - BPC Pessoa com Deficiência;Campo dos Centauros;GO;HP000394FAM;Desatualizado;07/11/2023;6326466628;96392921253;Campo dos Centauros;GO;03/2024
211;947364850;Fábio Ademar Riddle;12/11/1953;Avenida Sr. da Lufa-Lufa, 659 - Casa;Colônia Fenda da Serpente;62691585;Hannah Riddle;Ativo;88 - BPC Idoso;Serra da Coruja;PR;HP000395FAM;Desatualizado;20/12/2026;5618061733;12230394631;Campo dos Centauros;GO;02/2020
212;167361178;Ernesto Potter;26/01/1943;Beco Mestre dos Sonhadores, 965 - Apto 1;Vila Sonserina;29513349;Andrômeda Potter;Cessado;88 - BPC Idoso;Vau das Poções;SC;HP000399FAM;Desatualizado;25/01/2025;1221552736;84085270457;Vau das Poções;SC;07/2023
213;436668566;Estêvão Cornelius Weasley Flint;21/08/1957;Travessa dos Dementadores Vencidos, 845 - Casa;Vila Sonserina;33598764;Luna Weasley Flint;Ativo;88 - BPC Idoso;Campo dos Centauros;GO;HP000403FAM;Atualizado;27/09/2024;8684472079;21545784899;Campo dos Centauros;GO;06/2024
214;718586716;Alastor Weasley Flint;15/08/1958;Travessa dos Dementadores Vencidos, 845 - Casa;Vila Sonserina;33598764;Luna Weasley Flint;Bloqueado;88 - BPC Idoso;Campo dos Centauros;GO;HP000403FAM;Atualizado;27/09/2024;3654618363;66266235167;Campo dos Centauros;GO;07/2026
215;758118651;Colin Fawcett;19/06/1961;Rua Sr. Fenícia, 83 - Casa;Recanto do Caldeirão;61228150;Rita Fawcett;Ativo;88 - BPC Idoso;Campo dos Centauros;GO;HP000404FAM;Desatualizado;14/11/2025;3609653633;07786024864;Campo dos Centauros;GO;11/2022
216;144200096;Ninfadora Diggle;17/01/2002;Avenida Prof. do Quatro Privet Drive, 315 - Fundos;Vila Sonserina;66269515;Lavínia Diggle;Cessado;87 - BPC Pessoa com Deficiência;Colina das Bruxas;RS;HP000405FAM;Atualizado;04/05/2026;8722593555;00052057783;Porto dos Duendes;PE;06/2023
217;213004299;Aurora Crouch McGonagall;18/07/1946;Viela Sr. Travessa do Tranco, 62;Recanto dos Centauros;64543673;Verônica Crouch McGonagall;Ativo;88 - BPC Idoso;Hogsmeade;MG;HP000408FAM;Atualizado;11/05/2026;7797320981;79162189763;Hogsmeade;MG;11/2021
218;698832754;Cedrico Macmillan Moody;17/08/2000;Avenida Sr. do Torneio Tribruxo, 103 - Apto 1;Bairro dos Duendes;24370693;Pomona Macmillan Moody;Bloqueado;87 - BPC Pessoa com Deficiência;Vila Trouxinha;RJ;HP000409FAM;Desatualizado;16/12/2026;2711593875;21395907407;Vila Trouxinha;RJ;10/2025
219;292118154;George Macmillan Moody;20/03/1944;Avenida Sr. do Torneio Tribruxo, 103 - Apto 1;Bairro dos Duendes;24370693;Pomona Macmillan Moody;Cessado;88 - BPC Idoso;Vila Trouxinha;RJ;HP000409FAM;Desatualizado;16/12/2026;6190173789;05179422082;Vila Trouxinha;RJ;05/2020
220;188826082;Wilhelmina Bones;27/08/1959;Avenida Mestre dos Feiticeiros, 949 - Sobrado;Vila Weasley;05219476;Emelina Bones;Bloqueado;88 - BPC Idoso;Vale do Godric;SP;HP000410FAM;Desatualizado;05/06/2026;1735445172;56782759842;Vale do Godric;SP;01/2021
221;089032135;Verônica Bones;21/04/2004;Avenida Mestre dos Feiticeiros, 949 - Sobrado;Vila Weasley;05219476;Emelina Bones;Bloqueado;87 - BPC Pessoa com Deficiência;Vale do Godric;SP;HP000410FAM;Desatualizado;05/06/2026;3810874349;60092698302;Vale do Godric;SP;10/2025
222;232559358;George Vance Chang;27/06/1939;Praça Prof. Fenícia, 873 - Fundos;Colônia Fenda da Serpente;33020568;Alícia Vance Chang;Ativo;88 - BPC Idoso;Hogsmeade;MG;HP000412FAM;Desatualizado;29/07/2025;4429979582;34786556415;Rio das Sereias;PA;07/2025
223;026895058;Wilhelmina Vance Chang;27/01/1998;Praça Prof. Fenícia, 873 - Fundos;Colônia Fenda da Serpente;33020568;Alícia Vance Chang;Bloqueado;87 - BPC Pessoa com Deficiência;Hogsmeade;MG;HP000412FAM;Desatualizado;29/07/2025;6846250939;21195637643;Hogsmeade;MG;07/2025
224;819095002;Teodoro Vance;16/03/2011;Beco dos Feiticeiros, 849 - Fundos;Vila Sonserina;24527656;Millicent Vance;Ativo;87 - BPC Pessoa com Deficiência;Vale do Godric;SP;HP000416FAM;Desatualizado;25/11/2025;5104612448;;Vale do Godric;SP;04/2021
225;608908113;Alastor Longbottom;09/05/1960;Viela Prof. dos Alfeineiros, 696;Setor São Mungo;62240073;Sibila Longbottom;Ativo;88 - BPC Idoso;Vale do Godric;SP;HP000417FAM;Desatualizado;12/01/2024;2391194949;86919161253;Vale do Godric;SP;12/2022
226;180919507;Amos Malfoy;25/09/1977;Rua das Vassouras Voadoras, 362 - Casa;Jardim Lufa-Lufa;08201813;Emelina Malfoy;Cessado;87 - BPC Pessoa com Deficiência;Hogsmeade;MG;HP000420FAM;Desatualizado;09/09/2025;7941491952;91557385595;Vau das Poções;SC;05/2026
227;099129422;Miguel Malfoy;12/08/1943;Rua das Vassouras Voadoras, 362 - Casa;Jardim Lufa-Lufa;08201813;Emelina Malfoy;Suspenso;88 - BPC Idoso;Hogsmeade;MG;HP000420FAM;Desatualizado;09/09/2025;3554476890;59530795323;Hogsmeade;MG;07/2025
228;077252162;Wilhelmina Tonks;19/01/1947;Avenida Prof. da Lufa-Lufa, 487 - Fundos;Núcleo Hogwarts;71461824;Ariana Tonks;Cessado;87 - BPC Pessoa com Deficiência;Monte Fênix;ES;HP000426FAM;Desatualizado;17/03/2020;2229648883;75350820259;Monte Fênix;ES;09/2021
229;219617930;Lavínia Creevey;17/10/2008;Viela Dona dos Duendes, 504 - Fundos;Vila Corvinal;53154256;Dafne Creevey;Ativo;87 - BPC Pessoa com Deficiência;Vale do Godric;SP;HP000428FAM;Atualizado;16/03/2026;3472042265;91532543927;Vale do Godric;SP;05/2023
230;211501906;Muriel Fudge Riddle;15/03/1982;Travessa dos Centauros, 582 - Sobrado;Colônia Fenda da Serpente;85511695;Pomona Fudge Riddle;Ativo;87 - BPC Pessoa com Deficiência;Hogsmeade;MG;HP000429FAM;Desatualizado;10/08/2025;9040570325;04007763670;Hogsmeade;MG;03/2022
231;281739267;Rúben Goyle;11/07/1949;Viela do Salgueiro Lutador, 369;Vila Corvinal;14371992;Gemma Goyle;Ativo;88 - BPC Idoso;Hogsmeade;MG;HP000431FAM;Desatualizado;04/11/2024;4166422031;82776291768;Hogsmeade;MG;06/2023
232;237083662;Elpídio Potter Crouch;22/09/1983;Alameda Prof. das Bruxas Sábias, 357 - Fundos;Parque das Varinhas;87604862;Katie Potter Crouch;Ativo;87 - BPC Pessoa com Deficiência;Baía do Caldeirão;CE;HP000435FAM;Atualizado;30/06/2022;1344944162;43770455042;Baía do Caldeirão;CE;04/2020
233;432536727;Romilda Vector Carmichael;11/07/1959;Praça Dona das Grifinórias, 878;Colônia Fenda da Serpente;97578063;Padma Vector Carmichael;Cessado;88 - BPC Idoso;Colina das Bruxas;RS;HP000436FAM;Desatualizado;05/06/2025;7969270297;28746217221;Colina das Bruxas;RS;08/2022
234;693734694;Wilhelmina Vector Carmichael;09/12/1991;Praça Dona das Grifinórias, 878;Colônia Fenda da Serpente;97578063;Padma Vector Carmichael;Suspenso;87 - BPC Pessoa com Deficiência;Colina das Bruxas;RS;HP000436FAM;Desatualizado;05/06/2025;5463896783;52672796504;Colina das Bruxas;RS;10/2021
235;953430471;Dafne Vector;07/06/1943;Alameda Prof. da Pedra Filosofal, 750 - Apto 1;Conjunto Grifinória;27954756;Olívia Vector;Cessado;88 - BPC Idoso;Hogsmeade;MG;HP000438FAM;Desatualizado;02/02/2026;0393407373;51480682566;Hogsmeade;MG;11/2026
236;789505391;Ludo Vector;06/07/1945;Alameda Prof. da Pedra Filosofal, 750 - Apto 1;Conjunto Grifinória;27954756;Olívia Vector;Ativo;88 - BPC Idoso;Hogsmeade;MG;HP000438FAM;Desatualizado;02/02/2026;5996775343;90092600543;Hogsmeade;MG;04/2020
237;004837548;Katie Vance;05/10/1953;Praça Mestre Travessa do Tranco, 331;Bairro dos Duendes;11303830;Katie Vance;Ativo;88 - BPC Idoso;Monte Fênix;ES;HP000440FAM;Desatualizado;07/10/2026;0152899086;33533838752;Monte Fênix;ES;04/2024
238;698813754;Gemma Longbottom Dumbledore;22/01/1957;Viela Dona dos Trouxas, 295;Vila Sonserina;35653114;Hannah Longbottom Dumbledore;Bloqueado;88 - BPC Idoso;Vau das Poções;SC;HP000442FAM;Atualizado;09/08/2024;0601209020;41221063118;Vau das Poções;SC;07/2021
239;715481200;Dolores Jane Carmichael Boot;18/11/1950;Alameda das Vassouras Voadoras, 131;Núcleo Hogwarts;54795379;Cho Carmichael Boot;Ativo;88 - BPC Idoso;Serra da Coruja;PR;HP000444FAM;Desatualizado;12/07/2026;1255179948;82021995146;Serra da Coruja;PR;11/2025
240;158648077;Lílian Evelina Spinnet Bagman;24/10/2021;Viela Prof. do Quatro Privet Drive, 932 - Casa;Conjunto Grifinória;92358529;Molly Prewett Spinnet Bagman;Ativo;87 - BPC Pessoa com Deficiência;Fenda da Serpente;BA;HP000446FAM;Atualizado;10/01/2024;8998501199;;Campo dos Centauros;GO;05/2020
241;093956360;Andrômeda Dearborn Lestrange;10/03/1950;Travessa da Floresta Proibida, 4 - Sobrado;Conjunto Grifinória;79039853;Charity Dearborn Lestrange;Bloqueado;88 - BPC Idoso;Vale do Godric;SP;HP000452FAM;Desatualizado;13/08/2025;1154677433;82900468206;Vale do Godric;SP;04/2021
242;635093332;Rita Trelawney Dearborn;15/11/1959;Alameda Sr. das Poções, 672 - Fundos;Setor Mágico;62540254;Aurora Trelawney Dearborn;Ativo;88 - BPC Idoso;Vila Trouxinha;RJ;HP000455FAM;Atualizado;18/03/2022;3901601058;30452214591;Vila Trouxinha;RJ;12/2020
243;054868227;Basilio Macmillan;04/11/1962;Viela das Poções, 738 - Casa;Colônia Fenda da Serpente;65737469;Carlota Macmillan;Bloqueado;87 - BPC Pessoa com Deficiência;Monte Fênix;ES;HP000457FAM;Desatualizado;21/04/2025;2728121086;31395900160;Monte Fênix;ES;02/2026
244;236032416;Lúcio Abraxas Wood Potter;25/12/1961;Rua Mestre dos Sonhadores, 307 - Casa;Vila das Bruxas;15554886;Emelina Wood Potter;Cessado;88 - BPC Idoso;Serra da Coruja;PR;HP000460FAM;Desatualizado;12/09/2025;7354544097;07647588375;Serra da Coruja;PR;12/2026
245;907912202;Harry Tiago Macmillan;09/08/1956;Alameda Sr. dos Elfos Domésticos, 945 - Apto 1;Colônia Fenda da Serpente;55318961;Pomona Macmillan;Cessado;88 - BPC Idoso;Vale do Godric;SP;HP000462FAM;Atualizado;14/04/2026;5472183873;56818991109;Vale do Godric;SP;01/2024
246;989249016;Emelina Macmillan;04/02/1959;Alameda Sr. dos Elfos Domésticos, 945 - Apto 1;Colônia Fenda da Serpente;55318961;Pomona Macmillan;Ativo;88 - BPC Idoso;Vale do Godric;SP;HP000462FAM;Atualizado;14/04/2026;2647435227;40661991432;Vale do Godric;SP;12/2024
247;648438208;Colin Vance;18/12/1939;Rua Mestre do Torneio Tribruxo, 29;Vila Sonserina;24585725;Andrômeda Vance;Cessado;88 - BPC Idoso;Vila Trouxinha;RJ;HP000463FAM;Atualizado;24/09/2026;3815045548;75510388093;Vila Trouxinha;RJ;09/2023
248;976214344;Pedro Vance;06/10/1949;Rua Mestre do Torneio Tribruxo, 29;Vila Sonserina;24585725;Andrômeda Vance;Ativo;88 - BPC Idoso;Vila Trouxinha;RJ;HP000463FAM;Atualizado;24/09/2026;9787446126;50903692088;Vila Trouxinha;RJ;04/2021
249;275601132;Tiago Carlus Spinnet Wood;04/07/2002;Rua da Sala Precisa, 298 - Apto 1;Vila Weasley;78902901;Olívia Spinnet Wood;Ativo;87 - BPC Pessoa com Deficiência;Campo dos Centauros;GO;HP000465FAM;Desatualizado;04/04/2026;4546298604;08318539139;Monte Fênix;ES;09/2022
250;229535121;Popy Brown Snape;05/07/1947;Avenida Mestre Beco Diagonal, 804;Vila Weasley;06649508;Popy Brown Snape;Ativo;88 - BPC Idoso;Hogsmeade;MG;HP000469FAM;Desatualizado;16/07/2024;9933540208;85343960431;Hogsmeade;MG;12/2025
251;602041028;Andrômeda Pince Krum;02/07/2010;Alameda Prof. Travessa do Tranco, 594 - Apto 1;Recanto dos Centauros;07356850;Romilda Pince Krum;Ativo;87 - BPC Pessoa com Deficiência;Vau das Poções;SC;HP000471FAM;Atualizado;09/07/2020;4509427480;;Vau das Poções;SC;08/2020
252;293907147;Zacarias Shacklebolt;18/10/1961;Beco Travessa do Tranco, 289 - Fundos;Colônia Fenda da Serpente;74630131;Andrômeda Shacklebolt;Cessado;88 - BPC Idoso;Vau das Poções;SC;HP000474FAM;Atualizado;10/08/2026;5425280381;95510145378;Vau das Poções;SC;12/2020
253;071433245;Dédalo Scrimgeour;21/12/1960;Alameda Mestre da Sonserina, 118 - Fundos;Recanto dos Centauros;42495774;Minerva Scrimgeour;Cessado;88 - BPC Idoso;Baía do Caldeirão;CE;HP000475FAM;Desatualizado;21/06/2022;9225567522;59815331885;Baía do Caldeirão;CE;03/2023
254;703933993;Dolores Jane Bones;19/02/1954;Praça Mestre das Poções, 677 - Apto 1;Vila Trouxa;32535473;Dolores Jane Bones;Ativo;88 - BPC Idoso;Vila Trouxinha;RJ;HP000478FAM;Desatualizado;23/06/2025;8286430063;52124101006;Vila Trouxinha;RJ;02/2023
255;156936853;Nevile Franklin Bones;24/04/1944;Praça Mestre das Poções, 677 - Apto 1;Vila Trouxa;32535473;Dolores Jane Bones;Suspenso;88 - BPC Idoso;Vila Trouxinha;RJ;HP000478FAM;Desatualizado;23/06/2025;4745261475;18483865083;Vila Trouxinha;RJ;08/2021
256;587686805;Emelina Bones;11/11/1951;Praça Mestre das Poções, 677 - Apto 1;Vila Trouxa;32535473;Dolores Jane Bones;Ativo;88 - BPC Idoso;Vila Trouxinha;RJ;HP000478FAM;Desatualizado;23/06/2025;6935201195;94342769424;Vila Trouxinha;RJ;02/2025
257;748110317;Arthur Septimus Goldstein Sinistra;02/05/1971;Rua Sr. da Floresta Proibida, 805 - Casa;Núcleo Hogwarts;06449550;Lavínia Goldstein Sinistra;Ativo;87 - BPC Pessoa com Deficiência;Porto dos Duendes;PE;HP000479FAM;Desatualizado;19/08/2026;9538207805;33625350115;Porto dos Duendes;PE;12/2026
258;968650213;Pedro Vance Patil;06/09/1959;Viela Prof. dos Trouxas, 727 - Sobrado;Vila Sonserina;43766103;Ariana Vance Patil;Bloqueado;88 - BPC Idoso;Vila Trouxinha;RJ;HP000480FAM;Desatualizado;17/06/2025;7768413260;53063703228;Vila Trouxinha;RJ;10/2026
259;514743454;Dédalo Vance Patil;04/11/1945;Viela Prof. dos Trouxas, 727 - Sobrado;Vila Sonserina;43766103;Ariana Vance Patil;Cessado;88 - BPC Idoso;Vila Trouxinha;RJ;HP000480FAM;Desatualizado;17/06/2025;3463853497;00823716606;Vila Trouxinha;RJ;10/2024
260;986092256;Andrômeda Jordan Creevey;14/01/1959;Praça Prof. Fenícia, 38 - Sobrado;Vila das Bruxas;17207203;Gemma Jordan Creevey;Ativo;88 - BPC Idoso;Colina das Bruxas;RS;HP000483FAM;Desatualizado;03/07/2026;6704943880;30793094306;Monte Fênix;ES;09/2020
261;277548620;Cho Burbage Slughorn;19/01/1976;Avenida Dona de Hogsmeade, 837;Jardim Hogsmeade;78064370;Cho Burbage Slughorn;Bloqueado;87 - BPC Pessoa com Deficiência;Baía do Caldeirão;CE;HP000486FAM;Atualizado;28/10/2023;8283107614;03942297898;Vila Trouxinha;RJ;03/2026
262;475630117;Seamus Slughorn;23/01/1944;Viela dos Alfeineiros, 638 - Apto 1;Parque das Varinhas;13434478;Muriel Slughorn;Bloqueado;88 - BPC Idoso;Vale do Godric;SP;HP000488FAM;Desatualizado;25/10/2020;9265319504;12953870854;Vale do Godric;SP;08/2025
263;775734794;Ludo Dumbledore Spinnet;03/02/1935;Avenida Prof. da Corvinal, 199 - Fundos;Vila Trouxa;43886457;Fernanda Dumbledore Spinnet;Ativo;88 - BPC Idoso;Rio das Sereias;PA;HP000489FAM;Desatualizado;23/07/2023;4119866494;99074902612;Rio das Sereias;PA;01/2026
264;541748758;Marieta Dumbledore Spinnet;05/04/1960;Avenida Prof. da Corvinal, 199 - Fundos;Vila Trouxa;43886457;Fernanda Dumbledore Spinnet;Ativo;88 - BPC Idoso;Rio das Sereias;PA;HP000489FAM;Desatualizado;23/07/2023;5240964646;75726005655;Rio das Sereias;PA;05/2020
265;467111484;Pedro Dumbledore Spinnet;09/01/1960;Avenida Prof. da Corvinal, 199 - Fundos;Vila Trouxa;43886457;Fernanda Dumbledore Spinnet;Ativo;88 - BPC Idoso;Rio das Sereias;PA;HP000489FAM;Desatualizado;23/07/2023;1340182496;25956826449;Rio das Sereias;PA;10/2026
266;051465580;Lavínia Dumbledore Spinnet;19/07/1945;Avenida Prof. da Corvinal, 199 - Fundos;Vila Trouxa;43886457;Fernanda Dumbledore Spinnet;Bloqueado;88 - BPC Idoso;Rio das Sereias;PA;HP000489FAM;Desatualizado;23/07/2023;2884984328;27916739035;Rio das Sereias;PA;08/2023
267;111670562;Romilda Filch Sinistra;14/05/1962;Beco Mestre das Vassouras Voadoras, 448 - Sobrado;Jardim Hogsmeade;48832614;Molly Prewett Filch Sinistra;Ativo;87 - BPC Pessoa com Deficiência;Hogsmeade;MG;HP000490FAM;Desatualizado;12/06/2025;8291943948;03085035384;Hogsmeade;MG;11/2026
268;352109363;Horácio Bulstrode Krum;05/07/1955;Rua Mestre da Corvinal, 14 - Casa;Setor Mágico;32430235;Ariana Bulstrode Krum;Suspenso;88 - BPC Idoso;Monte Fênix;ES;HP000498FAM;Atualizado;17/10/2025;4775505871;71562643979;Monte Fênix;ES;08/2023
269;853247916;Dafne McGonagall Sinistra;14/09/1962;Travessa Dona Fenícia, 561 - Casa;Parque das Varinhas;59277731;Verônica McGonagall Sinistra;Cessado;87 - BPC Pessoa com Deficiência;Hogsmeade;MG;HP000504FAM;Atualizado;29/01/2025;5854786322;46481141247;Hogsmeade;MG;07/2022
270;461483942;Katie Brown;03/11/1961;Alameda Mestre das Grifinórias, 137 - Casa;Colônia Fenda da Serpente;35864369;Katie Brown;Suspenso;88 - BPC Idoso;Vale do Godric;SP;HP000506FAM;Atualizado;04/09/2024;4216121756;40813654905;Vale do Godric;SP;01/2020
271;591218679;Charity Slughorn;16/10/1963;Rua Prof. dos Duendes, 530 - Sobrado;Bairro dos Duendes;75979904;Susana Slughorn;Bloqueado;87 - BPC Pessoa com Deficiência;Fenda da Serpente;BA;HP000514FAM;Atualizado;16/12/2023;3472809990;17638333649;Fenda da Serpente;BA;08/2024
272;698668669;Sirius Orion Flint;08/08/1953;Viela Mestre do Quatro Privet Drive, 339 - Sobrado;Vila das Bruxas;25380008;Narcisa Flint;Cessado;88 - BPC Idoso;Hogsmeade;MG;HP000517FAM;Atualizado;23/11/2026;6288574137;31414729474;Hogsmeade;MG;02/2023
273;255167576;Dolores Jane Flint;13/01/1952;Viela Mestre do Quatro Privet Drive, 339 - Sobrado;Vila das Bruxas;25380008;Narcisa Flint;Ativo;88 - BPC Idoso;Hogsmeade;MG;HP000517FAM;Atualizado;23/11/2026;8378684199;15634501007;Hogsmeade;MG;12/2024
274;604870978;Angelina Prewett Fudge;20/03/1960;Rua Mestre da Sala Precisa, 521 - Sobrado;Vila Weasley;51724318;Wilhelmina Prewett Fudge;Ativo;88 - BPC Idoso;Baía do Caldeirão;CE;HP000518FAM;Atualizado;03/12/2025;3503049184;18659974207;Baía do Caldeirão;CE;05/2020
275;435243537;Muriel Greengrass;14/12/1961;Avenida Dona da Corvinal, 950 - Apto 1;Vila Corvinal;06509045;Romilda Greengrass;Ativo;88 - BPC Idoso;Serra da Coruja;PR;HP000519FAM;Atualizado;05/11/2021;8796883439;05295438425;Serra da Coruja;PR;12/2024
276;855655482;Argos Greengrass Riddle;18/06/2007;Praça Sr. dos Alfeineiros, 550 - Fundos;Colônia Fenda da Serpente;24593298;Andrômeda Greengrass Riddle;Suspenso;87 - BPC Pessoa com Deficiência;Serra da Coruja;PR;HP000521FAM;Atualizado;23/09/2025;9119160215;20529094435;Fenda da Serpente;BA;01/2026
277;044014637;Fernanda Greengrass Riddle;19/11/2016;Praça Sr. dos Alfeineiros, 550 - Fundos;Colônia Fenda da Serpente;24593298;Andrômeda Greengrass Riddle;Ativo;87 - BPC Pessoa com Deficiência;Serra da Coruja;PR;HP000521FAM;Atualizado;23/09/2025;3073718470;;Serra da Coruja;PR;09/2025
278;071852528;Andrômeda Moody;11/12/1939;Viela Prof. dos Feiticeiros, 664 - Apto 1;Bairro dos Duendes;57988037;Gemma Moody;Bloqueado;88 - BPC Idoso;Porto dos Duendes;PE;HP000522FAM;Desatualizado;22/01/2023;4263364519;81746138709;Porto dos Duendes;PE;08/2026
279;196417194;Rolando Hooch Fawcett;06/05/1941;Praça Travessa do Tranco, 847 - Casa;Conjunto Grifinória;42387142;Belatriz Lestrange Hooch Fawcett;Ativo;88 - BPC Idoso;Serra da Coruja;PR;HP000523FAM;Atualizado;30/07/2025;9460909200;40722554322;Baía do Caldeirão;CE;11/2022
280;465198807;Lúcio Abraxas Bulstrode;16/06/1995;Praça Prof. dos Centauros, 790 - Fundos;Recanto do Caldeirão;54856411;Angelina Bulstrode;Ativo;87 - BPC Pessoa com Deficiência;Campo dos Centauros;GO;HP000524FAM;Desatualizado;10/10/2024;2730109434;82209047208;Campo dos Centauros;GO;12/2023
281;606645450;Estúrgio Bulstrode;15/11/1959;Praça Prof. dos Centauros, 790 - Fundos;Recanto do Caldeirão;54856411;Angelina Bulstrode;Ativo;88 - BPC Idoso;Campo dos Centauros;GO;HP000524FAM;Desatualizado;10/10/2024;4815557829;02527481581;Campo dos Centauros;GO;03/2020
282;175876227;Wilhelmina Crouch Nott;25/06/1945;Travessa Dona dos Duendes, 496;Vila Weasley;65522680;Katie Crouch Nott;Ativo;88 - BPC Idoso;Vale do Godric;SP;HP000530FAM;Atualizado;07/09/2026;6338759306;70260602448;Vale do Godric;SP;12/2026
283;031395638;Alastor Bones;22/10/1951;Viela Prof. do Caldeirão Furado, 526;Setor Mágico;23827888;Gemma Bones;Cessado;88 - BPC Idoso;Fenda da Serpente;BA;HP000534FAM;Atualizado;05/10/2026;4322113715;44922488549;Fenda da Serpente;BA;09/2025
284;098825257;Katie Wood Dumbledore;01/08/1954;Praça Mestre da Pedra Filosofal, 450 - Sobrado;Vila Trouxa;51846532;Millicent Wood Dumbledore;Cessado;88 - BPC Idoso;Porto dos Duendes;PE;HP000536FAM;Desatualizado;27/11/2025;5996058639;74254572889;Porto dos Duendes;PE;01/2024
285;957296676;Wilhelmina Patil;21/09/1947;Avenida Dona do Quatro Privet Drive, 873 - Apto 1;Vila Sonserina;42616015;Ninfadora Patil;Ativo;88 - BPC Idoso;Vila Trouxinha;RJ;HP000537FAM;Desatualizado;23/09/2026;2934307276;30114117867;Vila Trouxinha;RJ;05/2025
286;827495239;Alastor Patil;27/05/1965;Avenida Dona do Quatro Privet Drive, 873 - Apto 1;Vila Sonserina;42616015;Ninfadora Patil;Ativo;87 - BPC Pessoa com Deficiência;Vila Trouxinha;RJ;HP000537FAM;Desatualizado;23/09/2026;0220327390;59811251520;Vila Trouxinha;RJ;12/2025
287;781492789;Narcisa Dumbledore Goyle;01/08/1979;Alameda Sr. dos Sonhadores, 822;Conjunto Grifinória;28114288;Sibila Dumbledore Goyle;Cessado;87 - BPC Pessoa com Deficiência;Monte Fênix;ES;HP000542FAM;Desatualizado;22/09/2021;2782916928;55792023345;Monte Fênix;ES;12/2020
288;125776640;Olívia Lupin Jordan;20/06/1972;Beco Dona da Sonserina, 337 - Casa;Recanto dos Centauros;54181048;Gina Molly Lupin Jordan;Ativo;87 - BPC Pessoa com Deficiência;Vau das Poções;SC;HP000545FAM;Atualizado;18/04/2026;4402800035;51751236024;Vau das Poções;SC;05/2022
289;908001817;Kingsley Pince Lovegood;21/09/1949;Rua Mestre da Pedra Filosofal, 687;Setor São Mungo;46305547;Minerva Pince Lovegood;Ativo;88 - BPC Idoso;Monte Fênix;ES;HP000546FAM;Atualizado;10/01/2023;4796017972;53825124771;Monte Fênix;ES;01/2026
290;044461383;Rufus Macmillan;03/04/1956;Rua Dona das Chaves de Voo, 151 - Apto 1;Bairro dos Duendes;65659903;Muriel Macmillan;Ativo;88 - BPC Idoso;Campo dos Centauros;GO;HP000547FAM;Desatualizado;29/07/2023;8754275407;34056840054;Campo dos Centauros;GO;05/2026
291;646504306;Rita Macmillan;12/11/1992;Rua Dona das Chaves de Voo, 151 - Apto 1;Bairro dos Duendes;65659903;Muriel Macmillan;Ativo;87 - BPC Pessoa com Deficiência;Campo dos Centauros;GO;HP000547FAM;Desatualizado;29/07/2023;8828755396;89726919845;Campo dos Centauros;GO;02/2022
292;201965362;Oliver Macmillan;04/11/1949;Rua Dona das Chaves de Voo, 151 - Apto 1;Bairro dos Duendes;65659903;Muriel Macmillan;Ativo;88 - BPC Idoso;Campo dos Centauros;GO;HP000547FAM;Desatualizado;29/07/2023;7940088374;58087438852;Campo dos Centauros;GO;09/2024
293;654221928;Cornélio Scrimgeour Crabbe;05/01/1956;Travessa Prof. do Quatro Privet Drive, 86;Recanto dos Centauros;68508907;Parvati Scrimgeour Crabbe;Cessado;88 - BPC Idoso;Baía do Caldeirão;CE;HP000548FAM;Desatualizado;28/12/2026;1021897273;01982000647;Baía do Caldeirão;CE;06/2020
294;535005644;Susana Scrimgeour Crabbe;19/12/1952;Travessa Prof. do Quatro Privet Drive, 86;Recanto dos Centauros;68508907;Parvati Scrimgeour Crabbe;Ativo;88 - BPC Idoso;Baía do Caldeirão;CE;HP000548FAM;Desatualizado;28/12/2026;6080166504;75668790901;Baía do Caldeirão;CE;01/2026
295;769174396;Basilio Spinnet;08/10/2012;Rua Prof. dos Alfeineiros, 796 - Sobrado;Setor Mágico;40825581;Padma Spinnet;Ativo;87 - BPC Pessoa com Deficiência;Vau das Poções;SC;HP000555FAM;Desatualizado;04/09/2026;2267637665;;Vau das Poções;SC;06/2020
296;842168513;Percy Ignácio Thomas Trelawney;06/12/1989;Travessa Sr. das Corujas, 369;Vila Corvinal;93392457;Carlota Thomas Trelawney;Ativo;87 - BPC Pessoa com Deficiência;Fenda da Serpente;BA;HP000556FAM;Atualizado;25/12/2026;8686132409;95545552459;Vila Trouxinha;RJ;10/2023
297;735156691;Argos Vance Fawcett;02/04/1999;Viela Prof. Beco Diagonal, 831 - Apto 1;Setor São Mungo;11870886;Wilhelmina Vance Fawcett;Ativo;87 - BPC Pessoa com Deficiência;Vau das Poções;SC;HP000558FAM;Atualizado;04/09/2026;7678230378;94055547000;Vau das Poções;SC;07/2024
298;932580666;Seamus Riddle;20/05/2007;Praça Mestre dos Centauros, 871;Vila Corvinal;50510767;Popy Riddle;Ativo;87 - BPC Pessoa com Deficiência;Baía do Caldeirão;CE;HP000562FAM;Atualizado;19/03/2025;8864897805;63990502003;Baía do Caldeirão;CE;07/2023
299;830741780;Charity Pince Diggle;16/01/1947;Beco Sr. das Varinhas, 916 - Apto 1;Recanto do Caldeirão;80460205;Wilhelmina Pince Diggle;Suspenso;88 - BPC Idoso;Porto dos Duendes;PE;HP000564FAM;Desatualizado;19/12/2024;4380338305;10665180848;Porto dos Duendes;PE;08/2022
300;703357431;Millicent Delacour Potter;24/06/1973;Avenida Dona Fenícia, 306 - Fundos;Vila Weasley;81730614;Pansy Delacour Potter;Bloqueado;87 - BPC Pessoa com Deficiência;Rio das Sereias;PA;HP000568FAM;Desatualizado;07/12/2024;5254926838;48526521804;Rio das Sereias;PA;05/2026
301;987321242;Hannah Delacour Potter;11/09/1939;Avenida Dona Fenícia, 306 - Fundos;Vila Weasley;81730614;Pansy Delacour Potter;Cessado;88 - BPC Idoso;Rio das Sereias;PA;HP000568FAM;Desatualizado;07/12/2024;2011639373;38310363144;Rio das Sereias;PA;05/2024
302;543782790;Fred Filch;03/09/1960;Praça Dona do Salgueiro Lutador, 550 - Casa;Bairro dos Duendes;43449713;Rita Filch;Ativo;88 - BPC Idoso;Campo dos Centauros;GO;HP000570FAM;Atualizado;19/01/2026;9847011780;74977018510;Rio das Sereias;PA;09/2021
303;178011485;Sirius Orion Sprout Flitwick;13/06/1989;Travessa Dona do Expresso de Hogwarts, 901;Jardim Lufa-Lufa;43312695;Petúnia Sprout Flitwick;Bloqueado;87 - BPC Pessoa com Deficiência;Hogsmeade;MG;HP000571FAM;Atualizado;14/03/2025;3923083593;66211468411;Vila Trouxinha;RJ;02/2023
304;377361614;Cornélio Slughorn;14/09/1951;Travessa Sr. de Hogsmeade, 279 - Apto 1;Jardim Hogsmeade;75927264;Angelina Slughorn;Cessado;88 - BPC Idoso;Fenda da Serpente;BA;HP000572FAM;Atualizado;06/09/2024;3160943281;15958750189;Fenda da Serpente;BA;03/2022
305;271085745;Pedro Slughorn;25/02/2024;Travessa Sr. de Hogsmeade, 279 - Apto 1;Jardim Hogsmeade;75927264;Angelina Slughorn;Cessado;87 - BPC Pessoa com Deficiência;Fenda da Serpente;BA;HP000572FAM;Atualizado;06/09/2024;0987175903;;Fenda da Serpente;BA;10/2020
306;556546388;Muriel Crouch Potter;07/05/2003;Beco Sr. das Vassouras Voadoras, 706 - Apto 1;Bairro dos Duendes;44994425;Gemma Crouch Potter;Ativo;87 - BPC Pessoa com Deficiência;Hogsmeade;MG;HP000573FAM;Desatualizado;21/06/2024;4938059116;08740867369;Hogsmeade;MG;07/2023
307;736449263;Aurora Bones;22/10/1991;Rua das Varinhas, 114 - Sobrado;Parque das Varinhas;25050549;Verônica Bones;Suspenso;87 - BPC Pessoa com Deficiência;Fenda da Serpente;BA;HP000577FAM;Desatualizado;12/06/2025;4528458840;09837755755;Fenda da Serpente;BA;03/2020
308;496148393;Fleur Bones;15/02/1957;Rua das Varinhas, 114 - Sobrado;Parque das Varinhas;25050549;Verônica Bones;Ativo;88 - BPC Idoso;Fenda da Serpente;BA;HP000577FAM;Desatualizado;12/06/2025;7730210682;03494063592;Vila Trouxinha;RJ;12/2025
309;958750397;Amos Goyle;28/03/1966;Praça Dona Fenícia, 122 - Apto 1;Vila das Bruxas;35176681;Millicent Goyle;Suspenso;87 - BPC Pessoa com Deficiência;Vau das Poções;SC;HP000578FAM;Atualizado;01/11/2026;4305276354;11995843042;Vau das Poções;SC;05/2025
310;596052540;Belatriz Lestrange Shacklebolt;17/12/1977;Beco da Pedra Filosofal, 667 - Apto 1;Vila Trouxa;08499651;Andrômeda Shacklebolt;Ativo;87 - BPC Pessoa com Deficiência;Vau das Poções;SC;HP000579FAM;Atualizado;27/09/2026;8273394279;79466111709;Vau das Poções;SC;09/2020
311;261261971;Belatriz Lestrange Shacklebolt;16/09/1943;Beco da Pedra Filosofal, 667 - Apto 1;Vila Trouxa;08499651;Andrômeda Shacklebolt;Ativo;88 - BPC Idoso;Vau das Poções;SC;HP000579FAM;Atualizado;27/09/2026;2537772239;03959080007;Vau das Poções;SC;04/2022
312;086741598;Tiago Carlus Greengrass;14/10/1947;Praça Sr. de Hogsmeade, 972;Núcleo Hogwarts;50218968;Padma Greengrass;Ativo;88 - BPC Idoso;Hogsmeade;MG;HP000582FAM;Desatualizado;04/08/2025;3446785451;40639755096;Hogsmeade;MG;11/2025
313;667109482;Rolando Greengrass;01/09/2015;Praça Sr. de Hogsmeade, 972;Núcleo Hogwarts;50218968;Padma Greengrass;Ativo;87 - BPC Pessoa com Deficiência;Hogsmeade;MG;HP000582FAM;Desatualizado;04/08/2025;6269910805;;Hogsmeade;MG;07/2025
314;005465705;Oliver Bell;15/01/1956;Travessa Prof. das Vassouras Voadoras, 532 - Casa;Vila Corvinal;45698131;Petúnia Bell;Ativo;88 - BPC Idoso;Campo dos Centauros;GO;HP000585FAM;Desatualizado;05/03/2022;8528905460;64047220709;Campo dos Centauros;GO;05/2026
315;319378130;Carlota Lestrange Flint;03/06/1961;Alameda Mestre da Lufa-Lufa, 232 - Casa;Recanto do Caldeirão;01770316;Cho Lestrange Flint;Ativo;88 - BPC Idoso;Baía do Caldeirão;CE;HP000586FAM;Atualizado;24/04/2024;1252602191;94439782373;Baía do Caldeirão;CE;04/2020
316;074413284;Marcus Bones;14/08/1999;Travessa Prof. da Floresta Proibida, 32;Vila Trouxa;65135723;Pomona Bones;Suspenso;87 - BPC Pessoa com Deficiência;Rio das Sereias;PA;HP000591FAM;Atualizado;22/03/2023;8550686454;19302981450;Rio das Sereias;PA;02/2025
317;709862178;Dennis Black;24/02/1948;Beco Sr. Travessa do Tranco, 159 - Apto 1;Setor Mágico;61638547;Ariana Black;Ativo;88 - BPC Idoso;Hogsmeade;MG;HP000592FAM;Desatualizado;09/04/2026;3130063444;53913983399;Hogsmeade;MG;03/2023
318;771625338;Pomona McGonagall Riddle;24/09/1951;Rua Dona dos Elfos Domésticos, 425 - Apto 1;Recanto dos Centauros;59669532;Olívia McGonagall Riddle;Bloqueado;88 - BPC Idoso;Serra da Coruja;PR;HP000593FAM;Desatualizado;31/10/2026;3469786531;00579063435;Serra da Coruja;PR;04/2026
319;458542976;Dino Fenwick Pomfrey;24/01/1960;Praça Sr. dos Duendes, 842 - Casa;Vila Trouxa;04964519;Narcisa Fenwick Pomfrey;Ativo;88 - BPC Idoso;Serra da Coruja;PR;HP000594FAM;Desatualizado;24/10/2023;7165676665;35898029602;Serra da Coruja;PR;08/2025
320;215334648;Hermione Jane Fenwick Pomfrey;17/09/1961;Praça Sr. dos Duendes, 842 - Casa;Vila Trouxa;04964519;Narcisa Fenwick Pomfrey;Cessado;88 - BPC Idoso;Serra da Coruja;PR;HP000594FAM;Desatualizado;24/10/2023;3323121374;08213728156;Rio das Sereias;PA;07/2026
321;059334158;George Flitwick;02/03/1945;Beco Dona do Torneio Tribruxo, 637 - Casa;Vila Weasley;07466480;Narcisa Flitwick;Cessado;88 - BPC Idoso;Colina das Bruxas;RS;HP000597FAM;Atualizado;03/12/2026;9056080391;00202616403;Colina das Bruxas;RS;01/2026
322;023119192;Ludo Moody Abbott;01/10/1959;Alameda do Caldeirão Furado, 323 - Fundos;Vila Weasley;51763321;Alícia Moody Abbott;Ativo;88 - BPC Idoso;Serra da Coruja;PR;HP000600FAM;Atualizado;12/06/2021;1741640121;36957923455;Serra da Coruja;PR;11/2023
323;029289242;Severo Tobias Hagrid;16/04/1940;Viela dos Duendes, 289;Jardim Lufa-Lufa;35291478;Susana Hagrid;Ativo;88 - BPC Idoso;Monte Fênix;ES;HP000603FAM;Atualizado;20/07/2025;8855701821;26075072943;Monte Fênix;ES;01/2020
324;389804498;Molly Prewett Shacklebolt;19/09/1959;Beco Dona Beco Diagonal, 694 - Sobrado;Parque das Varinhas;95103472;Gina Molly Shacklebolt;Bloqueado;88 - BPC Idoso;Rio das Sereias;PA;HP000605FAM;Desatualizado;24/01/2026;3886076092;27291520593;Rio das Sereias;PA;05/2020
325;713726946;Elpídio Krum;23/09/1977;Rua Sr. dos Alfeineiros, 138 - Casa;Setor São Mungo;68663361;Ninfadora Krum;Ativo;87 - BPC Pessoa com Deficiência;Vau das Poções;SC;HP000610FAM;Desatualizado;03/09/2026;8438438399;44400678593;Colina das Bruxas;RS;07/2022
326;640602903;Molly Prewett Flint;24/07/1955;Rua Sr. Travessa do Tranco, 327 - Sobrado;Vila Weasley;18253957;Lavínia Flint;Ativo;88 - BPC Idoso;Hogsmeade;MG;HP000614FAM;Desatualizado;24/09/2021;2242700127;66773653790;Vila Trouxinha;RJ;11/2023
327;268768497;Dino Flint;07/12/1988;Rua Sr. Travessa do Tranco, 327 - Sobrado;Vila Weasley;18253957;Lavínia Flint;Bloqueado;87 - BPC Pessoa com Deficiência;Hogsmeade;MG;HP000614FAM;Desatualizado;24/09/2021;8866040833;94150515234;Hogsmeade;MG;08/2024
328;697747719;Estúrgio Potter;02/10/2007;Alameda Dona do Salgueiro Lutador, 761 - Fundos;Recanto dos Centauros;92047547;Gemma Potter;Ativo;87 - BPC Pessoa com Deficiência;Vila Trouxinha;RJ;HP000617FAM;Desatualizado;28/01/2022;4374900354;35273265536;Vila Trouxinha;RJ;07/2023
329;971456929;Miguel Potter;02/11/2014;Alameda Dona do Salgueiro Lutador, 761 - Fundos;Recanto dos Centauros;92047547;Gemma Potter;Ativo;87 - BPC Pessoa com Deficiência;Vila Trouxinha;RJ;HP000617FAM;Desatualizado;28/01/2022;0293355459;;Vila Trouxinha;RJ;07/2022
330;932574833;Grope Boot;15/02/1954;Beco do Quatro Privet Drive, 843;Colônia Fenda da Serpente;00198057;Rita Boot;Ativo;88 - BPC Idoso;Porto dos Duendes;PE;HP000618FAM;Atualizado;23/10/2025;8554670912;37644837682;Porto dos Duendes;PE;03/2025
331;835489412;Muriel Finch-Fletchley;19/01/1983;Rua Prof. Beco Diagonal, 139 - Fundos;Jardim Hogsmeade;99269242;Millicent Finch-Fletchley;Bloqueado;87 - BPC Pessoa com Deficiência;Baía do Caldeirão;CE;HP000628FAM;Atualizado;04/08/2026;0652187549;79225898407;Baía do Caldeirão;CE;05/2022
332;673484052;Petúnia Finch-Fletchley;12/12/1951;Rua Prof. Beco Diagonal, 139 - Fundos;Jardim Hogsmeade;99269242;Millicent Finch-Fletchley;Ativo;88 - BPC Idoso;Baía do Caldeirão;CE;HP000628FAM;Atualizado;04/08/2026;5639239951;48708736991;Baía do Caldeirão;CE;06/2021
333;023858625;Merope Flint Dearborn;02/05/1937;Alameda Prof. Beco Diagonal, 577 - Apto 1;Colônia Fenda da Serpente;41498427;Millicent Flint Dearborn;Ativo;87 - BPC Pessoa com Deficiência;Colina das Bruxas;RS;HP000629FAM;Desatualizado;10/05/2022;0367976161;35731618635;Colina das Bruxas;RS;10/2022
334;732883824;Alícia Lovegood Creevey;20/12/1961;Viela Mestre dos Trouxas, 204 - Apto 1;Vila Corvinal;24158992;Minerva Lovegood Creevey;Ativo;87 - BPC Pessoa com Deficiência;Vau das Poções;SC;HP000631FAM;Atualizado;16/05/2024;8457063081;24115919509;Porto dos Duendes;PE;01/2024
335;788448009;Pedro Lovegood Creevey;06/09/2006;Viela Mestre dos Trouxas, 204 - Apto 1;Vila Corvinal;24158992;Minerva Lovegood Creevey;Suspenso;87 - BPC Pessoa com Deficiência;Vau das Poções;SC;HP000631FAM;Atualizado;16/05/2024;5588285512;29155531302;Vau das Poções;SC;08/2026
336;724779116;Muriel Patil Brown;21/09/1940;Travessa Prof. das Varinhas, 747;Setor Mágico;86998804;Bathsheda Patil Brown;Ativo;88 - BPC Idoso;Serra da Coruja;PR;HP000636FAM;Desatualizado;14/08/2026;0000920899;25492228906;Serra da Coruja;PR;05/2022
337;139678956;Muriel Dumbledore Pince;05/12/1956;Beco dos Elfos Domésticos, 375;Vila das Bruxas;40606563;Fernanda Dumbledore Pince;Ativo;88 - BPC Idoso;Monte Fênix;ES;HP000642FAM;Desatualizado;08/08/2024;9921011274;73163316155;Monte Fênix;ES;01/2022
338;526607883;Dino McGonagall Diggle;04/03/1956;Travessa do Salgueiro Lutador, 767 - Fundos;Recanto do Caldeirão;96752742;Andrômeda McGonagall Diggle;Ativo;88 - BPC Idoso;Porto dos Duendes;PE;HP000645FAM;Atualizado;08/11/2025;0136749071;74092566483;Porto dos Duendes;PE;12/2026
339;783091689;Petúnia Vance;01/02/1997;Beco Prof. do Expresso de Hogwarts, 188 - Fundos;Vila Weasley;22569351;Verônica Vance;Ativo;87 - BPC Pessoa com Deficiência;Serra da Coruja;PR;HP000647FAM;Atualizado;11/08/2024;1839675311;35492237068;Serra da Coruja;PR;10/2026
340;945249300;Dafne Vance;10/01/2018;Beco Prof. do Expresso de Hogwarts, 188 - Fundos;Vila Weasley;22569351;Verônica Vance;Cessado;87 - BPC Pessoa com Deficiência;Serra da Coruja;PR;HP000647FAM;Atualizado;11/08/2024;3832490105;;Serra da Coruja;PR;02/2026
341;608631737;Fleur Snape;18/08/1939;Rua Sr. dos Duendes, 810 - Fundos;Vila Trouxa;35693653;Wilhelmina Snape;Ativo;88 - BPC Idoso;Fenda da Serpente;BA;HP000649FAM;Desatualizado;24/12/2026;8205727140;80243500098;Fenda da Serpente;BA;10/2023
342;120717759;Alvo Percival Snape;27/09/1960;Rua Sr. dos Duendes, 810 - Fundos;Vila Trouxa;35693653;Wilhelmina Snape;Suspenso;88 - BPC Idoso;Fenda da Serpente;BA;HP000649FAM;Desatualizado;24/12/2026;4840998148;20812858002;Fenda da Serpente;BA;07/2025
343;939366888;Carlota Crouch Goyle;18/08/1943;Beco Sr. dos Elfos Domésticos, 967 - Fundos;Recanto dos Centauros;47998933;Andrômeda Crouch Goyle;Ativo;88 - BPC Idoso;Colina das Bruxas;RS;HP000650FAM;Atualizado;23/06/2026;1369181034;69228008500;Colina das Bruxas;RS;01/2024
344;920836376;Tiago Carlus Prewett;13/09/2019;Travessa Sr. do Torneio Tribruxo, 411 - Apto 1;Conjunto Grifinória;91760049;Bathsheda Prewett;Ativo;87 - BPC Pessoa com Deficiência;Porto dos Duendes;PE;HP000654FAM;Atualizado;17/11/2020;8034919085;;Porto dos Duendes;PE;11/2020
345;175315255;Bilius Prewett;05/09/1961;Travessa Sr. do Torneio Tribruxo, 411 - Apto 1;Conjunto Grifinória;91760049;Bathsheda Prewett;Bloqueado;88 - BPC Idoso;Porto dos Duendes;PE;HP000654FAM;Atualizado;17/11/2020;4138323249;99667436773;Porto dos Duendes;PE;01/2020
346;105948634;Gregory Meadowes;15/03/1963;Travessa Dona das Corujas, 177 - Apto 1;Setor São Mungo;94116662;Petúnia Meadowes;Suspenso;87 - BPC Pessoa com Deficiência;Monte Fênix;ES;HP000657FAM;Atualizado;13/02/2024;1576128201;16482126540;Monte Fênix;ES;05/2025
347;992008392;Astória Meadowes;06/03/1955;Travessa Dona das Corujas, 177 - Apto 1;Setor São Mungo;94116662;Petúnia Meadowes;Ativo;88 - BPC Idoso;Monte Fênix;ES;HP000657FAM;Atualizado;13/02/2024;7882677541;82730944992;Monte Fênix;ES;10/2025
348;122549611;Dolores Jane Lestrange;08/04/2012;Praça Sr. das Varinhas, 276 - Apto 1;Jardim Lufa-Lufa;67049652;Wilhelmina Lestrange;Ativo;87 - BPC Pessoa com Deficiência;Colina das Bruxas;RS;HP000658FAM;Atualizado;23/02/2026;9938474807;;Colina das Bruxas;RS;05/2021
349;803745064;Remo João Bagman Pomfrey;13/10/1985;Beco do Salgueiro Lutador, 275 - Fundos;Vila Sonserina;61130928;Katie Bagman Pomfrey;Cessado;87 - BPC Pessoa com Deficiência;Colina das Bruxas;RS;HP000666FAM;Atualizado;13/11/2026;1498541047;23676926964;Colina das Bruxas;RS;11/2021
350;805832768;Nevile Franklin Lovegood Vector;13/05/1960;Avenida Dona do Caldeirão Furado, 425 - Fundos;Recanto dos Centauros;95186286;Pomona Lovegood Vector;Bloqueado;88 - BPC Idoso;Colina das Bruxas;RS;HP000669FAM;Atualizado;22/12/2026;5692309946;25505408405;Colina das Bruxas;RS;07/2022
351;670518756;Muriel Delacour Crouch;04/04/1951;Alameda Mestre das Bruxas Sábias, 989 - Apto 1;Jardim Lufa-Lufa;82975553;Popy Delacour Crouch;Ativo;88 - BPC Idoso;Vale do Godric;SP;HP000671FAM;Atualizado;26/08/2022;3563139757;86356415400;Vale do Godric;SP;06/2025
352;255397027;Tiago Carlus Slughorn;20/07/1989;Avenida do Expresso de Hogwarts, 272 - Casa;Vila Trouxa;54250109;Merope Slughorn;Ativo;87 - BPC Pessoa com Deficiência;Baía do Caldeirão;CE;HP000672FAM;Desatualizado;21/07/2026;5239003592;25311511849;Baía do Caldeirão;CE;06/2020
353;688648771;Lílian Evelina Bell;07/09/1948;Alameda do Caldeirão Furado, 505 - Fundos;Núcleo Hogwarts;93050273;Romilda Bell;Cessado;88 - BPC Idoso;Porto dos Duendes;PE;HP000673FAM;Desatualizado;21/04/2025;6498346947;76289773245;Porto dos Duendes;PE;09/2022
354;304499249;Cho Crouch Johnson;26/06/1957;Beco da Sala Precisa, 396 - Fundos;Bairro dos Duendes;23360999;Dolores Jane Crouch Johnson;Cessado;88 - BPC Idoso;Hogsmeade;MG;HP000677FAM;Desatualizado;08/11/2024;5222359152;55800204732;Hogsmeade;MG;12/2026
355;141818228;Seamus Abbott;23/02/1959;Avenida Sr. dos Alfeineiros, 383 - Sobrado;Vila Sonserina;50077605;Alícia Abbott;Cessado;88 - BPC Idoso;Porto dos Duendes;PE;HP000679FAM;Desatualizado;15/10/2026;9644922378;42878141422;Porto dos Duendes;PE;12/2022
356;961582629;Lavínia Lupin;23/10/1961;Alameda Prof. dos Dementadores Vencidos, 609 - Apto 1;Colônia Fenda da Serpente;91808004;Rita Lupin;Ativo;88 - BPC Idoso;Vale do Godric;SP;HP000687FAM;Atualizado;05/10/2025;8578940641;71107149182;Baía do Caldeirão;CE;01/2022
357;317943523;Nevile Franklin Granger Parkinson;14/10/1947;Beco Prof. Travessa do Tranco, 244 - Fundos;Parque das Varinhas;70939122;Katie Granger Parkinson;Cessado;88 - BPC Idoso;Vila Trouxinha;RJ;HP000689FAM;Desatualizado;30/09/2021;2756770169;92215333446;Colina das Bruxas;RS;08/2026
358;865424366;Ernesto Granger Parkinson;23/11/1960;Beco Prof. Travessa do Tranco, 244 - Fundos;Parque das Varinhas;70939122;Katie Granger Parkinson;Ativo;88 - BPC Idoso;Vila Trouxinha;RJ;HP000689FAM;Desatualizado;30/09/2021;7196111762;47980942349;Vila Trouxinha;RJ;01/2025
359;966658007;Colin Spinnet Trelawney;03/01/1942;Rua Dona dos Centauros, 308 - Casa;Jardim Lufa-Lufa;15360895;Ariana Spinnet Trelawney;Bloqueado;88 - BPC Idoso;Baía do Caldeirão;CE;HP000691FAM;Desatualizado;04/11/2025;4842953446;70092483036;Baía do Caldeirão;CE;05/2025
360;476254819;Molly Prewett Filch;18/06/1951;Travessa Dona das Varinhas, 172 - Sobrado;Jardim Lufa-Lufa;83028258;Olívia Filch;Ativo;88 - BPC Idoso;Serra da Coruja;PR;HP000692FAM;Atualizado;28/06/2023;4096336216;47173255911;Serra da Coruja;PR;03/2022
361;774831909;Pansy Potter;05/03/1957;Praça Mestre dos Trouxas, 592 - Apto 1;Vila Trouxa;81980488;Emelina Potter;Bloqueado;88 - BPC Idoso;Fenda da Serpente;BA;HP000697FAM;Atualizado;20/07/2026;0457054238;50739444109;Hogsmeade;MG;12/2024
362;048362274;Estúrgio Potter;19/01/1946;Praça Mestre dos Trouxas, 592 - Apto 1;Vila Trouxa;81980488;Emelina Potter;Bloqueado;88 - BPC Idoso;Fenda da Serpente;BA;HP000697FAM;Atualizado;20/07/2026;1305104635;63682864743;Fenda da Serpente;BA;01/2026
363;648203462;Petúnia Potter;26/12/2010;Travessa Beco Diagonal, 875 - Casa;Parque das Varinhas;04844186;Charity Potter;Ativo;87 - BPC Pessoa com Deficiência;Campo dos Centauros;GO;HP000699FAM;Desatualizado;02/09/2025;9084948763;96882200275;Campo dos Centauros;GO;11/2026
364;855809057;Alastor Meadowes;15/11/1954;Beco Prof. do Caldeirão Furado, 933 - Apto 1;Vila Trouxa;05890170;Rita Meadowes;Bloqueado;88 - BPC Idoso;Serra da Coruja;PR;HP000700FAM;Atualizado;15/09/2024;8442296300;56424237116;Serra da Coruja;PR;08/2026
365;077585893;Cedrico Malfoy;09/11/1942;Alameda da Lufa-Lufa, 709;Recanto dos Centauros;12781768;Aurora Malfoy;Bloqueado;87 - BPC Pessoa com Deficiência;Hogsmeade;MG;HP000701FAM;Desatualizado;28/12/2022;1049408405;92803264903;Hogsmeade;MG;05/2025
366;153861420;Firenze Wood;18/04/1948;Praça Sr. dos Feiticeiros, 225 - Sobrado;Vila Sonserina;77950570;Katie Wood;Suspenso;88 - BPC Idoso;Fenda da Serpente;BA;HP000704FAM;Desatualizado;03/02/2024;0296741422;22296575690;Monte Fênix;ES;06/2021
367;225089460;Remo João Jordan Hooch;01/06/1987;Alameda Sr. do Salgueiro Lutador, 123 - Casa;Setor Mágico;44622006;Fleur Jordan Hooch;Suspenso;87 - BPC Pessoa com Deficiência;Hogsmeade;MG;HP000705FAM;Desatualizado;30/06/2025;5668989579;51481707789;Hogsmeade;MG;07/2026
368;512181769;Ninfadora Hooch Lupin;04/04/1940;Avenida Prof. dos Sonhadores, 768 - Sobrado;Vila Weasley;79937877;Muriel Hooch Lupin;Ativo;88 - BPC Idoso;Vau das Poções;SC;HP000710FAM;Atualizado;03/12/2021;2968479978;73901145763;Vau das Poções;SC;01/2023
369;261521826;Popy Chang Krum;04/12/1952;Viela de Hogsmeade, 377;Núcleo Hogwarts;26637532;Fleur Chang Krum;Suspenso;88 - BPC Idoso;Baía do Caldeirão;CE;HP000712FAM;Atualizado;30/12/2026;4513429131;22479944070;Baía do Caldeirão;CE;03/2023
370;278450952;Ludo Patil Vector;21/11/1961;Viela Mestre do Quatro Privet Drive, 990 - Casa;Setor São Mungo;85973446;Susana Patil Vector;Suspenso;88 - BPC Idoso;Colina das Bruxas;RS;HP000717FAM;Atualizado;25/12/2026;8718678277;00629440969;Colina das Bruxas;RS;12/2021
371;494868986;Merope Dearborn Bones;06/09/2008;Viela Dona do Salgueiro Lutador, 4;Bairro dos Duendes;14904916;Andrômeda Dearborn Bones;Ativo;87 - BPC Pessoa com Deficiência;Baía do Caldeirão;CE;HP000722FAM;Desatualizado;25/11/2025;0738256158;28970627620;Baía do Caldeirão;CE;01/2021
372;282846607;Romilda Dearborn Bones;22/04/2002;Viela Dona do Salgueiro Lutador, 4;Bairro dos Duendes;14904916;Andrômeda Dearborn Bones;Ativo;87 - BPC Pessoa com Deficiência;Baía do Caldeirão;CE;HP000722FAM;Desatualizado;25/11/2025;0635488933;95334912219;Baía do Caldeirão;CE;05/2020
373;904222667;Lílian Evelina Chang Pomfrey;03/03/1994;Praça das Chaves de Voo, 49 - Fundos;Vila Trouxa;94407428;Molly Prewett Chang Pomfrey;Ativo;87 - BPC Pessoa com Deficiência;Porto dos Duendes;PE;HP000723FAM;Atualizado;06/12/2025;8783620578;73285016853;Porto dos Duendes;PE;12/2022
374;808305300;Astória Bagman Bones;12/01/1960;Alameda Dona do Quatro Privet Drive, 504 - Fundos;Conjunto Grifinória;56190384;Muriel Bagman Bones;Ativo;88 - BPC Idoso;Vau das Poções;SC;HP000728FAM;Atualizado;20/11/2026;4894030573;36711765553;Vau das Poções;SC;02/2026
375;009587332;Dino Shacklebolt Johnson;08/10/1946;Viela Mestre das Corujas, 760 - Casa;Núcleo Hogwarts;90090023;Popy Shacklebolt Johnson;Ativo;88 - BPC Idoso;Monte Fênix;ES;HP000729FAM;Desatualizado;07/05/2024;6193145943;13755148738;Monte Fênix;ES;10/2025
376;686504593;Rita Fudge Slughorn;27/07/1944;Praça Sr. das Corujas, 134 - Casa;Jardim Lufa-Lufa;07663927;Aurora Fudge Slughorn;Ativo;88 - BPC Idoso;Hogsmeade;MG;HP000731FAM;Atualizado;26/11/2022;4570349711;90289187522;Hogsmeade;MG;05/2023
377;858507473;Lavínia Corner Wood;10/11/1940;Alameda Travessa do Tranco, 901 - Fundos;Bairro dos Duendes;83878371;Rita Corner Wood;Suspenso;88 - BPC Idoso;Porto dos Duendes;PE;HP000732FAM;Desatualizado;14/05/2026;5322348074;05841757791;Porto dos Duendes;PE;12/2025
378;109725297;Dino Corner Wood;28/12/1999;Alameda Travessa do Tranco, 901 - Fundos;Bairro dos Duendes;83878371;Rita Corner Wood;Cessado;87 - BPC Pessoa com Deficiência;Porto dos Duendes;PE;HP000732FAM;Desatualizado;14/05/2026;5809833501;24843188718;Porto dos Duendes;PE;12/2021
379;449291310;Remo João Corner Wood;06/10/2000;Alameda Travessa do Tranco, 901 - Fundos;Bairro dos Duendes;83878371;Rita Corner Wood;Ativo;87 - BPC Pessoa com Deficiência;Porto dos Duendes;PE;HP000732FAM;Desatualizado;14/05/2026;0103423925;05775755382;Porto dos Duendes;PE;10/2026
380;488992340;Fábio Ademar Lestrange;12/06/2011;Praça Dona Fenícia, 580 - Casa;Setor Mágico;99557351;Petúnia Lestrange;Bloqueado;87 - BPC Pessoa com Deficiência;Rio das Sereias;PA;HP000735FAM;Atualizado;25/11/2026;4192542439;;Rio das Sereias;PA;03/2025
381;205953120;Tiago Carlus Fenwick;15/09/1943;Praça Dona das Grifinórias, 705 - Fundos;Vila Corvinal;17839382;Carlota Fenwick;Bloqueado;88 - BPC Idoso;Campo dos Centauros;GO;HP000736FAM;Desatualizado;09/10/2026;2402510343;84156385828;Campo dos Centauros;GO;05/2023
382;897061712;Molly Prewett Fenwick;19/04/1954;Praça Dona das Grifinórias, 705 - Fundos;Vila Corvinal;17839382;Carlota Fenwick;Suspenso;88 - BPC Idoso;Campo dos Centauros;GO;HP000736FAM;Desatualizado;09/10/2026;3477022042;26630461404;Campo dos Centauros;GO;12/2023
383;556732639;Lílian Evelina Johnson Diggle;09/05/1976;Praça Dona dos Dementadores Vencidos, 806 - Sobrado;Vila Corvinal;39928641;Verônica Johnson Diggle;Ativo;87 - BPC Pessoa com Deficiência;Monte Fênix;ES;HP000737FAM;Desatualizado;10/08/2022;4832296905;79827248258;Monte Fênix;ES;09/2024
384;278620111;Justino Johnson Diggle;26/12/1959;Praça Dona dos Dementadores Vencidos, 806 - Sobrado;Vila Corvinal;39928641;Verônica Johnson Diggle;Ativo;88 - BPC Idoso;Monte Fênix;ES;HP000737FAM;Desatualizado;10/08/2022;3287024479;34313677397;Monte Fênix;ES;05/2020
385;815848125;Angelina Lovegood;04/06/1958;Beco Prof. dos Feiticeiros, 412 - Apto 1;Recanto do Caldeirão;12290451;Pomona Lovegood;Ativo;88 - BPC Idoso;Fenda da Serpente;BA;HP000738FAM;Desatualizado;05/12/2026;6062771897;93264614168;Fenda da Serpente;BA;01/2020
386;632752573;Gregory Bagman Potter;01/01/1942;Rua das Vassouras Voadoras, 683 - Sobrado;Conjunto Grifinória;83021900;Carlota Bagman Potter;Suspenso;88 - BPC Idoso;Rio das Sereias;PA;HP000739FAM;Desatualizado;14/08/2026;7212444621;75039903763;Porto dos Duendes;PE;04/2023
387;242271205;Merope Bagman Potter;14/05/2022;Rua das Vassouras Voadoras, 683 - Sobrado;Conjunto Grifinória;83021900;Carlota Bagman Potter;Ativo;87 - BPC Pessoa com Deficiência;Rio das Sereias;PA;HP000739FAM;Desatualizado;14/08/2026;3172234608;;Monte Fênix;ES;08/2024
388;254700686;Narcisa Malfoy;23/12/1957;Beco Mestre das Chaves de Voo, 574 - Apto 1;Setor São Mungo;63334219;Olívia Malfoy;Suspenso;88 - BPC Idoso;Colina das Bruxas;RS;HP000741FAM;Atualizado;10/02/2026;8703245508;19275712868;Colina das Bruxas;RS;07/2021
389;215926445;Charity Parkinson;12/02/1990;Alameda Sr. dos Sonhadores, 134 - Apto 1;Setor São Mungo;89833430;Gina Molly Parkinson;Suspenso;87 - BPC Pessoa com Deficiência;Serra da Coruja;PR;HP000743FAM;Atualizado;19/11/2026;0250098875;26575671938;Serra da Coruja;PR;01/2025
390;961692484;Dino Gaunt Parkinson;02/09/1959;Alameda Prof. das Poções, 987 - Fundos;Bairro dos Duendes;01610993;Wilhelmina Gaunt Parkinson;Ativo;88 - BPC Idoso;Vau das Poções;SC;HP000744FAM;Desatualizado;15/08/2024;3776077552;62654590741;Vau das Poções;SC;10/2021
391;996419033;Percy Ignácio Moody;20/11/1990;Alameda da Pedra Filosofal, 416 - Apto 1;Parque das Varinhas;07966273;Minerva Moody;Suspenso;87 - BPC Pessoa com Deficiência;Rio das Sereias;PA;HP000745FAM;Desatualizado;09/09/2025;6722971109;44984736124;Hogsmeade;MG;12/2023
392;912670049;Alastor Moody;17/11/1961;Praça Mestre dos Feiticeiros, 538 - Apto 1;Vila das Bruxas;07246860;Petúnia Moody;Bloqueado;88 - BPC Idoso;Monte Fênix;ES;HP000746FAM;Atualizado;05/10/2024;9957180720;50370015447;Monte Fênix;ES;01/2021
393;378956544;Charity Burbage;24/07/1957;Viela Mestre Beco Diagonal, 813;Vila Corvinal;58726860;Gemma Burbage;Ativo;88 - BPC Idoso;Serra da Coruja;PR;HP000748FAM;Desatualizado;17/01/2025;1232503173;83686322937;Serra da Coruja;PR;05/2026
394;640957118;Oliver Pomfrey Crabbe;28/08/2008;Viela Prof. de Hogsmeade, 269 - Apto 1;Vila das Bruxas;94491760;Andrômeda Pomfrey Crabbe;Ativo;87 - BPC Pessoa com Deficiência;Fenda da Serpente;BA;HP000751FAM;Desatualizado;27/12/2025;4002258433;05676071275;Fenda da Serpente;BA;05/2020
395;759337858;Carlota Tonks;21/12/1949;Praça Dona dos Centauros, 336 - Sobrado;Vila Weasley;32524142;Astória Tonks;Ativo;88 - BPC Idoso;Rio das Sereias;PA;HP000752FAM;Atualizado;07/10/2022;1183734930;00300467269;Rio das Sereias;PA;07/2025
396;632289952;Marcus Tonks;03/11/2019;Praça Dona dos Centauros, 336 - Sobrado;Vila Weasley;32524142;Astória Tonks;Ativo;87 - BPC Pessoa com Deficiência;Rio das Sereias;PA;HP000752FAM;Atualizado;07/10/2022;2610961797;;Vau das Poções;SC;03/2020
397;338247475;Dennis Tonks;20/07/1953;Praça Dona dos Centauros, 336 - Sobrado;Vila Weasley;32524142;Astória Tonks;Ativo;88 - BPC Idoso;Rio das Sereias;PA;HP000752FAM;Atualizado;07/10/2022;0818884391;41507264427;Rio das Sereias;PA;08/2022
398;137578206;Draco Lúcio Granger;15/04/1970;Beco Dona da Sonserina, 62 - Casa;Vila Weasley;78608747;Angelina Granger;Cessado;87 - BPC Pessoa com Deficiência;Serra da Coruja;PR;HP000759FAM;Atualizado;30/04/2024;3125737010;81035596877;Serra da Coruja;PR;11/2021
399;172460720;Harry Tiago Pince Spinnet;17/03/1963;Beco Prof. do Caldeirão Furado, 537 - Apto 1;Vila Sonserina;20615689;Dafne Pince Spinnet;Bloqueado;87 - BPC Pessoa com Deficiência;Serra da Coruja;PR;HP000760FAM;Desatualizado;13/05/2025;7323080773;77754588876;Serra da Coruja;PR;08/2024
400;253306298;Pomona Patil Bagman;03/12/1957;Travessa dos Elfos Domésticos, 483;Conjunto Grifinória;85723015;Fleur Patil Bagman;Bloqueado;88 - BPC Idoso;Colina das Bruxas;RS;HP000761FAM;Atualizado;07/06/2024;0850435379;02364605106;Colina das Bruxas;RS;04/2020
401;960805020;Luna Patil Bagman;10/06/1957;Travessa dos Elfos Domésticos, 483;Conjunto Grifinória;85723015;Fleur Patil Bagman;Cessado;88 - BPC Idoso;Colina das Bruxas;RS;HP000761FAM;Atualizado;07/06/2024;9550779693;26847055779;Colina das Bruxas;RS;04/2023
402;318443073;Cornélio Zabini;24/01/1950;Avenida Dona Travessa do Tranco, 351 - Apto 1;Jardim Lufa-Lufa;78954748;Pomona Zabini;Ativo;88 - BPC Idoso;Monte Fênix;ES;HP000762FAM;Desatualizado;13/09/2023;6243009226;83032190226;Monte Fênix;ES;10/2025
403;206210215;Astória Shacklebolt Hooch;01/02/1943;Travessa Mestre da Sala Precisa, 390 - Fundos;Vila Corvinal;82094102;Pomona Shacklebolt Hooch;Ativo;88 - BPC Idoso;Fenda da Serpente;BA;HP000767FAM;Atualizado;19/10/2026;8326640839;25570999889;Fenda da Serpente;BA;07/2026
404;789958604;Fábio Ademar Diggory;24/01/1952;Beco Prof. do Torneio Tribruxo, 296 - Fundos;Parque das Varinhas;06956992;Verônica Diggory;Suspenso;87 - BPC Pessoa com Deficiência;Baía do Caldeirão;CE;HP000768FAM;Desatualizado;04/08/2026;9625531473;37294276107;Baía do Caldeirão;CE;08/2022
405;451025078;Dennis Hagrid;12/07/1951;Travessa Prof. do Expresso de Hogwarts, 603 - Fundos;Parque das Varinhas;34315602;Luna Hagrid;Cessado;88 - BPC Idoso;Rio das Sereias;PA;HP000770FAM;Desatualizado;23/08/2026;8878072251;11388928315;Rio das Sereias;PA;09/2021
406;864049138;Verônica Diggory Dumbledore;15/07/1982;Alameda Mestre Fenícia, 34;Setor São Mungo;36298495;Dolores Jane Diggory Dumbledore;Ativo;87 - BPC Pessoa com Deficiência;Baía do Caldeirão;CE;HP000771FAM;Desatualizado;12/03/2022;6560456737;19218362375;Baía do Caldeirão;CE;09/2021
407;936590833;Ludo Boot;01/02/2016;Avenida Dona das Bruxas Sábias, 251;Setor São Mungo;90568811;Gemma Boot;Ativo;87 - BPC Pessoa com Deficiência;Rio das Sereias;PA;HP000774FAM;Desatualizado;25/12/2026;5615194126;;Rio das Sereias;PA;07/2022
408;506293473;Cornélio Crouch Parkinson;24/04/1957;Travessa Dona das Bruxas Sábias, 544 - Fundos;Jardim Lufa-Lufa;92366250;Rita Crouch Parkinson;Ativo;88 - BPC Idoso;Vau das Poções;SC;HP000777FAM;Atualizado;20/06/2025;2921962188;29740781509;Vau das Poções;SC;05/2025
409;757400188;Rolando Macmillan Lestrange;26/09/1970;Praça Beco Diagonal, 999 - Apto 1;Vila das Bruxas;85732747;Verônica Macmillan Lestrange;Bloqueado;87 - BPC Pessoa com Deficiência;Colina das Bruxas;RS;HP000780FAM;Atualizado;20/03/2026;2724099847;87060753984;Colina das Bruxas;RS;06/2022
410;167975012;Pomona Goyle Meadowes;13/04/1955;Alameda da Floresta Proibida, 143 - Apto 1;Parque das Varinhas;91213327;Padma Goyle Meadowes;Cessado;88 - BPC Idoso;Monte Fênix;ES;HP000781FAM;Desatualizado;26/08/2023;0187197164;57645150928;Vale do Godric;SP;11/2025
411;169282196;Cornélio Chang Filch;10/08/1987;Rua Sr. da Floresta Proibida, 380 - Apto 1;Bairro dos Duendes;90900615;Belatriz Lestrange Chang Filch;Ativo;87 - BPC Pessoa com Deficiência;Rio das Sereias;PA;HP000784FAM;Desatualizado;07/07/2022;9428025994;19683577344;Rio das Sereias;PA;08/2021
412;446268773;Belatriz Lestrange Zabini;05/09/1943;Alameda Prof. dos Sonhadores, 253;Setor São Mungo;70685606;Emelina Zabini;Ativo;88 - BPC Idoso;Porto dos Duendes;PE;HP000785FAM;Atualizado;03/06/2024;7146152446;17500926110;Porto dos Duendes;PE;07/2024
413;153939319;Gina Molly Dumbledore;05/11/1937;Travessa Mestre da Corvinal, 49 - Apto 1;Recanto do Caldeirão;14868891;Verônica Dumbledore;Ativo;88 - BPC Idoso;Campo dos Centauros;GO;HP000787FAM;Desatualizado;13/11/2023;6116671408;49165829349;Campo dos Centauros;GO;09/2022
414;683469822;Katie Lovegood Fudge;12/02/1952;Travessa Dona dos Alfeineiros, 913 - Sobrado;Bairro dos Duendes;83003350;Carlota Lovegood Fudge;Ativo;88 - BPC Idoso;Vila Trouxinha;RJ;HP000788FAM;Desatualizado;14/10/2023;8447932175;88237589124;Vila Trouxinha;RJ;07/2023
415;343133268;Rony Bilius Lovegood Fudge;17/03/1956;Travessa Dona dos Alfeineiros, 913 - Sobrado;Bairro dos Duendes;83003350;Carlota Lovegood Fudge;Cessado;88 - BPC Idoso;Vila Trouxinha;RJ;HP000788FAM;Desatualizado;14/10/2023;9295041885;96020311402;Vila Trouxinha;RJ;09/2021
416;863482287;Aurora Fenwick;12/09/1964;Rua dos Alfeineiros, 449 - Sobrado;Conjunto Grifinória;44725723;Rita Fenwick;Ativo;87 - BPC Pessoa com Deficiência;Monte Fênix;ES;HP000789FAM;Desatualizado;12/07/2023;5649081815;86493486105;Monte Fênix;ES;05/2022
417;213993250;Tiago Carlus Fenwick;02/12/1959;Rua dos Alfeineiros, 449 - Sobrado;Conjunto Grifinória;44725723;Rita Fenwick;Ativo;88 - BPC Idoso;Monte Fênix;ES;HP000789FAM;Desatualizado;12/07/2023;8159760991;96698795073;Monte Fênix;ES;03/2025
418;555158090;Rita Umbridge Bell;02/09/1950;Rua Mestre de Hogsmeade, 41 - Apto 1;Bairro dos Duendes;33440698;Angelina Umbridge Bell;Suspenso;88 - BPC Idoso;Hogsmeade;MG;HP000791FAM;Desatualizado;27/08/2024;9064016436;44514370326;Hogsmeade;MG;03/2021
419;784524571;Muriel Black Malfoy;22/04/1938;Alameda Dona das Poções, 344 - Apto 1;Parque das Varinhas;76739376;Romilda Black Malfoy;Bloqueado;88 - BPC Idoso;Fenda da Serpente;BA;HP000795FAM;Atualizado;20/07/2023;1824243000;73772672242;Fenda da Serpente;BA;08/2021
420;663348765;Horácio Lestrange;19/04/2006;Alameda Travessa do Tranco, 606 - Sobrado;Jardim Hogsmeade;21944691;Padma Lestrange;Ativo;87 - BPC Pessoa com Deficiência;Rio das Sereias;PA;HP000797FAM;Desatualizado;14/02/2025;7819135959;80329405024;Rio das Sereias;PA;05/2022
421;632269896;George Tonks Vance;08/12/1942;Travessa Dona da Floresta Proibida, 731 - Fundos;Conjunto Grifinória;74830112;Emelina Tonks Vance;Suspenso;88 - BPC Idoso;Campo dos Centauros;GO;HP000802FAM;Desatualizado;09/08/2026;0139653288;32542863596;Vale do Godric;SP;02/2022
422;272469521;Popy Parkinson Dumbledore;28/10/1956;Beco Dona do Torneio Tribruxo, 430 - Apto 1;Vila das Bruxas;02619298;Charity Parkinson Dumbledore;Ativo;88 - BPC Idoso;Vau das Poções;SC;HP000803FAM;Desatualizado;18/06/2025;6579809729;07937599602;Vau das Poções;SC;06/2022
423;364342827;Miguel Fenwick;12/05/1997;Travessa Prof. dos Duendes, 662 - Sobrado;Vila Weasley;35932660;Cho Fenwick;Ativo;87 - BPC Pessoa com Deficiência;Rio das Sereias;PA;HP000806FAM;Atualizado;11/10/2025;3115750804;88151504984;Rio das Sereias;PA;11/2021
424;922249965;Wilhelmina Greengrass Meadowes;06/04/1959;Viela Prof. das Poções, 542;Jardim Lufa-Lufa;36530069;Lílian Evelina Greengrass Meadowes;Cessado;88 - BPC Idoso;Vale do Godric;SP;HP000807FAM;Atualizado;13/12/2025;7804437780;35243150979;Vale do Godric;SP;01/2022
425;278093315;Tiago Carlus Krum;10/03/1961;Praça Sr. do Caldeirão Furado, 389 - Sobrado;Jardim Lufa-Lufa;17837357;Gemma Krum;Suspenso;88 - BPC Idoso;Campo dos Centauros;GO;HP000808FAM;Desatualizado;08/03/2026;2836759387;34794111933;Campo dos Centauros;GO;05/2023
426;199188370;Sibila Patil;07/04/1973;Avenida Sr. das Chaves de Voo, 820;Setor Mágico;52673007;Fernanda Patil;Ativo;87 - BPC Pessoa com Deficiência;Monte Fênix;ES;HP000809FAM;Desatualizado;14/10/2026;5044145434;43948252880;Monte Fênix;ES;09/2021
427;051819238;Romilda Tonks;19/10/1951;Rua dos Trouxas, 848 - Casa;Parque das Varinhas;87749769;Dolores Jane Tonks;Suspenso;88 - BPC Idoso;Rio das Sereias;PA;HP000810FAM;Desatualizado;21/12/2026;5485984635;82675363706;Rio das Sereias;PA;01/2022
428;111218181;Rony Bilius Hagrid Brown;25/08/2001;Praça Prof. das Vassouras Voadoras, 604;Jardim Hogsmeade;58703705;Charity Hagrid Brown;Ativo;87 - BPC Pessoa com Deficiência;Vale do Godric;SP;HP000811FAM;Desatualizado;03/07/2021;6700505868;65671035662;Vale do Godric;SP;06/2021
429;980279050;Petúnia Goyle Granger;01/05/1961;Praça da Lufa-Lufa, 559 - Sobrado;Conjunto Grifinória;27452260;Narcisa Goyle Granger;Ativo;88 - BPC Idoso;Baía do Caldeirão;CE;HP000813FAM;Desatualizado;13/08/2024;3078042651;18958395132;Baía do Caldeirão;CE;12/2022
430;754033132;Carlota Goyle Granger;11/06/1959;Praça da Lufa-Lufa, 559 - Sobrado;Conjunto Grifinória;27452260;Narcisa Goyle Granger;Suspenso;88 - BPC Idoso;Baía do Caldeirão;CE;HP000813FAM;Desatualizado;13/08/2024;4629330267;23788292217;Baía do Caldeirão;CE;08/2023
431;340803086;Kingsley Pomfrey Goldstein;12/01/1998;Avenida Mestre dos Alfeineiros, 344 - Casa;Vila Trouxa;62789517;Muriel Pomfrey Goldstein;Ativo;87 - BPC Pessoa com Deficiência;Fenda da Serpente;BA;HP000817FAM;Atualizado;05/12/2026;8474200205;34657015183;Fenda da Serpente;BA;07/2021
432;662047555;Basilio Pomfrey Goldstein;08/11/1936;Avenida Mestre dos Alfeineiros, 344 - Casa;Vila Trouxa;62789517;Muriel Pomfrey Goldstein;Ativo;88 - BPC Idoso;Fenda da Serpente;BA;HP000817FAM;Atualizado;05/12/2026;5333123759;84689051788;Fenda da Serpente;BA;08/2026
433;690854793;Verônica Pomfrey Goldstein;19/07/1940;Avenida Mestre dos Alfeineiros, 344 - Casa;Vila Trouxa;62789517;Muriel Pomfrey Goldstein;Bloqueado;88 - BPC Idoso;Fenda da Serpente;BA;HP000817FAM;Atualizado;05/12/2026;2204550681;39153401110;Fenda da Serpente;BA;01/2023
434;077774723;Cho Pomfrey Goldstein;05/02/1952;Avenida Mestre dos Alfeineiros, 344 - Casa;Vila Trouxa;62789517;Muriel Pomfrey Goldstein;Ativo;88 - BPC Idoso;Fenda da Serpente;BA;HP000817FAM;Atualizado;05/12/2026;3797008491;65873225812;Fenda da Serpente;BA;10/2022
435;577132508;Narcisa Dearborn Creevey;27/07/1962;Travessa Mestre da Floresta Proibida, 637 - Casa;Conjunto Grifinória;09607586;Popy Dearborn Creevey;Ativo;87 - BPC Pessoa com Deficiência;Campo dos Centauros;GO;HP000818FAM;Atualizado;12/10/2022;2245428926;77497464041;Campo dos Centauros;GO;05/2021
436;514598466;Ninfadora Hagrid Macmillan;14/06/1956;Beco do Expresso de Hogwarts, 321 - Fundos;Vila Sonserina;87188041;Sibila Hagrid Macmillan;Suspenso;88 - BPC Idoso;Colina das Bruxas;RS;HP000822FAM;Atualizado;06/02/2023;3218641502;18800283283;Colina das Bruxas;RS;08/2022
437;972545282;Lílian Evelina Corner Bell;28/12/1945;Rua Sr. dos Feiticeiros, 816 - Sobrado;Vila Weasley;25164328;Ariana Corner Bell;Ativo;88 - BPC Idoso;Hogsmeade;MG;HP000823FAM;Atualizado;02/10/2026;4387213454;15585344070;Hogsmeade;MG;07/2024
438;601247186;Arthur Septimus Carmichael Nott;22/02/1960;Avenida de Hogsmeade, 91 - Apto 1;Conjunto Grifinória;12393204;Fleur Carmichael Nott;Ativo;88 - BPC Idoso;Colina das Bruxas;RS;HP000824FAM;Atualizado;07/09/2026;6660467260;38909585081;Colina das Bruxas;RS;08/2024
439;704963441;Pedro Riddle Sinistra;05/06/2004;Beco Dona do Quatro Privet Drive, 729 - Apto 1;Vila das Bruxas;38210570;Fernanda Riddle Sinistra;Ativo;87 - BPC Pessoa com Deficiência;Vila Trouxinha;RJ;HP000825FAM;Desatualizado;31/10/2023;7919722742;38179431640;Fenda da Serpente;BA;01/2026
440;060398773;Andrômeda Chang Hagrid;22/01/1976;Beco Sr. das Bruxas Sábias, 229 - Casa;Parque das Varinhas;27335837;Popy Chang Hagrid;Suspenso;87 - BPC Pessoa com Deficiência;Serra da Coruja;PR;HP000826FAM;Atualizado;15/10/2026;4120243850;97529490298;Serra da Coruja;PR;02/2021
441;505487211;Colin Bagman;03/05/1961;Viela das Corujas, 143 - Casa;Conjunto Grifinória;25392627;Molly Prewett Bagman;Ativo;87 - BPC Pessoa com Deficiência;Vau das Poções;SC;HP000827FAM;Desatualizado;27/07/2022;9434736724;52259362102;Rio das Sereias;PA;05/2025
442;694119913;Bathsheda Bagman;22/12/1939;Viela das Corujas, 143 - Casa;Conjunto Grifinória;25392627;Molly Prewett Bagman;Bloqueado;87 - BPC Pessoa com Deficiência;Vau das Poções;SC;HP000827FAM;Desatualizado;27/07/2022;9652382373;71269022203;Vau das Poções;SC;12/2020
443;155362396;Ninfadora Spinnet;19/03/1979;Praça Dona da Sala Precisa, 796 - Apto 1;Setor São Mungo;94229380;Hannah Spinnet;Bloqueado;87 - BPC Pessoa com Deficiência;Fenda da Serpente;BA;HP000828FAM;Desatualizado;10/08/2024;4280437097;66384324603;Vale do Godric;SP;08/2023
444;963674919;Marieta Spinnet;12/07/1960;Praça Dona da Sala Precisa, 796 - Apto 1;Setor São Mungo;94229380;Hannah Spinnet;Cessado;88 - BPC Idoso;Fenda da Serpente;BA;HP000828FAM;Desatualizado;10/08/2024;5340180344;69319837418;Fenda da Serpente;BA;02/2022
445;633058699;Dolores Jane Fenwick;24/06/1942;Rua Mestre das Poções, 229 - Casa;Jardim Lufa-Lufa;03178601;Minerva Fenwick;Cessado;88 - BPC Idoso;Serra da Coruja;PR;HP000831FAM;Desatualizado;03/12/2024;1089358851;10927030639;Serra da Coruja;PR;06/2025
446;890481267;Charity Flint;04/06/2017;Praça Mestre da Pedra Filosofal, 588 - Casa;Vila das Bruxas;71974394;Parvati Flint;Ativo;87 - BPC Pessoa com Deficiência;Baía do Caldeirão;CE;HP000832FAM;Atualizado;31/08/2023;3887512474;;Baía do Caldeirão;CE;09/2024
447;570314407;Rúbeo Flint;20/04/1945;Praça Mestre da Pedra Filosofal, 588 - Casa;Vila das Bruxas;71974394;Parvati Flint;Ativo;88 - BPC Idoso;Baía do Caldeirão;CE;HP000832FAM;Atualizado;31/08/2023;0123375478;59587154534;Baía do Caldeirão;CE;07/2023
448;674202986;Justino Goldstein McGonagall;13/09/1985;Rua das Bruxas Sábias, 972;Jardim Hogsmeade;21064587;Minerva Goldstein McGonagall;Ativo;87 - BPC Pessoa com Deficiência;Hogsmeade;MG;HP000834FAM;Atualizado;25/11/2026;5050277394;83006383189;Hogsmeade;MG;02/2021
449;933586059;Tiago Carlus Jordan Prewett;24/05/1959;Beco Dona das Corujas, 857 - Casa;Jardim Hogsmeade;62155984;Cho Jordan Prewett;Ativo;88 - BPC Idoso;Porto dos Duendes;PE;HP000841FAM;Atualizado;30/04/2025;8999059627;37391870186;Porto dos Duendes;PE;02/2021
450;524531754;Petúnia Boot;15/09/1996;Viela Dona das Vassouras Voadoras, 728 - Sobrado;Vila Trouxa;77125194;Dafne Boot;Ativo;87 - BPC Pessoa com Deficiência;Rio das Sereias;PA;HP000842FAM;Atualizado;17/01/2026;3483448662;70773963802;Rio das Sereias;PA;12/2022
451;624477209;Alastor Lovegood Burbage;04/04/1973;Alameda Sr. da Floresta Proibida, 162 - Apto 1;Parque das Varinhas;99984484;Andrômeda Lovegood Burbage;Suspenso;87 - BPC Pessoa com Deficiência;Colina das Bruxas;RS;HP000846FAM;Desatualizado;20/02/2023;7939297405;79392280720;Colina das Bruxas;RS;03/2025
452;216432058;Percy Ignácio Lovegood Burbage;25/08/1960;Alameda Sr. da Floresta Proibida, 162 - Apto 1;Parque das Varinhas;99984484;Andrômeda Lovegood Burbage;Cessado;88 - BPC Idoso;Colina das Bruxas;RS;HP000846FAM;Desatualizado;20/02/2023;7315506227;83709345287;Colina das Bruxas;RS;05/2021
453;689521347;Amos Burbage;09/12/1990;Beco Sr. das Grifinórias, 835;Vila Sonserina;28967565;Petúnia Burbage;Ativo;87 - BPC Pessoa com Deficiência;Rio das Sereias;PA;HP000848FAM;Desatualizado;30/03/2025;4108981527;69051029460;Rio das Sereias;PA;03/2022
454;043016941;Argos Flitwick Malfoy;05/02/1958;Rua Mestre das Poções, 542 - Fundos;Bairro dos Duendes;56427148;Emelina Flitwick Malfoy;Ativo;88 - BPC Idoso;Campo dos Centauros;GO;HP000851FAM;Atualizado;10/11/2024;7638588090;60617989975;Campo dos Centauros;GO;01/2026
455;412607042;Sirius Orion Flitwick Malfoy;03/05/1953;Rua Mestre das Poções, 542 - Fundos;Bairro dos Duendes;56427148;Emelina Flitwick Malfoy;Cessado;88 - BPC Idoso;Campo dos Centauros;GO;HP000851FAM;Atualizado;10/11/2024;3634227535;00077912596;Campo dos Centauros;GO;09/2020
456;941588023;Fleur Burbage;20/11/1957;Alameda Mestre das Chaves de Voo, 265 - Apto 1;Conjunto Grifinória;76062046;Padma Burbage;Cessado;88 - BPC Idoso;Vila Trouxinha;RJ;HP000859FAM;Desatualizado;05/03/2026;5350640101;70558007064;Vila Trouxinha;RJ;12/2025
457;480950394;Marcus Zabini Hooch;03/08/1987;Travessa Sr. da Lufa-Lufa, 121 - Sobrado;Recanto dos Centauros;60674208;Lílian Evelina Zabini Hooch;Ativo;87 - BPC Pessoa com Deficiência;Baía do Caldeirão;CE;HP000860FAM;Desatualizado;21/10/2025;0564056330;05192721885;Baía do Caldeirão;CE;04/2020
458;876088214;Arthur Septimus Trelawney Lupin;16/06/1992;Travessa Prof. da Lufa-Lufa, 111 - Fundos;Vila Sonserina;25069702;Ariana Trelawney Lupin;Ativo;87 - BPC Pessoa com Deficiência;Serra da Coruja;PR;HP000861FAM;Atualizado;08/08/2026;2019615658;21913872682;Serra da Coruja;PR;06/2023
459;176655558;Romilda Jordan Finch-Fletchley;22/09/1970;Praça Mestre da Corvinal, 282 - Fundos;Vila Weasley;21934685;Olívia Jordan Finch-Fletchley;Bloqueado;87 - BPC Pessoa com Deficiência;Porto dos Duendes;PE;HP000865FAM;Desatualizado;25/07/2024;4298836306;19431248257;Porto dos Duendes;PE;08/2022
460;733447123;Cornélio Crouch Fawcett;08/11/1937;Praça Prof. dos Trouxas, 430 - Fundos;Bairro dos Duendes;99212937;Belatriz Lestrange Crouch Fawcett;Suspenso;88 - BPC Idoso;Fenda da Serpente;BA;HP000872FAM;Atualizado;08/01/2023;4667729183;60870078148;Fenda da Serpente;BA;06/2025
461;452852506;Percy Ignácio Crouch Fawcett;23/07/1981;Praça Prof. dos Trouxas, 430 - Fundos;Bairro dos Duendes;99212937;Belatriz Lestrange Crouch Fawcett;Suspenso;87 - BPC Pessoa com Deficiência;Fenda da Serpente;BA;HP000872FAM;Atualizado;08/01/2023;1245439881;69955331436;Fenda da Serpente;BA;06/2026
462;079453926;Tiago Carlus Jordan;17/04/1944;Travessa Dona do Salgueiro Lutador, 505;Parque das Varinhas;88789967;Padma Jordan;Ativo;88 - BPC Idoso;Baía do Caldeirão;CE;HP000874FAM;Desatualizado;13/10/2025;7664021179;97298687605;Baía do Caldeirão;CE;01/2026
463;039580128;Carlinhos Spinnet;05/11/1945;Beco Sr. da Corvinal, 889 - Sobrado;Vila Corvinal;34053686;Fernanda Spinnet;Ativo;88 - BPC Idoso;Vale do Godric;SP;HP000876FAM;Atualizado;03/07/2026;9690222750;17336771606;Vale do Godric;SP;03/2020
464;150444453;Sirius Orion Lestrange;23/08/1946;Viela Sr. da Lufa-Lufa, 975 - Casa;Setor São Mungo;71081239;Bathsheda Lestrange;Ativo;88 - BPC Idoso;Monte Fênix;ES;HP000877FAM;Desatualizado;17/12/2021;6465088106;43376943159;Monte Fênix;ES;11/2025
465;391513807;Gina Molly Lestrange;16/05/1960;Viela Sr. da Lufa-Lufa, 975 - Casa;Setor São Mungo;71081239;Bathsheda Lestrange;Cessado;88 - BPC Idoso;Monte Fênix;ES;HP000877FAM;Desatualizado;17/12/2021;8683423533;84050367172;Monte Fênix;ES;01/2024
466;474846319;Sibila Bones;14/11/1955;Beco Prof. da Pedra Filosofal, 947 - Apto 1;Setor São Mungo;60859966;Sibila Bones;Ativo;88 - BPC Idoso;Rio das Sereias;PA;HP000878FAM;Desatualizado;05/03/2024;6883224282;16174784152;Rio das Sereias;PA;08/2020
467;038368888;Wilhelmina Bulstrode Finch-Fletchley;19/03/2007;Beco Mestre da Floresta Proibida, 303 - Apto 1;Recanto dos Centauros;85349753;Millicent Bulstrode Finch-Fletchley;Ativo;87 - BPC Pessoa com Deficiência;Vila Trouxinha;RJ;HP000881FAM;Atualizado;28/07/2023;4796085004;04727113183;Fenda da Serpente;BA;01/2023
468;077593733;Verônica Granger Tonks;11/01/1941;Beco Fenícia, 717 - Fundos;Setor São Mungo;15776794;Dafne Granger Tonks;Suspenso;88 - BPC Idoso;Serra da Coruja;PR;HP000883FAM;Desatualizado;02/06/2022;0100324023;62948249824;Serra da Coruja;PR;08/2020
469;207314400;Angelina Boot Vance;27/01/1947;Alameda Prof. das Varinhas, 159 - Fundos;Recanto dos Centauros;74223300;Emelina Boot Vance;Suspenso;88 - BPC Idoso;Porto dos Duendes;PE;HP000889FAM;Atualizado;13/03/2026;0809327904;58237670802;Porto dos Duendes;PE;10/2020
470;182199887;Zacarias Black Dearborn;24/04/1947;Viela Sr. da Sonserina, 255 - Sobrado;Vila Sonserina;92086170;Petúnia Black Dearborn;Ativo;88 - BPC Idoso;Fenda da Serpente;BA;HP000890FAM;Atualizado;29/10/2024;7802605217;49131998039;Fenda da Serpente;BA;09/2026
471;644930641;Guilherme Slughorn Lestrange;07/10/2005;Rua Dona do Quatro Privet Drive, 324 - Apto 1;Setor Mágico;52498991;Popy Slughorn Lestrange;Suspenso;87 - BPC Pessoa com Deficiência;Serra da Coruja;PR;HP000891FAM;Atualizado;01/08/2026;4934257137;86657053090;Serra da Coruja;PR;09/2021
472;238244762;Fernanda Crouch Riddle;08/12/1954;Praça Dona dos Elfos Domésticos, 147;Bairro dos Duendes;84210416;Alícia Crouch Riddle;Suspenso;88 - BPC Idoso;Monte Fênix;ES;HP000892FAM;Desatualizado;24/05/2025;2983965324;05684268006;Monte Fênix;ES;01/2020
473;103644170;Rita Flint;06/08/2000;Avenida Prof. dos Sonhadores, 898 - Apto 1;Vila Sonserina;94577888;Rita Flint;Suspenso;87 - BPC Pessoa com Deficiência;Vila Trouxinha;RJ;HP000893FAM;Desatualizado;12/06/2024;9904776112;30202010714;Vila Trouxinha;RJ;08/2020
474;249630341;Arthur Septimus Corner Pince;05/10/1978;Praça Prof. dos Centauros, 686 - Sobrado;Bairro dos Duendes;72599870;Pansy Corner Pince;Ativo;87 - BPC Pessoa com Deficiência;Monte Fênix;ES;HP000894FAM;Desatualizado;22/11/2026;6462633528;67505845003;Monte Fênix;ES;04/2023
475;865961863;Padma Hooch Delacour;11/05/1960;Viela Sr. dos Elfos Domésticos, 973 - Fundos;Jardim Hogsmeade;01771998;Emelina Hooch Delacour;Ativo;88 - BPC Idoso;Vila Trouxinha;RJ;HP000896FAM;Atualizado;21/02/2025;4964792574;23683622234;Baía do Caldeirão;CE;11/2024
476;626316254;Argos Hooch Delacour;17/04/1946;Viela Sr. dos Elfos Domésticos, 973 - Fundos;Jardim Hogsmeade;01771998;Emelina Hooch Delacour;Bloqueado;88 - BPC Idoso;Vila Trouxinha;RJ;HP000896FAM;Atualizado;21/02/2025;7371404007;23747796371;Vila Trouxinha;RJ;12/2025
477;005032817;Percy Ignácio Hooch Delacour;17/02/1972;Viela Sr. dos Elfos Domésticos, 973 - Fundos;Jardim Hogsmeade;01771998;Emelina Hooch Delacour;Cessado;87 - BPC Pessoa com Deficiência;Vila Trouxinha;RJ;HP000896FAM;Atualizado;21/02/2025;8981913844;13801359827;Vila Trouxinha;RJ;09/2025
478;344930095;Ernesto Prewett;09/09/1960;Beco do Quatro Privet Drive, 134 - Sobrado;Vila Weasley;16190907;Petúnia Prewett;Ativo;88 - BPC Idoso;Fenda da Serpente;BA;HP000897FAM;Desatualizado;23/07/2023;3839672156;60827370758;Fenda da Serpente;BA;05/2025
479;971782862;Firenze Wood;22/06/1960;Avenida do Torneio Tribruxo, 246 - Sobrado;Vila Trouxa;40287794;Dafne Wood;Ativo;88 - BPC Idoso;Baía do Caldeirão;CE;HP000901FAM;Atualizado;30/09/2026;7714421110;91704051155;Baía do Caldeirão;CE;07/2026
480;288376938;Marcus Wood;01/09/1950;Avenida do Torneio Tribruxo, 246 - Sobrado;Vila Trouxa;40287794;Dafne Wood;Suspenso;88 - BPC Idoso;Baía do Caldeirão;CE;HP000901FAM;Atualizado;30/09/2026;5900220101;46119087122;Baía do Caldeirão;CE;04/2026
481;046534760;Marieta Vector Malfoy;05/07/1959;Avenida Mestre Beco Diagonal, 559 - Fundos;Vila Weasley;01773895;Dafne Vector Malfoy;Ativo;88 - BPC Idoso;Monte Fênix;ES;HP000903FAM;Atualizado;22/09/2023;4736133547;39676737406;Monte Fênix;ES;09/2023
482;005948192;Cornélio Parkinson Fudge;10/03/1938;Avenida Sr. dos Feiticeiros, 429 - Apto 1;Setor Mágico;97498293;Gina Molly Parkinson Fudge;Ativo;88 - BPC Idoso;Hogsmeade;MG;HP000904FAM;Desatualizado;14/01/2026;4935087778;11731956610;Vau das Poções;SC;12/2022
483;342878719;Dino Goyle;13/03/2008;Alameda Sr. do Salgueiro Lutador, 143 - Apto 1;Vila das Bruxas;51732192;Aurora Goyle;Ativo;87 - BPC Pessoa com Deficiência;Colina das Bruxas;RS;HP000905FAM;Desatualizado;07/03/2025;1504473308;12875175285;Colina das Bruxas;RS;11/2021
484;895538013;Remo João Lovegood;20/06/1949;Beco Dona da Pedra Filosofal, 185;Parque das Varinhas;10053839;Gemma Lovegood;Ativo;88 - BPC Idoso;Campo dos Centauros;GO;HP000908FAM;Desatualizado;21/11/2021;4331633224;60988135823;Vale do Godric;SP;04/2025
485;547970204;Luna Chang Flint;14/05/1961;Alameda Mestre das Vassouras Voadoras, 671 - Sobrado;Vila Trouxa;80782152;Ariana Chang Flint;Ativo;88 - BPC Idoso;Vau das Poções;SC;HP000916FAM;Atualizado;26/01/2025;7551023584;49542266437;Vau das Poções;SC;05/2026
486;791446138;Lílian Evelina Filch Lupin;24/02/1959;Praça Mestre das Vassouras Voadoras, 783 - Casa;Jardim Lufa-Lufa;36321566;Dolores Jane Filch Lupin;Bloqueado;88 - BPC Idoso;Vila Trouxinha;RJ;HP000917FAM;Atualizado;16/10/2023;1262394882;04291969629;Vila Trouxinha;RJ;08/2023
487;068222120;Dino Filch Lupin;06/07/1952;Praça Mestre das Vassouras Voadoras, 783 - Casa;Jardim Lufa-Lufa;36321566;Dolores Jane Filch Lupin;Ativo;88 - BPC Idoso;Vila Trouxinha;RJ;HP000917FAM;Atualizado;16/10/2023;8204532800;41480521030;Vila Trouxinha;RJ;06/2025
488;855949079;Ludo Snape;23/11/1987;Alameda das Vassouras Voadoras, 526 - Sobrado;Jardim Lufa-Lufa;08765983;Lílian Evelina Snape;Cessado;87 - BPC Pessoa com Deficiência;Rio das Sereias;PA;HP000918FAM;Desatualizado;20/05/2023;7597416631;52253890745;Rio das Sereias;PA;09/2022
489;904283199;Angelina Bones;03/06/1958;Viela Dona do Quatro Privet Drive, 149 - Casa;Parque das Varinhas;02258910;Parvati Bones;Cessado;88 - BPC Idoso;Porto dos Duendes;PE;HP000924FAM;Desatualizado;16/11/2024;5439711345;23285210026;Porto dos Duendes;PE;05/2021
490;828172785;Teodoro Slughorn Flint;15/01/1999;Praça Prof. da Sonserina, 817 - Casa;Bairro dos Duendes;48671624;Olívia Slughorn Flint;Ativo;87 - BPC Pessoa com Deficiência;Rio das Sereias;PA;HP000927FAM;Desatualizado;21/09/2026;0961105949;90779619259;Monte Fênix;ES;05/2020
491;063243369;Narcisa Brown;20/08/1956;Rua Sr. Beco Diagonal, 649 - Apto 1;Vila Trouxa;65253683;Minerva Brown;Ativo;88 - BPC Idoso;Vila Trouxinha;RJ;HP000930FAM;Desatualizado;05/11/2026;1956935232;22998463446;Vila Trouxinha;RJ;11/2024
492;969433288;Carlinhos Potter;11/12/1943;Travessa Prof. da Sonserina, 269 - Sobrado;Recanto do Caldeirão;22376366;Romilda Potter;Ativo;88 - BPC Idoso;Hogsmeade;MG;HP000934FAM;Desatualizado;22/02/2024;6657256109;41498513873;Hogsmeade;MG;07/2021
493;833678102;Parvati Fudge McGonagall;22/03/1994;Alameda Sr. dos Dementadores Vencidos, 303 - Apto 1;Recanto dos Centauros;98321363;Olívia Fudge McGonagall;Ativo;87 - BPC Pessoa com Deficiência;Hogsmeade;MG;HP000937FAM;Atualizado;08/07/2023;2853928310;29142765594;Hogsmeade;MG;01/2024
494;138431199;Emelina Creevey Tonks;16/05/1957;Viela Prof. das Poções, 660 - Sobrado;Jardim Lufa-Lufa;32726725;Molly Prewett Creevey Tonks;Bloqueado;88 - BPC Idoso;Serra da Coruja;PR;HP000940FAM;Atualizado;25/03/2024;6966928074;92421187100;Serra da Coruja;PR;08/2022
495;429969580;Olívia Creevey Tonks;24/06/1957;Viela Prof. das Poções, 660 - Sobrado;Jardim Lufa-Lufa;32726725;Molly Prewett Creevey Tonks;Ativo;88 - BPC Idoso;Serra da Coruja;PR;HP000940FAM;Atualizado;25/03/2024;0404284413;24471965208;Serra da Coruja;PR;01/2023
496;405534486;Vicente Nott Dearborn;05/07/1937;Travessa do Quatro Privet Drive, 101 - Fundos;Jardim Lufa-Lufa;39301036;Angelina Nott Dearborn;Ativo;88 - BPC Idoso;Vale do Godric;SP;HP000941FAM;Desatualizado;23/12/2026;1478777995;29817185096;Vale do Godric;SP;06/2025
497;946445165;Dolores Jane Nott Dearborn;13/07/2016;Travessa do Quatro Privet Drive, 101 - Fundos;Jardim Lufa-Lufa;39301036;Angelina Nott Dearborn;Ativo;87 - BPC Pessoa com Deficiência;Vale do Godric;SP;HP000941FAM;Desatualizado;23/12/2026;1264157670;;Vale do Godric;SP;08/2024
498;805453877;Ninfadora Black Trelawney;08/04/1954;Viela Sr. Fenícia, 193;Núcleo Hogwarts;03312836;Angelina Black Trelawney;Cessado;88 - BPC Idoso;Monte Fênix;ES;HP000942FAM;Atualizado;12/08/2024;9437007636;85667300467;Monte Fênix;ES;02/2023
499;734558852;Justino Dumbledore;02/01/1961;Beco Sr. do Salgueiro Lutador, 484;Recanto do Caldeirão;24913116;Hannah Dumbledore;Ativo;88 - BPC Idoso;Baía do Caldeirão;CE;HP000944FAM;Atualizado;04/08/2023;5890755814;43983506756;Baía do Caldeirão;CE;11/2024
500;235926696;Pedro Dumbledore;10/01/2009;Beco Sr. do Salgueiro Lutador, 484;Recanto do Caldeirão;24913116;Hannah Dumbledore;Ativo;87 - BPC Pessoa com Deficiência;Baía do Caldeirão;CE;HP000944FAM;Atualizado;04/08/2023;5210631861;69131490774;Baía do Caldeirão;CE;04/2020
501;713947606;Petúnia Riddle;23/08/1961;Beco Mestre do Quatro Privet Drive, 513 - Sobrado;Recanto do Caldeirão;35829521;Narcisa Riddle;Ativo;88 - BPC Idoso;Baía do Caldeirão;CE;HP000946FAM;Atualizado;12/03/2026;3770975276;69745621286;Vila Trouxinha;RJ;09/2020
502;774779807;Harry Tiago Riddle;02/06/1956;Beco Mestre do Quatro Privet Drive, 513 - Sobrado;Recanto do Caldeirão;35829521;Narcisa Riddle;Ativo;88 - BPC Idoso;Baía do Caldeirão;CE;HP000946FAM;Atualizado;12/03/2026;4145937484;05119094110;Baía do Caldeirão;CE;03/2022
503;836111281;Millicent Wood;05/01/2022;Praça Dona Beco Diagonal, 73 - Apto 1;Vila Corvinal;07300166;Pomona Wood;Ativo;87 - BPC Pessoa com Deficiência;Hogsmeade;MG;HP000953FAM;Atualizado;03/07/2026;6119130138;;Vila Trouxinha;RJ;11/2025
504;642349243;Miguel Snape Lestrange;10/07/1945;Praça Sr. do Expresso de Hogwarts, 51 - Casa;Recanto do Caldeirão;29735260;Hannah Snape Lestrange;Bloqueado;88 - BPC Idoso;Baía do Caldeirão;CE;HP000959FAM;Desatualizado;12/02/2023;9276816654;77130740745;Baía do Caldeirão;CE;01/2022
505;594547169;Astória Bell;23/03/1961;Avenida Prof. dos Sonhadores, 339 - Sobrado;Parque das Varinhas;55482464;Alícia Bell;Bloqueado;88 - BPC Idoso;Rio das Sereias;PA;HP000963FAM;Desatualizado;26/10/2026;0027620430;66488453504;Rio das Sereias;PA;11/2022
506;142703343;Carlota Sprout;24/05/1953;Alameda dos Feiticeiros, 175 - Apto 1;Vila das Bruxas;73845116;Fernanda Sprout;Ativo;88 - BPC Idoso;Fenda da Serpente;BA;HP000968FAM;Atualizado;11/03/2026;4122880257;78572771341;Fenda da Serpente;BA;10/2025
507;190833723;Bathsheda Flint Sinistra;09/07/1949;Praça Mestre do Expresso de Hogwarts, 256;Vila Corvinal;63080269;Lílian Evelina Flint Sinistra;Ativo;88 - BPC Idoso;Baía do Caldeirão;CE;HP000969FAM;Desatualizado;31/07/2024;6133567237;10325589201;Monte Fênix;ES;08/2022
508;279736810;Sibila Bagman Flitwick;02/12/2018;Praça Prof. dos Alfeineiros, 500;Setor São Mungo;67453383;Parvati Bagman Flitwick;Cessado;87 - BPC Pessoa com Deficiência;Monte Fênix;ES;HP000972FAM;Desatualizado;01/01/2026;3187138634;;Serra da Coruja;PR;07/2021
509;325435018;Draco Lúcio Black;08/06/1957;Viela do Torneio Tribruxo, 811 - Apto 1;Vila Corvinal;67060322;Marieta Black;Ativo;88 - BPC Idoso;Vale do Godric;SP;HP000974FAM;Desatualizado;03/10/2025;9522644095;89011444762;Vale do Godric;SP;05/2025
510;882376062;Verônica Corner Riddle;09/12/2007;Beco Mestre das Poções, 151 - Apto 1;Jardim Lufa-Lufa;93352796;Merope Corner Riddle;Cessado;87 - BPC Pessoa com Deficiência;Vau das Poções;SC;HP000975FAM;Desatualizado;01/11/2026;4280103738;59880121594;Vau das Poções;SC;05/2023
511;395326833;Grope Chang Vector;07/07/2007;Viela Mestre do Caldeirão Furado, 536;Vila Weasley;20749499;Fernanda Chang Vector;Ativo;87 - BPC Pessoa com Deficiência;Rio das Sereias;PA;HP000976FAM;Atualizado;21/08/2026;6920281570;43668241913;Rio das Sereias;PA;10/2020
512;136218061;Romilda Flint;20/06/1953;Rua das Corujas, 478 - Casa;Vila das Bruxas;65714673;Angelina Flint;Ativo;88 - BPC Idoso;Monte Fênix;ES;HP000978FAM;Atualizado;19/06/2026;1923634528;27881575250;Monte Fênix;ES;02/2023
513;580239469;Amos Tonks Flint;16/09/2014;Travessa do Expresso de Hogwarts, 669 - Casa;Jardim Lufa-Lufa;84312737;Minerva Tonks Flint;Ativo;87 - BPC Pessoa com Deficiência;Monte Fênix;ES;HP000979FAM;Desatualizado;10/08/2026;1439657311;;Monte Fênix;ES;01/2023
514;429455202;Gemma Greengrass;11/06/1975;Viela dos Dementadores Vencidos, 936;Setor Mágico;63973744;Ariana Greengrass;Bloqueado;87 - BPC Pessoa com Deficiência;Porto dos Duendes;PE;HP000980FAM;Atualizado;21/10/2023;8787285471;44718748025;Porto dos Duendes;PE;08/2023
515;848695339;Pansy Greengrass;11/10/1951;Viela dos Dementadores Vencidos, 936;Setor Mágico;63973744;Ariana Greengrass;Ativo;88 - BPC Idoso;Porto dos Duendes;PE;HP000980FAM;Atualizado;21/10/2023;8057639896;98531533433;Porto dos Duendes;PE;01/2025
516;628005374;Severo Tobias Lestrange;26/06/1993;Travessa das Varinhas, 24 - Casa;Setor São Mungo;36548849;Ariana Lestrange;Suspenso;87 - BPC Pessoa com Deficiência;Serra da Coruja;PR;HP000983FAM;Atualizado;01/12/2026;2699307623;79432710922;Serra da Coruja;PR;03/2021
517;769505800;Dafne Vance Flint;01/04/1943;Beco Dona de Hogsmeade, 816 - Sobrado;Vila Trouxa;36727738;Merope Vance Flint;Ativo;88 - BPC Idoso;Monte Fênix;ES;HP000985FAM;Desatualizado;25/07/2026;5385290319;46526497201;Monte Fênix;ES;07/2020
518;844234677;Dédalo Vance Flint;21/02/2006;Beco Dona de Hogsmeade, 816 - Sobrado;Vila Trouxa;36727738;Merope Vance Flint;Bloqueado;87 - BPC Pessoa com Deficiência;Monte Fênix;ES;HP000985FAM;Desatualizado;25/07/2026;2913978946;53619105628;Monte Fênix;ES;03/2022
519;273856392;Bilius Longbottom;12/02/1975;Rua dos Alfeineiros, 71 - Fundos;Bairro dos Duendes;63854740;Narcisa Longbottom;Ativo;87 - BPC Pessoa com Deficiência;Colina das Bruxas;RS;HP000986FAM;Desatualizado;13/09/2026;2393293635;10246280355;Vale do Godric;SP;04/2020
520;930621329;George Black;18/02/2012;Viela do Salgueiro Lutador, 914;Colônia Fenda da Serpente;21460934;Marieta Black;Bloqueado;87 - BPC Pessoa com Deficiência;Baía do Caldeirão;CE;HP000987FAM;Desatualizado;05/05/2025;0410270181;;Baía do Caldeirão;CE;04/2020
521;080033458;Oliver Trelawney;07/06/1940;Viela da Sonserina, 889 - Apto 1;Jardim Lufa-Lufa;09489406;Millicent Trelawney;Ativo;88 - BPC Idoso;Hogsmeade;MG;HP000988FAM;Desatualizado;09/08/2025;7876070908;74381066401;Hogsmeade;MG;04/2021
522;262274161;Horácio Sinistra;19/09/1961;Rua de Hogsmeade, 39 - Casa;Jardim Lufa-Lufa;56034228;Bathsheda Sinistra;Cessado;88 - BPC Idoso;Vau das Poções;SC;HP000989FAM;Desatualizado;11/05/2026;9981263808;76971067793;Vau das Poções;SC;10/2023
523;754570845;Katie Sinistra;14/04/1947;Rua de Hogsmeade, 39 - Casa;Jardim Lufa-Lufa;56034228;Bathsheda Sinistra;Bloqueado;88 - BPC Idoso;Vau das Poções;SC;HP000989FAM;Desatualizado;11/05/2026;7989429911;52379283238;Vau das Poções;SC;03/2021
524;532620057;Dennis Sinistra;18/02/1971;Rua de Hogsmeade, 39 - Casa;Jardim Lufa-Lufa;56034228;Bathsheda Sinistra;Ativo;87 - BPC Pessoa com Deficiência;Vau das Poções;SC;HP000989FAM;Desatualizado;11/05/2026;5518858181;83168996205;Vau das Poções;SC;05/2021
525;986985394;Justino Zabini Goyle;04/09/1961;Avenida Prof. da Sala Precisa, 892;Vila Weasley;84879946;Wilhelmina Zabini Goyle;Bloqueado;88 - BPC Idoso;Serra da Coruja;PR;HP000991FAM;Atualizado;27/09/2024;1381169603;65012585451;Serra da Coruja;PR;07/2024
526;268100282;Katie Zabini Goyle;21/10/1959;Avenida Prof. da Sala Precisa, 892;Vila Weasley;84879946;Wilhelmina Zabini Goyle;Bloqueado;88 - BPC Idoso;Serra da Coruja;PR;HP000991FAM;Atualizado;27/09/2024;3613404574;32575161779;Serra da Coruja;PR;05/2024
527;825429032;Gemma Abbott Bell;07/02/1961;Praça Prof. da Sala Precisa, 372 - Sobrado;Jardim Lufa-Lufa;02233771;Pomona Abbott Bell;Suspenso;88 - BPC Idoso;Vila Trouxinha;RJ;HP000992FAM;Desatualizado;14/10/2026;7721154890;89893516777;Vila Trouxinha;RJ;12/2021
528;117401875;Nevile Franklin Abbott Bell;28/04/1952;Praça Prof. da Sala Precisa, 372 - Sobrado;Jardim Lufa-Lufa;02233771;Pomona Abbott Bell;Ativo;88 - BPC Idoso;Vila Trouxinha;RJ;HP000992FAM;Desatualizado;14/10/2026;9266983712;86240371741;Vila Trouxinha;RJ;04/2026
529;100106392;Harry Tiago Corner Goldstein;17/11/1953;Alameda Mestre Travessa do Tranco, 486 - Casa;Vila Trouxa;61831101;Romilda Corner Goldstein;Cessado;88 - BPC Idoso;Monte Fênix;ES;HP000994FAM;Desatualizado;28/07/2024;8611570767;13540595815;Monte Fênix;ES;08/2025
530;227425492;Rony Bilius Goyle Delacour;07/12/1959;Travessa Dona das Corujas, 557 - Sobrado;Jardim Hogsmeade;12587093;Alícia Goyle Delacour;Ativo;88 - BPC Idoso;Campo dos Centauros;GO;HP000996FAM;Atualizado;22/04/2023;4142361794;50838816329;Campo dos Centauros;GO;12/2023
531;684897328;Parvati Nott;23/08/1943;Rua Sr. Travessa do Tranco, 271 - Fundos;Setor Mágico;89128714;Charity Nott;Ativo;88 - BPC Idoso;Rio das Sereias;PA;HP000997FAM;Desatualizado;13/06/2026;5227715242;63956994581;Rio das Sereias;PA;04/2026
532;564044350;Firenze Nott;20/04/1949;Rua Sr. Travessa do Tranco, 271 - Fundos;Setor Mágico;89128714;Charity Nott;Ativo;88 - BPC Idoso;Rio das Sereias;PA;HP000997FAM;Desatualizado;13/06/2026;7000897548;95639681746;Fenda da Serpente;BA;05/2024
533;635120920;Vicente Nott;28/06/1976;Rua Sr. Travessa do Tranco, 271 - Fundos;Setor Mágico;89128714;Charity Nott;Cessado;87 - BPC Pessoa com Deficiência;Rio das Sereias;PA;HP000997FAM;Desatualizado;13/06/2026;0190344012;29277286743;Rio das Sereias;PA;09/2021
534;174991657;Dédalo Greengrass Abbott;19/10/1956;Beco Sr. da Sala Precisa, 795 - Fundos;Setor Mágico;35143943;Aurora Greengrass Abbott;Ativo;88 - BPC Idoso;Fenda da Serpente;BA;HP000999FAM;Desatualizado;10/05/2024;7672676019;23220233372;Fenda da Serpente;BA;02/2026
535;347314485;Rolando Greengrass Abbott;14/03/1957;Beco Sr. da Sala Precisa, 795 - Fundos;Setor Mágico;35143943;Aurora Greengrass Abbott;Ativo;88 - BPC Idoso;Fenda da Serpente;BA;HP000999FAM;Desatualizado;10/05/2024;5993528316;40872257392;Fenda da Serpente;BA;02/2022
536;795179176;Andrômeda Delacour Brown;13/12/1985;Avenida Dona dos Centauros, 874 - Casa;Setor São Mungo;34101269;Molly Prewett Delacour Brown;Ativo;87 - BPC Pessoa com Deficiência;Monte Fênix;ES;HP001000FAM;Desatualizado;09/03/2026;0601647805;06011913317;Porto dos Duendes;PE;04/2021
537;752556843;Nevile Franklin Moody;28/05/1996;Rua Prof. da Floresta Proibida, 142 - Sobrado;Parque das Varinhas;14653329;Astória Moody;Ativo;87 - BPC Pessoa com Deficiência;Vau das Poções;SC;HP001002FAM;Atualizado;10/05/2026;0618191853;62593702296;Vau das Poções;SC;02/2025
538;986332016;Alvo Percival Moody;16/02/1967;Rua Prof. da Floresta Proibida, 142 - Sobrado;Parque das Varinhas;14653329;Astória Moody;Cessado;87 - BPC Pessoa com Deficiência;Vau das Poções;SC;HP001002FAM;Atualizado;10/05/2026;7147766488;36827442156;Vau das Poções;SC;02/2024
539;879375302;Zacarias Trelawney Black;21/01/1952;Beco Sr. da Pedra Filosofal, 201 - Casa;Setor Mágico;20192175;Wilhelmina Trelawney Black;Cessado;88 - BPC Idoso;Porto dos Duendes;PE;HP001003FAM;Atualizado;20/02/2021;6202940777;41900549416;Campo dos Centauros;GO;06/2021
540;707544530;Vicente Chang Bulstrode;07/05/1947;Viela das Bruxas Sábias, 847 - Fundos;Setor São Mungo;03433731;Petúnia Chang Bulstrode;Ativo;88 - BPC Idoso;Vila Trouxinha;RJ;HP001005FAM;Atualizado;18/01/2025;3862054740;32387240370;Vila Trouxinha;RJ;01/2025
541;108925256;Nevile Franklin Crabbe Diggle;06/07/1953;Avenida da Lufa-Lufa, 26;Vila Corvinal;42069113;Marieta Crabbe Diggle;Ativo;88 - BPC Idoso;Fenda da Serpente;BA;HP001010FAM;Atualizado;28/07/2023;0488976039;42027908475;Fenda da Serpente;BA;08/2020
542;251765709;Harry Tiago Crabbe Diggle;10/10/1957;Avenida da Lufa-Lufa, 26;Vila Corvinal;42069113;Marieta Crabbe Diggle;Cessado;88 - BPC Idoso;Fenda da Serpente;BA;HP001010FAM;Atualizado;28/07/2023;8462584506;04016429925;Fenda da Serpente;BA;03/2020
543;637856576;Petúnia Crabbe Diggle;17/03/1975;Avenida da Lufa-Lufa, 26;Vila Corvinal;42069113;Marieta Crabbe Diggle;Suspenso;87 - BPC Pessoa com Deficiência;Fenda da Serpente;BA;HP001010FAM;Atualizado;28/07/2023;1388093021;04421050294;Fenda da Serpente;BA;05/2020
544;028294995;Gregory Crabbe;16/07/1954;Beco Prof. Travessa do Tranco, 512 - Fundos;Jardim Hogsmeade;43768512;Sibila Crabbe;Ativo;88 - BPC Idoso;Vale do Godric;SP;HP001016FAM;Desatualizado;29/01/2025;4860147279;90996834996;Vale do Godric;SP;01/2020
545;002550279;Cho Crabbe;08/10/1959;Beco Prof. Travessa do Tranco, 512 - Fundos;Jardim Hogsmeade;43768512;Sibila Crabbe;Ativo;88 - BPC Idoso;Vale do Godric;SP;HP001016FAM;Desatualizado;29/01/2025;1833468402;63815373293;Vale do Godric;SP;02/2021
546;234054740;Narcisa Scrimgeour Longbottom;28/03/1949;Viela Prof. das Corujas, 701 - Fundos;Jardim Lufa-Lufa;75515026;Lílian Evelina Scrimgeour Longbottom;Suspenso;88 - BPC Idoso;Hogsmeade;MG;HP001017FAM;Atualizado;18/05/2023;5574907648;32964546326;Hogsmeade;MG;08/2021
547;742531257;Molly Prewett Shacklebolt Scrimgeour;25/12/1971;Travessa Mestre do Quatro Privet Drive, 244 - Fundos;Vila Trouxa;54042875;Wilhelmina Shacklebolt Scrimgeour;Ativo;87 - BPC Pessoa com Deficiência;Rio das Sereias;PA;HP001019FAM;Desatualizado;13/11/2026;8742060072;73841062305;Rio das Sereias;PA;11/2020
548;273137027;Minerva Tonks Brown;22/01/1942;Rua Sr. do Torneio Tribruxo, 600 - Fundos;Setor Mágico;33595819;Andrômeda Tonks Brown;Cessado;88 - BPC Idoso;Baía do Caldeirão;CE;HP001020FAM;Atualizado;14/12/2026;7624928231;55673285323;Baía do Caldeirão;CE;11/2025
549;672059658;Estúrgio Spinnet;01/12/1992;Beco Prof. da Floresta Proibida, 948 - Sobrado;Setor São Mungo;00975475;Parvati Spinnet;Ativo;87 - BPC Pessoa com Deficiência;Fenda da Serpente;BA;HP001025FAM;Desatualizado;07/12/2022;2996449035;76244167518;Fenda da Serpente;BA;04/2022
550;066779253;Ernesto Bagman Granger;19/07/1966;Alameda da Pedra Filosofal, 425 - Apto 1;Parque das Varinhas;16342362;Verônica Bagman Granger;Bloqueado;87 - BPC Pessoa com Deficiência;Fenda da Serpente;BA;HP001026FAM;Desatualizado;03/10/2026;8116228479;22602889363;Fenda da Serpente;BA;02/2026
551;667093853;Colin Boot;20/09/1984;Praça Mestre Travessa do Tranco, 296 - Sobrado;Parque das Varinhas;57562191;Marieta Boot;Ativo;87 - BPC Pessoa com Deficiência;Baía do Caldeirão;CE;HP001027FAM;Desatualizado;27/04/2025;1995701485;58338848616;Baía do Caldeirão;CE;07/2020
552;019949836;Verônica Greengrass;20/01/1961;Avenida Dona das Poções, 984 - Apto 1;Vila Sonserina;39777783;Dolores Jane Greengrass;Suspenso;88 - BPC Idoso;Vila Trouxinha;RJ;HP001029FAM;Atualizado;20/09/2026;7454429468;01407990877;Vila Trouxinha;RJ;07/2023
553;763130664;Sibila Potter Lestrange;05/09/1960;Avenida Prof. da Lufa-Lufa, 259 - Apto 1;Colônia Fenda da Serpente;01317943;Emelina Potter Lestrange;Cessado;88 - BPC Idoso;Vila Trouxinha;RJ;HP001030FAM;Desatualizado;14/08/2025;9784129409;84985000288;Vila Trouxinha;RJ;11/2023
554;356122319;Gemma Finch-Fletchley;28/06/1962;Beco Sr. do Expresso de Hogwarts, 782 - Fundos;Vila Weasley;55206448;Emelina Finch-Fletchley;Suspenso;87 - BPC Pessoa com Deficiência;Colina das Bruxas;RS;HP001034FAM;Atualizado;21/09/2025;3278046881;14480942751;Colina das Bruxas;RS;06/2021
555;501643796;Fábio Ademar Trelawney Boot;10/10/1986;Avenida Mestre do Caldeirão Furado, 141 - Sobrado;Vila Weasley;08019788;Olívia Trelawney Boot;Ativo;87 - BPC Pessoa com Deficiência;Campo dos Centauros;GO;HP001041FAM;Atualizado;22/10/2023;8149619981;70113280765;Campo dos Centauros;GO;04/2023
556;455806300;Fred Carmichael;07/08/1959;Alameda Sr. dos Alfeineiros, 517 - Apto 1;Vila Sonserina;13043265;Hermione Jane Carmichael;Ativo;88 - BPC Idoso;Serra da Coruja;PR;HP001042FAM;Desatualizado;08/09/2024;0761966192;41188124878;Serra da Coruja;PR;04/2026
557;755052221;Olívia Carmichael;23/10/1947;Alameda Sr. dos Alfeineiros, 517 - Apto 1;Vila Sonserina;13043265;Hermione Jane Carmichael;Ativo;88 - BPC Idoso;Serra da Coruja;PR;HP001042FAM;Desatualizado;08/09/2024;7110473926;03356378177;Serra da Coruja;PR;08/2023
558;323843032;Lílian Evelina Brown Gaunt;05/05/2016;Praça Dona de Hogsmeade, 846;Vila das Bruxas;08453041;Dafne Brown Gaunt;Ativo;87 - BPC Pessoa com Deficiência;Vila Trouxinha;RJ;HP001044FAM;Atualizado;17/11/2024;3066129996;;Vila Trouxinha;RJ;04/2024
559;446227412;Minerva Bulstrode;11/01/1960;Alameda Sr. das Poções, 786;Setor São Mungo;26797509;Ninfadora Bulstrode;Bloqueado;88 - BPC Idoso;Serra da Coruja;PR;HP001046FAM;Desatualizado;15/11/2026;1825635142;19585705085;Serra da Coruja;PR;06/2023
560;913543920;Molly Prewett Granger Meadowes;11/09/1975;Praça Dona das Grifinórias, 379 - Apto 1;Setor Mágico;74340467;Fleur Granger Meadowes;Ativo;87 - BPC Pessoa com Deficiência;Fenda da Serpente;BA;HP001047FAM;Desatualizado;10/12/2026;9059995137;61083126967;Fenda da Serpente;BA;12/2025
561;605402027;Zacarias Granger Meadowes;14/11/1988;Praça Dona das Grifinórias, 379 - Apto 1;Setor Mágico;74340467;Fleur Granger Meadowes;Bloqueado;87 - BPC Pessoa com Deficiência;Fenda da Serpente;BA;HP001047FAM;Desatualizado;10/12/2026;9369185406;76754758607;Fenda da Serpente;BA;02/2020
562;806093402;Narcisa Finch-Fletchley;23/04/1987;Travessa Prof. da Pedra Filosofal, 955 - Apto 1;Vila Corvinal;31090755;Dolores Jane Finch-Fletchley;Ativo;87 - BPC Pessoa com Deficiência;Campo dos Centauros;GO;HP001049FAM;Atualizado;09/02/2026;0960985431;69686647982;Campo dos Centauros;GO;06/2026
563;483063619;Romilda Dumbledore;17/10/1965;Praça Prof. dos Alfeineiros, 462 - Sobrado;Vila Corvinal;03036658;Belatriz Lestrange Dumbledore;Cessado;87 - BPC Pessoa com Deficiência;Vila Trouxinha;RJ;HP001050FAM;Atualizado;14/03/2026;9121087295;66527393306;Baía do Caldeirão;CE;06/2025
564;007405879;Narcisa Riddle;19/06/1940;Travessa Sr. Beco Diagonal, 559 - Fundos;Colônia Fenda da Serpente;79971855;Rita Riddle;Bloqueado;88 - BPC Idoso;Vale do Godric;SP;HP001051FAM;Desatualizado;30/03/2026;0072691871;87812505840;Vale do Godric;SP;08/2021
565;962586766;Harry Tiago Riddle;01/02/1940;Travessa Sr. Beco Diagonal, 559 - Fundos;Colônia Fenda da Serpente;79971855;Rita Riddle;Suspenso;88 - BPC Idoso;Vale do Godric;SP;HP001051FAM;Desatualizado;30/03/2026;5097950450;36361305604;Vale do Godric;SP;09/2025
566;588229580;Rúben Sprout;08/12/2019;Beco Dona dos Elfos Domésticos, 427 - Fundos;Jardim Lufa-Lufa;96951898;Aurora Sprout;Suspenso;87 - BPC Pessoa com Deficiência;Serra da Coruja;PR;HP001052FAM;Atualizado;03/11/2026;3003725204;;Serra da Coruja;PR;03/2024
567;555852584;Millicent Johnson Crabbe;27/01/1958;Travessa das Varinhas, 551 - Casa;Núcleo Hogwarts;90159820;Olívia Johnson Crabbe;Suspenso;88 - BPC Idoso;Campo dos Centauros;GO;HP001054FAM;Desatualizado;17/03/2025;6669698776;97348729072;Campo dos Centauros;GO;09/2020
568;995099955;Fernanda Lestrange Krum;14/10/2007;Alameda Mestre Fenícia, 28 - Sobrado;Vila das Bruxas;97714425;Astória Lestrange Krum;Suspenso;87 - BPC Pessoa com Deficiência;Vale do Godric;SP;HP001057FAM;Desatualizado;04/08/2025;9573264461;65726839666;Vale do Godric;SP;08/2022
569;143258246;Zacarias Fudge;23/11/1955;Beco do Expresso de Hogwarts, 178;Vila das Bruxas;63158720;Bathsheda Fudge;Ativo;88 - BPC Idoso;Vila Trouxinha;RJ;HP001058FAM;Desatualizado;21/11/2026;3526602225;51175353163;Baía do Caldeirão;CE;09/2021
570;505190631;Tiago Carlus Potter;22/01/1960;Alameda do Expresso de Hogwarts, 484 - Fundos;Recanto do Caldeirão;88459036;Romilda Potter;Ativo;88 - BPC Idoso;Porto dos Duendes;PE;HP001060FAM;Desatualizado;19/10/2026;4687629702;69799676817;Porto dos Duendes;PE;06/2024
571;277339435;Grope Malfoy Flint;04/06/1947;Travessa Sr. da Pedra Filosofal, 474 - Sobrado;Colônia Fenda da Serpente;58372549;Aurora Malfoy Flint;Cessado;88 - BPC Idoso;Fenda da Serpente;BA;HP001064FAM;Atualizado;15/11/2024;0395587298;96150335022;Fenda da Serpente;BA;09/2023
572;257677249;Romilda Filch Spinnet;23/03/1981;Beco Mestre da Floresta Proibida, 610;Parque das Varinhas;62160948;Fernanda Filch Spinnet;Ativo;87 - BPC Pessoa com Deficiência;Porto dos Duendes;PE;HP001065FAM;Desatualizado;20/12/2026;6973532953;82868345340;Fenda da Serpente;BA;05/2022
573;494532738;Colin Pince Greengrass;02/06/1955;Travessa Mestre do Torneio Tribruxo, 829 - Sobrado;Parque das Varinhas;56592779;Bathsheda Pince Greengrass;Ativo;88 - BPC Idoso;Hogsmeade;MG;HP001066FAM;Desatualizado;01/01/2025;1852766295;70764969258;Hogsmeade;MG;09/2024
574;311077158;Basilio Pince Greengrass;28/08/1943;Travessa Mestre do Torneio Tribruxo, 829 - Sobrado;Parque das Varinhas;56592779;Bathsheda Pince Greengrass;Ativo;88 - BPC Idoso;Hogsmeade;MG;HP001066FAM;Desatualizado;01/01/2025;2524874724;15428814805;Hogsmeade;MG;04/2025
575;543659951;Verônica Malfoy Abbott;16/11/1960;Alameda Mestre da Sala Precisa, 464 - Sobrado;Recanto do Caldeirão;00526123;Muriel Malfoy Abbott;Cessado;88 - BPC Idoso;Rio das Sereias;PA;HP001067FAM;Atualizado;18/07/2024;9954819342;08539719516;Rio das Sereias;PA;03/2023
576;268784166;Verônica Malfoy Abbott;02/07/1961;Alameda Mestre da Sala Precisa, 464 - Sobrado;Recanto do Caldeirão;00526123;Muriel Malfoy Abbott;Bloqueado;88 - BPC Idoso;Rio das Sereias;PA;HP001067FAM;Atualizado;18/07/2024;8293111387;94372109503;Rio das Sereias;PA;12/2024
577;016553907;Muriel Weasley Thomas;26/09/1950;Alameda das Poções, 138;Parque das Varinhas;64570137;Cho Weasley Thomas;Ativo;88 - BPC Idoso;Serra da Coruja;PR;HP001068FAM;Desatualizado;06/05/2025;0011017128;72527471745;Serra da Coruja;PR;11/2023
578;691176319;Ernesto Pomfrey;28/09/1938;Travessa Sr. dos Centauros, 587 - Casa;Vila das Bruxas;42596172;Dolores Jane Pomfrey;Suspenso;88 - BPC Idoso;Vau das Poções;SC;HP001071FAM;Atualizado;15/04/2024;0732290308;72447862711;Vau das Poções;SC;12/2024
579;589992379;Amos Sinistra Hagrid;09/03/1971;Rua Prof. da Sonserina, 758 - Casa;Conjunto Grifinória;56392549;Rita Sinistra Hagrid;Ativo;87 - BPC Pessoa com Deficiência;Campo dos Centauros;GO;HP001074FAM;Atualizado;30/10/2026;0837838576;11176942911;Campo dos Centauros;GO;03/2020
580;530088807;Carlinhos Gaunt;21/04/1958;Praça Mestre do Expresso de Hogwarts, 474;Recanto do Caldeirão;64720392;Aurora Gaunt;Ativo;88 - BPC Idoso;Hogsmeade;MG;HP001075FAM;Atualizado;24/05/2024;5688064486;56514185477;Hogsmeade;MG;10/2026
581;147991876;Lílian Evelina Gaunt;02/11/2008;Praça Mestre do Expresso de Hogwarts, 474;Recanto do Caldeirão;64720392;Aurora Gaunt;Suspenso;87 - BPC Pessoa com Deficiência;Hogsmeade;MG;HP001075FAM;Atualizado;24/05/2024;5832447181;59814522266;Hogsmeade;MG;12/2022
582;235829389;Alícia Meadowes Corner;28/12/1961;Praça Mestre das Poções, 75 - Sobrado;Vila Sonserina;51201092;Lílian Evelina Meadowes Corner;Ativo;88 - BPC Idoso;Monte Fênix;ES;HP001076FAM;Desatualizado;14/06/2026;5354124211;22533141107;Monte Fênix;ES;08/2020
583;590375158;Hermione Jane Meadowes Corner;28/06/1946;Praça Mestre das Poções, 75 - Sobrado;Vila Sonserina;51201092;Lílian Evelina Meadowes Corner;Bloqueado;88 - BPC Idoso;Monte Fênix;ES;HP001076FAM;Desatualizado;14/06/2026;7655904249;30211964545;Monte Fênix;ES;11/2023
584;428426701;Fábio Ademar Vance Goyle;17/06/1959;Rua Dona dos Dementadores Vencidos, 657 - Casa;Bairro dos Duendes;98780397;Lavínia Vance Goyle;Cessado;88 - BPC Idoso;Hogsmeade;MG;HP001079FAM;Desatualizado;19/10/2024;6407936812;72103591762;Hogsmeade;MG;03/2025
585;841246032;Gina Molly Vance Goyle;25/10/1976;Rua Dona dos Dementadores Vencidos, 657 - Casa;Bairro dos Duendes;98780397;Lavínia Vance Goyle;Ativo;87 - BPC Pessoa com Deficiência;Hogsmeade;MG;HP001079FAM;Desatualizado;19/10/2024;8115919601;77652229451;Hogsmeade;MG;08/2021
586;564422095;Molly Prewett Trelawney Burbage;01/08/1955;Travessa Sr. da Lufa-Lufa, 387 - Fundos;Núcleo Hogwarts;44431097;Cho Trelawney Burbage;Ativo;88 - BPC Idoso;Porto dos Duendes;PE;HP001083FAM;Desatualizado;08/07/2025;5497874887;74704544546;Porto dos Duendes;PE;01/2023
587;144672561;George Bagman;02/08/1955;Beco Prof. da Sonserina, 648 - Sobrado;Bairro dos Duendes;87320544;Merope Bagman;Suspenso;88 - BPC Idoso;Fenda da Serpente;BA;HP001085FAM;Atualizado;24/06/2024;5196010794;42686008681;Fenda da Serpente;BA;09/2021
588;017146569;Padma Shacklebolt Carmichael;01/01/1976;Rua Dona das Chaves de Voo, 650 - Fundos;Conjunto Grifinória;35225430;Luna Shacklebolt Carmichael;Suspenso;87 - BPC Pessoa com Deficiência;Porto dos Duendes;PE;HP001088FAM;Desatualizado;02/01/2026;2602858106;67461081631;Rio das Sereias;PA;08/2024
589;703471536;Marcus Shacklebolt Carmichael;14/04/2022;Rua Dona das Chaves de Voo, 650 - Fundos;Conjunto Grifinória;35225430;Luna Shacklebolt Carmichael;Ativo;87 - BPC Pessoa com Deficiência;Porto dos Duendes;PE;HP001088FAM;Desatualizado;02/01/2026;8325788927;;Porto dos Duendes;PE;02/2025
590;390993992;Ninfadora Tonks;13/08/1941;Alameda Dona do Quatro Privet Drive, 678 - Fundos;Vila Corvinal;14112212;Bathsheda Tonks;Cessado;88 - BPC Idoso;Baía do Caldeirão;CE;HP001091FAM;Atualizado;30/06/2023;8848207842;86323190009;Baía do Caldeirão;CE;09/2022
591;857009064;Tiago Carlus Tonks;08/04/1946;Alameda Dona do Quatro Privet Drive, 678 - Fundos;Vila Corvinal;14112212;Bathsheda Tonks;Bloqueado;88 - BPC Idoso;Baía do Caldeirão;CE;HP001091FAM;Atualizado;30/06/2023;1783728203;69368360894;Baía do Caldeirão;CE;10/2024
592;513545439;Angelina McGonagall Patil;24/04/1943;Praça das Corujas, 976 - Apto 1;Setor Mágico;80129263;Fernanda McGonagall Patil;Ativo;88 - BPC Idoso;Vau das Poções;SC;HP001092FAM;Atualizado;26/07/2026;6204938850;43232070771;Vau das Poções;SC;10/2025
593;191630230;Olívia Delacour Fawcett;05/04/1998;Travessa dos Elfos Domésticos, 235;Jardim Hogsmeade;06064549;Millicent Delacour Fawcett;Cessado;87 - BPC Pessoa com Deficiência;Colina das Bruxas;RS;HP001097FAM;Desatualizado;12/07/2024;9041602281;38559333328;Colina das Bruxas;RS;03/2024
594;994487836;Gemma Goldstein;13/06/1997;Alameda Mestre Travessa do Tranco, 754 - Fundos;Jardim Hogsmeade;15872383;Muriel Goldstein;Ativo;87 - BPC Pessoa com Deficiência;Vale do Godric;SP;HP001099FAM;Atualizado;02/12/2024;1445311687;05371136570;Vale do Godric;SP;06/2022
595;576690543;Amos Parkinson;08/02/1990;Beco Sr. da Pedra Filosofal, 834 - Fundos;Bairro dos Duendes;71438328;Fleur Parkinson;Ativo;87 - BPC Pessoa com Deficiência;Vau das Poções;SC;HP001100FAM;Desatualizado;07/10/2021;5925080951;38121166348;Vau das Poções;SC;05/2021
596;373253547;Charity Shacklebolt Snape;24/08/2017;Viela Dona do Caldeirão Furado, 457;Recanto do Caldeirão;55279600;Sibila Shacklebolt Snape;Suspenso;87 - BPC Pessoa com Deficiência;Vale do Godric;SP;HP001102FAM;Atualizado;28/08/2026;4091757137;;Vale do Godric;SP;07/2021
597;723272084;Verônica Fawcett Finch-Fletchley;21/11/1970;Praça Sr. de Hogsmeade, 638 - Sobrado;Vila Weasley;40002844;Olívia Fawcett Finch-Fletchley;Suspenso;87 - BPC Pessoa com Deficiência;Campo dos Centauros;GO;HP001104FAM;Desatualizado;25/05/2026;5734344966;41235074682;Monte Fênix;ES;10/2023
598;035711188;Millicent Fawcett Finch-Fletchley;08/01/1954;Praça Sr. de Hogsmeade, 638 - Sobrado;Vila Weasley;40002844;Olívia Fawcett Finch-Fletchley;Ativo;88 - BPC Idoso;Campo dos Centauros;GO;HP001104FAM;Desatualizado;25/05/2026;7686320828;58293978545;Campo dos Centauros;GO;10/2024
599;960617564;Carlota Creevey;04/04/1958;Beco Prof. da Lufa-Lufa, 535 - Apto 1;Setor São Mungo;03234078;Aurora Creevey;Ativo;88 - BPC Idoso;Monte Fênix;ES;HP001106FAM;Desatualizado;29/09/2025;2812167279;97187153397;Monte Fênix;ES;06/2020
600;502865344;Andrômeda Dearborn Goldstein;03/05/1972;Praça Mestre do Quatro Privet Drive, 729 - Casa;Colônia Fenda da Serpente;27211107;Millicent Dearborn Goldstein;Ativo;87 - BPC Pessoa com Deficiência;Vale do Godric;SP;HP001107FAM;Atualizado;29/04/2023;9425092164;96882779754;Vale do Godric;SP;09/2024
601;668385937;Emelina Potter;20/11/1964;Beco Dona Travessa do Tranco, 173 - Apto 1;Vila Sonserina;48825144;Belatriz Lestrange Potter;Suspenso;87 - BPC Pessoa com Deficiência;Fenda da Serpente;BA;HP001109FAM;Atualizado;15/02/2026;0527341531;24663332282;Fenda da Serpente;BA;11/2023
602;661166513;Bathsheda Potter;23/03/1961;Beco Dona Travessa do Tranco, 173 - Apto 1;Vila Sonserina;48825144;Belatriz Lestrange Potter;Suspenso;88 - BPC Idoso;Fenda da Serpente;BA;HP001109FAM;Atualizado;15/02/2026;8738872424;67805749881;Fenda da Serpente;BA;11/2026
603;275342292;Aurora Sprout Johnson;03/12/1945;Travessa Mestre dos Sonhadores, 969 - Sobrado;Núcleo Hogwarts;01800134;Sibila Sprout Johnson;Ativo;88 - BPC Idoso;Fenda da Serpente;BA;HP001113FAM;Atualizado;13/10/2025;0215669310;53161129469;Colina das Bruxas;RS;05/2021
604;413362614;Filch Krum Diggory;12/10/1986;Beco Sr. do Torneio Tribruxo, 861 - Fundos;Jardim Hogsmeade;17263803;Romilda Krum Diggory;Ativo;87 - BPC Pessoa com Deficiência;Vale do Godric;SP;HP001117FAM;Atualizado;31/10/2026;3554227974;92283113204;Vale do Godric;SP;03/2020
605;569356202;Estúrgio Krum Diggory;04/01/1959;Beco Sr. do Torneio Tribruxo, 861 - Fundos;Jardim Hogsmeade;17263803;Romilda Krum Diggory;Ativo;88 - BPC Idoso;Vale do Godric;SP;HP001117FAM;Atualizado;31/10/2026;0254489432;17007665899;Vale do Godric;SP;10/2025
606;638459637;Dédalo Crabbe Malfoy;03/02/1983;Beco Mestre das Chaves de Voo, 590 - Casa;Núcleo Hogwarts;78690329;Cho Crabbe Malfoy;Cessado;87 - BPC Pessoa com Deficiência;Baía do Caldeirão;CE;HP001119FAM;Desatualizado;16/04/2022;6079222586;16375461063;Baía do Caldeirão;CE;11/2025
607;483993396;Hermione Jane Pomfrey;24/07/2001;Viela Sr. dos Feiticeiros, 434 - Apto 1;Vila Trouxa;41998729;Gemma Pomfrey;Ativo;87 - BPC Pessoa com Deficiência;Serra da Coruja;PR;HP001121FAM;Atualizado;03/12/2026;0494412195;07643171056;Serra da Coruja;PR;03/2025
608;429670416;Alvo Percival Hagrid Macmillan;20/03/1986;Beco das Varinhas, 821;Jardim Lufa-Lufa;78762768;Hermione Jane Hagrid Macmillan;Cessado;87 - BPC Pessoa com Deficiência;Campo dos Centauros;GO;HP001124FAM;Desatualizado;01/12/2023;2485552577;31954912733;Campo dos Centauros;GO;04/2025
609;536849564;Bathsheda Boot;20/03/1991;Alameda Dona dos Trouxas, 317 - Fundos;Vila Sonserina;82961742;Parvati Boot;Ativo;87 - BPC Pessoa com Deficiência;Colina das Bruxas;RS;HP001126FAM;Desatualizado;26/02/2023;2752092287;30901470412;Colina das Bruxas;RS;10/2020
610;832820844;Dino Boot;07/04/1942;Alameda Dona dos Trouxas, 317 - Fundos;Vila Sonserina;82961742;Parvati Boot;Suspenso;88 - BPC Idoso;Colina das Bruxas;RS;HP001126FAM;Desatualizado;26/02/2023;5118113824;20003117336;Colina das Bruxas;RS;11/2025
611;311838006;Padma Bulstrode Prewett;11/01/1958;Beco Sr. da Floresta Proibida, 147 - Sobrado;Vila Sonserina;82153666;Dolores Jane Bulstrode Prewett;Ativo;88 - BPC Idoso;Monte Fênix;ES;HP001130FAM;Atualizado;21/12/2025;8130067353;18281239609;Monte Fênix;ES;12/2024
612;329194288;Astória Hagrid;23/02/1941;Rua das Poções, 409 - Sobrado;Vila Corvinal;50130235;Katie Hagrid;Suspenso;88 - BPC Idoso;Rio das Sereias;PA;HP001131FAM;Atualizado;18/12/2026;4002276812;59994703313;Rio das Sereias;PA;11/2023
613;612288867;Rony Bilius Hagrid;27/03/1952;Rua das Poções, 409 - Sobrado;Vila Corvinal;50130235;Katie Hagrid;Suspenso;88 - BPC Idoso;Rio das Sereias;PA;HP001131FAM;Atualizado;18/12/2026;0563891704;85706526313;Rio das Sereias;PA;07/2026
614;451427819;Charity Lestrange;04/07/1942;Praça Beco Diagonal, 825 - Fundos;Recanto do Caldeirão;16752633;Verônica Lestrange;Ativo;88 - BPC Idoso;Monte Fênix;ES;HP001135FAM;Desatualizado;12/07/2021;2937256678;96770698965;Monte Fênix;ES;01/2024
615;838376418;Amos Hooch;23/09/1939;Beco Sr. do Torneio Tribruxo, 251;Jardim Hogsmeade;91175452;Ariana Hooch;Suspenso;88 - BPC Idoso;Monte Fênix;ES;HP001136FAM;Atualizado;30/10/2026;6481402012;88783637073;Serra da Coruja;PR;12/2023
616;653677214;Olívia Goldstein;19/08/1950;Viela Prof. dos Feiticeiros, 137;Parque das Varinhas;01877112;Bathsheda Goldstein;Cessado;88 - BPC Idoso;Porto dos Duendes;PE;HP001137FAM;Atualizado;31/03/2025;3698901963;70629980102;Porto dos Duendes;PE;10/2020
617;621370546;Muriel Snape Weasley;17/05/1937;Praça dos Trouxas, 241;Jardim Lufa-Lufa;88348065;Ninfadora Snape Weasley;Ativo;88 - BPC Idoso;Colina das Bruxas;RS;HP001142FAM;Desatualizado;13/02/2026;2306107157;45459686515;Colina das Bruxas;RS;04/2020
618;882558456;Elpídio Finch-Fletchley Filch;15/07/1964;Travessa Dona dos Sonhadores, 81;Setor São Mungo;95096440;Lavínia Finch-Fletchley Filch;Cessado;87 - BPC Pessoa com Deficiência;Vale do Godric;SP;HP001145FAM;Desatualizado;24/02/2026;1940682802;88410353079;Vale do Godric;SP;10/2023
619;883953247;Cornélio Hagrid Meadowes;08/07/1937;Viela Dona das Grifinórias, 51 - Fundos;Bairro dos Duendes;66638352;Ninfadora Hagrid Meadowes;Bloqueado;88 - BPC Idoso;Baía do Caldeirão;CE;HP001152FAM;Atualizado;20/05/2024;1273535085;66034304794;Fenda da Serpente;BA;01/2022
620;005760187;Muriel Boot;06/01/1948;Praça Dona dos Sonhadores, 837;Vila Sonserina;25918539;Cho Boot;Ativo;88 - BPC Idoso;Vau das Poções;SC;HP001154FAM;Desatualizado;09/07/2022;2095353611;44216920697;Vau das Poções;SC;01/2025
621;171191841;Padma Delacour;22/03/1957;Rua Sr. da Floresta Proibida, 64 - Apto 1;Setor Mágico;40786689;Astória Delacour;Suspenso;88 - BPC Idoso;Hogsmeade;MG;HP001156FAM;Desatualizado;03/10/2025;7030232854;05117966504;Hogsmeade;MG;02/2025
622;242130600;Alvo Percival Delacour;24/01/1959;Rua Sr. da Floresta Proibida, 64 - Apto 1;Setor Mágico;40786689;Astória Delacour;Ativo;88 - BPC Idoso;Hogsmeade;MG;HP001156FAM;Desatualizado;03/10/2025;7185810754;09832384138;Hogsmeade;MG;02/2025
623;468630785;Charity Black Hagrid;22/09/1950;Beco das Varinhas, 15 - Casa;Conjunto Grifinória;57849529;Marieta Black Hagrid;Ativo;88 - BPC Idoso;Porto dos Duendes;PE;HP001158FAM;Desatualizado;26/08/2023;7956579315;85668117209;Porto dos Duendes;PE;03/2023
624;255448077;Carlota Black Hagrid;13/04/1956;Beco das Varinhas, 15 - Casa;Conjunto Grifinória;57849529;Marieta Black Hagrid;Suspenso;88 - BPC Idoso;Porto dos Duendes;PE;HP001158FAM;Desatualizado;26/08/2023;9751481265;05496769530;Monte Fênix;ES;06/2024
625;061689796;Lílian Evelina Black Hagrid;23/09/1960;Beco das Varinhas, 15 - Casa;Conjunto Grifinória;57849529;Marieta Black Hagrid;Bloqueado;88 - BPC Idoso;Porto dos Duendes;PE;HP001158FAM;Desatualizado;26/08/2023;1571715823;36817415223;Porto dos Duendes;PE;05/2025
626;199527016;Fred Lovegood;28/09/1957;Travessa Sr. das Corujas, 249 - Fundos;Bairro dos Duendes;70182934;Charity Lovegood;Suspenso;88 - BPC Idoso;Vau das Poções;SC;HP001160FAM;Desatualizado;20/12/2026;8764834161;88242796195;Vau das Poções;SC;09/2020
627;126679810;Estêvão Cornelius Fenwick;07/08/2003;Avenida Mestre da Corvinal, 501 - Casa;Recanto do Caldeirão;09162198;Sibila Fenwick;Ativo;87 - BPC Pessoa com Deficiência;Vila Trouxinha;RJ;HP001161FAM;Atualizado;20/12/2026;1760454788;79229859917;Vila Trouxinha;RJ;12/2023
628;211011067;Andrômeda Prewett;18/08/1954;Avenida Prof. de Hogsmeade, 643;Vila Trouxa;79013634;Pomona Prewett;Ativo;88 - BPC Idoso;Vila Trouxinha;RJ;HP001164FAM;Desatualizado;01/12/2026;0985332949;88556969808;Vila Trouxinha;RJ;05/2022
629;427367147;Pansy Tonks;22/04/1961;Travessa Dona da Corvinal, 184 - Apto 1;Setor Mágico;79821226;Narcisa Tonks;Ativo;88 - BPC Idoso;Vale do Godric;SP;HP001165FAM;Desatualizado;01/12/2021;6580783780;01779506685;Vale do Godric;SP;04/2020
630;229488287;Aurora Tonks;06/05/1946;Travessa Dona da Corvinal, 184 - Apto 1;Setor Mágico;79821226;Narcisa Tonks;Ativo;88 - BPC Idoso;Vale do Godric;SP;HP001165FAM;Desatualizado;01/12/2021;4954395531;93291863603;Vale do Godric;SP;03/2022
631;767016697;Cornélio Tonks;17/12/1954;Travessa Dona da Corvinal, 184 - Apto 1;Setor Mágico;79821226;Narcisa Tonks;Ativo;88 - BPC Idoso;Vale do Godric;SP;HP001165FAM;Desatualizado;01/12/2021;6974261924;45143428312;Vale do Godric;SP;01/2023
632;534671834;Zacarias Bagman Carmichael;23/02/1947;Viela Mestre Beco Diagonal, 576 - Fundos;Bairro dos Duendes;60414643;Parvati Bagman Carmichael;Ativo;88 - BPC Idoso;Baía do Caldeirão;CE;HP001167FAM;Desatualizado;23/04/2024;5233757236;95615548604;Baía do Caldeirão;CE;02/2026
633;467839895;Padma Goldstein;09/04/1956;Viela Dona dos Sonhadores, 692;Jardim Hogsmeade;81173162;Millicent Goldstein;Ativo;88 - BPC Idoso;Hogsmeade;MG;HP001170FAM;Atualizado;16/06/2025;7554005557;93871889145;Porto dos Duendes;PE;11/2021
634;294856503;Sirius Orion Goldstein;25/02/1959;Viela Dona dos Sonhadores, 692;Jardim Hogsmeade;81173162;Millicent Goldstein;Ativo;88 - BPC Idoso;Hogsmeade;MG;HP001170FAM;Atualizado;16/06/2025;0899705097;64014945307;Hogsmeade;MG;07/2022
635;348224198;Horácio Goldstein;28/11/1961;Viela Dona dos Sonhadores, 692;Jardim Hogsmeade;81173162;Millicent Goldstein;Bloqueado;88 - BPC Idoso;Hogsmeade;MG;HP001170FAM;Atualizado;16/06/2025;5853654954;00914005118;Hogsmeade;MG;04/2020
636;339427135;Narcisa Diggory Boot;06/02/1961;Avenida Prof. das Bruxas Sábias, 903 - Fundos;Parque das Varinhas;52305240;Parvati Diggory Boot;Suspenso;88 - BPC Idoso;Rio das Sereias;PA;HP001171FAM;Desatualizado;19/11/2026;4726156109;23909883692;Rio das Sereias;PA;02/2022
637;168007625;Argos Diggory Boot;15/05/1940;Avenida Prof. das Bruxas Sábias, 903 - Fundos;Parque das Varinhas;52305240;Parvati Diggory Boot;Suspenso;88 - BPC Idoso;Rio das Sereias;PA;HP001171FAM;Desatualizado;19/11/2026;4657892154;24119252479;Rio das Sereias;PA;09/2021
638;350148849;Ariana Finch-Fletchley Delacour;25/02/1957;Rua Prof. das Bruxas Sábias, 20;Vila das Bruxas;80725708;Carlota Finch-Fletchley Delacour;Ativo;88 - BPC Idoso;Hogsmeade;MG;HP001172FAM;Desatualizado;28/09/2024;0591631031;65602329728;Hogsmeade;MG;04/2024
639;890111156;Astória Creevey Fudge;04/02/1993;Rua Dona dos Duendes, 50 - Sobrado;Colônia Fenda da Serpente;28505085;Aurora Creevey Fudge;Bloqueado;87 - BPC Pessoa com Deficiência;Monte Fênix;ES;HP001173FAM;Atualizado;20/03/2022;7388376799;80926725558;Vila Trouxinha;RJ;02/2025
640;342469705;Gina Molly Jordan Lupin;09/11/1969;Avenida Prof. dos Elfos Domésticos, 252 - Fundos;Conjunto Grifinória;50847603;Fleur Jordan Lupin;Ativo;87 - BPC Pessoa com Deficiência;Vau das Poções;SC;HP001174FAM;Desatualizado;03/08/2024;2054972189;17061181557;Vau das Poções;SC;01/2024
641;139339364;Gregory Nott Greengrass;11/04/1945;Praça Sr. das Corujas, 724 - Sobrado;Vila Sonserina;29974587;Hannah Nott Greengrass;Ativo;88 - BPC Idoso;Serra da Coruja;PR;HP001176FAM;Desatualizado;17/04/2025;4993243361;91673629314;Serra da Coruja;PR;08/2022
642;054309443;Nevile Franklin Nott Greengrass;17/05/1961;Praça Sr. das Corujas, 724 - Sobrado;Vila Sonserina;29974587;Hannah Nott Greengrass;Bloqueado;88 - BPC Idoso;Serra da Coruja;PR;HP001176FAM;Desatualizado;17/04/2025;5123103236;54456811909;Serra da Coruja;PR;09/2022
643;009584674;Minerva Bell Pomfrey;14/08/1956;Praça do Quatro Privet Drive, 345 - Sobrado;Jardim Hogsmeade;83976748;Petúnia Bell Pomfrey;Cessado;88 - BPC Idoso;Colina das Bruxas;RS;HP001177FAM;Desatualizado;11/02/2023;5587209277;01093492532;Colina das Bruxas;RS;10/2021
644;217616615;Fred Flitwick Slughorn;27/09/1938;Avenida Mestre da Floresta Proibida, 209 - Casa;Jardim Hogsmeade;39434558;Fleur Flitwick Slughorn;Ativo;88 - BPC Idoso;Serra da Coruja;PR;HP001181FAM;Desatualizado;25/02/2024;9822981880;62003843391;Serra da Coruja;PR;05/2020
645;696864937;Fernanda Bulstrode;28/12/1956;Viela Prof. do Expresso de Hogwarts, 572 - Fundos;Vila Corvinal;83873960;Ariana Bulstrode;Ativo;87 - BPC Pessoa com Deficiência;Colina das Bruxas;RS;HP001185FAM;Desatualizado;06/02/2026;1510919568;57806636029;Colina das Bruxas;RS;03/2024
646;004016082;Narcisa Creevey;28/07/1971;Travessa das Vassouras Voadoras, 428 - Sobrado;Vila Sonserina;29043945;Susana Creevey;Ativo;87 - BPC Pessoa com Deficiência;Fenda da Serpente;BA;HP001188FAM;Desatualizado;12/01/2026;7296477682;16338240120;Fenda da Serpente;BA;03/2025
647;993333235;Rita Spinnet Pomfrey;22/02/1960;Praça Mestre dos Elfos Domésticos, 840;Colônia Fenda da Serpente;91907037;Susana Spinnet Pomfrey;Ativo;88 - BPC Idoso;Fenda da Serpente;BA;HP001190FAM;Atualizado;04/12/2024;0866005186;61831636276;Fenda da Serpente;BA;05/2026
648;953514094;Tiago Carlus Vance;20/12/1972;Beco Mestre do Quatro Privet Drive, 575 - Apto 1;Vila Sonserina;28221362;Rita Vance;Cessado;87 - BPC Pessoa com Deficiência;Vau das Poções;SC;HP001191FAM;Desatualizado;12/07/2023;0511922203;71281062517;Vau das Poções;SC;07/2021
649;637849247;Dédalo Boot Bagman;16/01/1985;Avenida Prof. Beco Diagonal, 310 - Casa;Colônia Fenda da Serpente;97065788;Ariana Boot Bagman;Ativo;87 - BPC Pessoa com Deficiência;Colina das Bruxas;RS;HP001192FAM;Atualizado;16/10/2026;8240880673;80043431559;Rio das Sereias;PA;01/2026
650;099956775;Cornélio Creevey Shacklebolt;08/07/1961;Rua Mestre do Quatro Privet Drive, 820 - Casa;Vila das Bruxas;88510119;Belatriz Lestrange Creevey Shacklebolt;Ativo;88 - BPC Idoso;Vale do Godric;SP;HP001194FAM;Desatualizado;19/10/2025;8872395968;98318604206;Vale do Godric;SP;06/2020
651;259847883;Dino Corner Goyle;10/05/1958;Travessa Dona das Grifinórias, 705 - Fundos;Vila Sonserina;19977205;Sibila Corner Goyle;Cessado;88 - BPC Idoso;Colina das Bruxas;RS;HP001197FAM;Atualizado;25/05/2022;2849556124;68435835552;Colina das Bruxas;RS;11/2023
652;729787652;Miguel Fenwick Goldstein;12/07/2019;Viela Sr. das Poções, 87 - Sobrado;Vila Corvinal;37361007;Astória Fenwick Goldstein;Ativo;87 - BPC Pessoa com Deficiência;Hogsmeade;MG;HP001201FAM;Desatualizado;16/08/2026;1907057543;;Hogsmeade;MG;08/2024
653;832314990;Filch Scrimgeour Fudge;11/01/1944;Alameda Sr. das Bruxas Sábias, 2 - Sobrado;Colônia Fenda da Serpente;59800050;Dafne Scrimgeour Fudge;Suspenso;88 - BPC Idoso;Vau das Poções;SC;HP001202FAM;Desatualizado;06/04/2024;6735795817;12118002968;Vau das Poções;SC;04/2025
654;416383299;Sirius Orion Snape;07/09/1961;Praça Prof. das Varinhas, 4;Vila Trouxa;94854164;Pomona Snape;Ativo;88 - BPC Idoso;Serra da Coruja;PR;HP001203FAM;Atualizado;19/11/2022;7148537431;67803473028;Serra da Coruja;PR;07/2022
655;656298812;Gina Molly Chang Tonks;05/10/2019;Alameda dos Dementadores Vencidos, 729 - Sobrado;Vila Corvinal;93691472;Dolores Jane Chang Tonks;Ativo;87 - BPC Pessoa com Deficiência;Campo dos Centauros;GO;HP001205FAM;Desatualizado;13/06/2026;2176216888;;Campo dos Centauros;GO;02/2020
656;050818624;Wilhelmina Chang Tonks;10/02/1993;Alameda dos Dementadores Vencidos, 729 - Sobrado;Vila Corvinal;93691472;Dolores Jane Chang Tonks;Bloqueado;87 - BPC Pessoa com Deficiência;Campo dos Centauros;GO;HP001205FAM;Desatualizado;13/06/2026;3344061654;17518027104;Campo dos Centauros;GO;12/2025
657;404968960;Parvati Weasley;10/11/1939;Viela Dona dos Duendes, 621 - Sobrado;Núcleo Hogwarts;45499936;Lavínia Weasley;Ativo;88 - BPC Idoso;Serra da Coruja;PR;HP001211FAM;Atualizado;30/12/2020;5128880214;40472739297;Serra da Coruja;PR;07/2020
658;097572073;Basilio Fudge Pomfrey;11/06/1961;Travessa Mestre dos Duendes, 533 - Casa;Vila Trouxa;98993951;Susana Fudge Pomfrey;Ativo;88 - BPC Idoso;Vila Trouxinha;RJ;HP001216FAM;Desatualizado;29/08/2026;6442705572;19839369524;Vila Trouxinha;RJ;02/2026
659;403368214;Pedro Lupin Chang;05/11/1962;Travessa Dona dos Duendes, 895 - Sobrado;Núcleo Hogwarts;25902688;Padma Lupin Chang;Ativo;87 - BPC Pessoa com Deficiência;Rio das Sereias;PA;HP001217FAM;Desatualizado;06/12/2026;3757553652;38028538813;Rio das Sereias;PA;06/2022
660;536324627;Cornélio Vance;25/11/2017;Avenida Beco Diagonal, 326 - Sobrado;Núcleo Hogwarts;34904700;Dolores Jane Vance;Suspenso;87 - BPC Pessoa com Deficiência;Hogsmeade;MG;HP001219FAM;Atualizado;19/02/2025;9154110252;;Hogsmeade;MG;08/2026
661;043224335;Marcus Greengrass;07/09/1953;Alameda dos Centauros, 609 - Sobrado;Vila Sonserina;27809414;Minerva Greengrass;Ativo;88 - BPC Idoso;Campo dos Centauros;GO;HP001221FAM;Desatualizado;25/05/2026;4436251115;85420584455;Campo dos Centauros;GO;02/2020
662;729220100;Molly Prewett Dumbledore Lovegood;05/08/2000;Praça Dona do Torneio Tribruxo, 23 - Apto 1;Jardim Hogsmeade;96909350;Bathsheda Dumbledore Lovegood;Ativo;87 - BPC Pessoa com Deficiência;Colina das Bruxas;RS;HP001223FAM;Atualizado;12/09/2025;3475210886;88988273269;Colina das Bruxas;RS;09/2020
663;573524333;Percy Ignácio Corner Fawcett;05/10/1939;Avenida Dona da Lufa-Lufa, 466 - Fundos;Recanto dos Centauros;67686108;Millicent Corner Fawcett;Bloqueado;88 - BPC Idoso;Vale do Godric;SP;HP001230FAM;Atualizado;18/01/2024;1626462529;31944181816;Vale do Godric;SP;09/2022
664;361434958;Cornélio Corner Fawcett;03/02/1935;Avenida Dona da Lufa-Lufa, 466 - Fundos;Recanto dos Centauros;67686108;Millicent Corner Fawcett;Ativo;88 - BPC Idoso;Vale do Godric;SP;HP001230FAM;Atualizado;18/01/2024;0388398573;94908829176;Monte Fênix;ES;07/2022
665;314642689;Estêvão Cornelius Corner Fawcett;12/08/1982;Avenida Dona da Lufa-Lufa, 466 - Fundos;Recanto dos Centauros;67686108;Millicent Corner Fawcett;Bloqueado;87 - BPC Pessoa com Deficiência;Vale do Godric;SP;HP001230FAM;Atualizado;18/01/2024;1565825322;83674738842;Vale do Godric;SP;10/2023
666;669295811;Rúbeo Bagman Flitwick;23/01/2006;Alameda Mestre do Salgueiro Lutador, 170 - Sobrado;Vila Corvinal;66620274;Merope Bagman Flitwick;Ativo;87 - BPC Pessoa com Deficiência;Vau das Poções;SC;HP001232FAM;Desatualizado;13/11/2025;7445317901;28754514300;Vau das Poções;SC;06/2021
667;931535283;Katie Wood Gaunt;14/03/1954;Rua Mestre Fenícia, 304;Setor Mágico;07591304;Katie Wood Gaunt;Bloqueado;88 - BPC Idoso;Baía do Caldeirão;CE;HP001233FAM;Desatualizado;17/02/2023;2318267291;52035783030;Baía do Caldeirão;CE;10/2026
668;215096933;Ariana Vance Filch;04/09/2020;Beco Prof. Travessa do Tranco, 611 - Sobrado;Vila Corvinal;03154973;Dolores Jane Vance Filch;Cessado;87 - BPC Pessoa com Deficiência;Vila Trouxinha;RJ;HP001235FAM;Desatualizado;23/09/2025;3845732532;;Vila Trouxinha;RJ;01/2024
669;677935876;Ariana Scrimgeour Tonks;13/11/1944;Rua Prof. dos Duendes, 443;Vila Trouxa;53899565;Carlota Scrimgeour Tonks;Ativo;88 - BPC Idoso;Vau das Poções;SC;HP001238FAM;Desatualizado;29/01/2025;2233237153;97821139302;Vau das Poções;SC;02/2020
670;451273246;Ernesto Hagrid Bell;27/12/1939;Avenida Mestre das Varinhas, 985 - Casa;Jardim Lufa-Lufa;26640091;Charity Hagrid Bell;Cessado;88 - BPC Idoso;Vila Trouxinha;RJ;HP001241FAM;Atualizado;17/02/2024;7513217770;86580524941;Vau das Poções;SC;07/2023
671;838304572;Petúnia Gaunt;28/02/1959;Alameda Dona das Poções, 779 - Fundos;Vila Sonserina;96826893;Ariana Gaunt;Ativo;88 - BPC Idoso;Porto dos Duendes;PE;HP001242FAM;Desatualizado;06/07/2025;5304700223;30478878104;Porto dos Duendes;PE;08/2020
672;837310757;Gemma Hagrid;25/12/1975;Praça das Grifinórias, 309 - Fundos;Vila Trouxa;24019816;Sibila Hagrid;Suspenso;87 - BPC Pessoa com Deficiência;Vila Trouxinha;RJ;HP001243FAM;Desatualizado;29/09/2026;1367835654;35209802076;Vila Trouxinha;RJ;03/2024
673;831577821;Draco Lúcio Greengrass;24/05/1961;Alameda Sr. do Salgueiro Lutador, 860;Vila Sonserina;48222191;Angelina Greengrass;Ativo;88 - BPC Idoso;Baía do Caldeirão;CE;HP001247FAM;Atualizado;26/09/2024;5473278008;88364895323;Baía do Caldeirão;CE;05/2023
674;294968250;Colin Greengrass;18/10/1959;Alameda Sr. do Salgueiro Lutador, 860;Vila Sonserina;48222191;Angelina Greengrass;Ativo;88 - BPC Idoso;Baía do Caldeirão;CE;HP001247FAM;Atualizado;26/09/2024;8478770731;74643749594;Baía do Caldeirão;CE;06/2021
675;726035853;Charity Diggory Flint;26/12/2004;Praça Prof. Travessa do Tranco, 35;Núcleo Hogwarts;36733577;Katie Diggory Flint;Ativo;87 - BPC Pessoa com Deficiência;Vau das Poções;SC;HP001248FAM;Desatualizado;29/12/2026;2025972307;73207027896;Vau das Poções;SC;08/2024
676;867057495;Fleur Patil;13/02/1999;Travessa Mestre das Varinhas, 240;Núcleo Hogwarts;87606279;Muriel Patil;Cessado;87 - BPC Pessoa com Deficiência;Porto dos Duendes;PE;HP001250FAM;Atualizado;24/09/2025;7708735679;03014766830;Porto dos Duendes;PE;03/2025
677;521385817;Pomona Patil;16/01/1958;Travessa Mestre das Varinhas, 240;Núcleo Hogwarts;87606279;Muriel Patil;Ativo;88 - BPC Idoso;Porto dos Duendes;PE;HP001250FAM;Atualizado;24/09/2025;0189905229;04070729262;Porto dos Duendes;PE;07/2025
678;793925871;Elpídio Lovegood;26/12/1959;Praça Dona dos Trouxas, 1 - Fundos;Vila das Bruxas;62469482;Luna Lovegood;Ativo;88 - BPC Idoso;Fenda da Serpente;BA;HP001251FAM;Atualizado;04/09/2026;2881099398;60872771538;Fenda da Serpente;BA;12/2026
679;662056208;Seamus Flint Weasley;09/01/2003;Alameda Mestre dos Feiticeiros, 575 - Casa;Bairro dos Duendes;35952819;Emelina Flint Weasley;Suspenso;87 - BPC Pessoa com Deficiência;Vila Trouxinha;RJ;HP001253FAM;Desatualizado;21/11/2026;3927722338;68209773792;Vila Trouxinha;RJ;08/2021
680;478222021;Kingsley Diggory Corner;06/01/1955;Praça Sr. dos Duendes, 811 - Apto 1;Jardim Hogsmeade;98953667;Olívia Diggory Corner;Ativo;88 - BPC Idoso;Serra da Coruja;PR;HP001254FAM;Atualizado;18/07/2023;2385030375;76452500382;Serra da Coruja;PR;05/2020
681;827305352;Gregory Diggory Corner;17/06/1952;Praça Sr. dos Duendes, 811 - Apto 1;Jardim Hogsmeade;98953667;Olívia Diggory Corner;Ativo;88 - BPC Idoso;Serra da Coruja;PR;HP001254FAM;Atualizado;18/07/2023;6305045100;28515470030;Serra da Coruja;PR;08/2024
682;163385610;Argos Flitwick;13/06/2016;Travessa Prof. da Sala Precisa, 927 - Fundos;Jardim Hogsmeade;05856839;Lílian Evelina Flitwick;Ativo;87 - BPC Pessoa com Deficiência;Vau das Poções;SC;HP001256FAM;Desatualizado;26/11/2026;9693438877;;Vau das Poções;SC;05/2024
683;802132649;Fleur Meadowes Diggory;05/08/2007;Beco Dona dos Elfos Domésticos, 740 - Casa;Bairro dos Duendes;99099188;Gina Molly Meadowes Diggory;Cessado;87 - BPC Pessoa com Deficiência;Vau das Poções;SC;HP001258FAM;Atualizado;22/06/2026;5074607653;50392449910;Vau das Poções;SC;08/2025
684;758651022;Verônica Umbridge;11/09/1970;Avenida Prof. da Sonserina, 687 - Fundos;Núcleo Hogwarts;68400819;Fleur Umbridge;Cessado;87 - BPC Pessoa com Deficiência;Serra da Coruja;PR;HP001259FAM;Desatualizado;12/08/2026;7759986192;63707016708;Serra da Coruja;PR;12/2023
685;447597840;Filch Scrimgeour;04/06/1975;Viela dos Feiticeiros, 293 - Casa;Setor Mágico;62184295;Lavínia Scrimgeour;Cessado;87 - BPC Pessoa com Deficiência;Baía do Caldeirão;CE;HP001265FAM;Desatualizado;31/10/2024;7369612879;94190668196;Baía do Caldeirão;CE;04/2020
686;041353736;Aurora Scrimgeour;07/06/1940;Viela dos Feiticeiros, 293 - Casa;Setor Mágico;62184295;Lavínia Scrimgeour;Suspenso;88 - BPC Idoso;Baía do Caldeirão;CE;HP001265FAM;Desatualizado;31/10/2024;1174239202;36645594442;Baía do Caldeirão;CE;04/2020
687;122412393;Alastor Moody;28/08/1960;Viela Prof. das Vassouras Voadoras, 25 - Casa;Vila Weasley;39261371;Lavínia Moody;Bloqueado;88 - BPC Idoso;Fenda da Serpente;BA;HP001268FAM;Atualizado;05/10/2024;6573730621;39451946605;Fenda da Serpente;BA;07/2022
688;756173365;Luna Moody;25/06/1963;Viela Prof. das Vassouras Voadoras, 25 - Casa;Vila Weasley;39261371;Lavínia Moody;Ativo;87 - BPC Pessoa com Deficiência;Fenda da Serpente;BA;HP001268FAM;Atualizado;05/10/2024;2896156373;30736675980;Vale do Godric;SP;09/2025
689;703378352;Bathsheda Dumbledore;22/10/1959;Viela Prof. das Vassouras Voadoras, 148 - Apto 1;Núcleo Hogwarts;97709896;Susana Dumbledore;Suspenso;88 - BPC Idoso;Hogsmeade;MG;HP001270FAM;Desatualizado;02/11/2026;7826745001;89770635909;Hogsmeade;MG;09/2026
690;501777239;Lílian Evelina Umbridge Pomfrey;10/10/1960;Praça Prof. dos Feiticeiros, 884 - Casa;Vila Weasley;09518697;Katie Umbridge Pomfrey;Ativo;88 - BPC Idoso;Campo dos Centauros;GO;HP001274FAM;Atualizado;29/11/2024;2601224824;40550145035;Campo dos Centauros;GO;07/2025
691;478868019;Dédalo Umbridge Spinnet;25/02/1961;Beco Mestre dos Sonhadores, 835 - Fundos;Recanto dos Centauros;54233023;Lavínia Umbridge Spinnet;Suspenso;88 - BPC Idoso;Vale do Godric;SP;HP001279FAM;Desatualizado;30/04/2026;1560682802;09156757732;Porto dos Duendes;PE;08/2025
692;218358061;Kingsley Snape Lovegood;20/08/1941;Viela Prof. Fenícia, 56 - Apto 1;Vila Weasley;67234276;Aurora Snape Lovegood;Ativo;88 - BPC Idoso;Vau das Poções;SC;HP001283FAM;Atualizado;10/12/2022;6505693509;17934484008;Vau das Poções;SC;12/2023
693;686172465;Cho Jordan;23/04/1966;Beco Prof. Fenícia, 117;Jardim Lufa-Lufa;89512438;Wilhelmina Jordan;Suspenso;87 - BPC Pessoa com Deficiência;Colina das Bruxas;RS;HP001284FAM;Atualizado;17/09/2023;8215401384;77196498007;Colina das Bruxas;RS;01/2020
694;368891401;Aurora Vector Sinistra;27/05/2008;Beco Sr. dos Dementadores Vencidos, 696 - Sobrado;Vila Sonserina;04681664;Verônica Vector Sinistra;Ativo;87 - BPC Pessoa com Deficiência;Rio das Sereias;PA;HP001286FAM;Desatualizado;31/12/2024;8485333124;30358226118;Rio das Sereias;PA;06/2024
695;080322375;Pansy Parkinson Corner;17/10/1960;Alameda dos Feiticeiros, 777 - Fundos;Colônia Fenda da Serpente;65785035;Emelina Parkinson Corner;Ativo;88 - BPC Idoso;Vau das Poções;SC;HP001287FAM;Desatualizado;24/09/2025;8392185195;32182286119;Vau das Poções;SC;03/2020
696;713079252;Gregory Parkinson Corner;26/05/1942;Alameda dos Feiticeiros, 777 - Fundos;Colônia Fenda da Serpente;65785035;Emelina Parkinson Corner;Ativo;88 - BPC Idoso;Vau das Poções;SC;HP001287FAM;Desatualizado;24/09/2025;1574952354;68826035452;Vau das Poções;SC;04/2021
697;140320032;Ninfadora Parkinson Corner;27/06/1961;Alameda dos Feiticeiros, 777 - Fundos;Colônia Fenda da Serpente;65785035;Emelina Parkinson Corner;Ativo;88 - BPC Idoso;Vau das Poções;SC;HP001287FAM;Desatualizado;24/09/2025;1301085575;61741344741;Vila Trouxinha;RJ;07/2025
698;987746968;Rony Bilius McGonagall;02/06/1965;Alameda Dona da Floresta Proibida, 195 - Fundos;Colônia Fenda da Serpente;64664523;Aurora McGonagall;Bloqueado;87 - BPC Pessoa com Deficiência;Monte Fênix;ES;HP001288FAM;Atualizado;08/10/2024;8196082728;83602028699;Monte Fênix;ES;04/2022
699;307921139;Nevile Franklin Creevey;24/11/1935;Alameda Travessa do Tranco, 749 - Casa;Vila Weasley;89116510;Muriel Creevey;Ativo;88 - BPC Idoso;Colina das Bruxas;RS;HP001290FAM;Atualizado;03/03/2023;5490483807;30833137561;Porto dos Duendes;PE;08/2025
700;151341576;Guilherme Meadowes Tonks;03/08/1956;Alameda Sr. da Sala Precisa, 191;Vila Weasley;18199487;Andrômeda Meadowes Tonks;Ativo;88 - BPC Idoso;Fenda da Serpente;BA;HP001291FAM;Desatualizado;15/08/2021;9772406997;62009325654;Campo dos Centauros;GO;01/2022
701;861625740;Nevile Franklin Johnson Goldstein;09/01/1955;Avenida Prof. dos Centauros, 603 - Sobrado;Vila Weasley;49928990;Charity Johnson Goldstein;Ativo;88 - BPC Idoso;Rio das Sereias;PA;HP001292FAM;Atualizado;30/12/2023;8118697568;11928339456;Rio das Sereias;PA;01/2022
702;187720199;Emelina Lovegood Fenwick;01/12/1983;Viela Mestre dos Centauros, 935 - Apto 1;Vila Corvinal;00642643;Padma Lovegood Fenwick;Ativo;87 - BPC Pessoa com Deficiência;Monte Fênix;ES;HP001293FAM;Desatualizado;21/11/2026;6872132326;02738667614;Rio das Sereias;PA;02/2026
703;035912527;Aurora Lovegood Fenwick;22/06/1999;Viela Mestre dos Centauros, 935 - Apto 1;Vila Corvinal;00642643;Padma Lovegood Fenwick;Ativo;87 - BPC Pessoa com Deficiência;Monte Fênix;ES;HP001293FAM;Desatualizado;21/11/2026;0808106071;06675883883;Monte Fênix;ES;02/2023
704;223400505;Amos Lovegood Fenwick;06/03/1993;Viela Mestre dos Centauros, 935 - Apto 1;Vila Corvinal;00642643;Padma Lovegood Fenwick;Ativo;87 - BPC Pessoa com Deficiência;Monte Fênix;ES;HP001293FAM;Desatualizado;21/11/2026;1161624334;98804757209;Monte Fênix;ES;04/2021
705;218385633;Ariana Bell;09/05/1972;Viela Mestre do Torneio Tribruxo, 876 - Sobrado;Vila Corvinal;01268956;Pansy Bell;Ativo;87 - BPC Pessoa com Deficiência;Vale do Godric;SP;HP001295FAM;Desatualizado;02/10/2025;5210650106;27002146174;Rio das Sereias;PA;01/2026
706;755041342;Cedrico Zabini Goldstein;05/08/1971;Praça Beco Diagonal, 358 - Casa;Setor Mágico;04770227;Astória Zabini Goldstein;Ativo;87 - BPC Pessoa com Deficiência;Rio das Sereias;PA;HP001296FAM;Desatualizado;14/12/2026;8300009517;92490858269;Rio das Sereias;PA;08/2021
707;227240087;Narcisa Meadowes Goldstein;08/01/1971;Praça Dona Fenícia, 30;Jardim Hogsmeade;85442358;Charity Meadowes Goldstein;Ativo;87 - BPC Pessoa com Deficiência;Fenda da Serpente;BA;HP001298FAM;Atualizado;22/09/2026;7673701438;16471608399;Fenda da Serpente;BA;11/2020
708;601455485;Muriel Flitwick Crabbe;27/11/1950;Viela das Bruxas Sábias, 131 - Casa;Bairro dos Duendes;61431927;Petúnia Flitwick Crabbe;Ativo;88 - BPC Idoso;Vau das Poções;SC;HP001301FAM;Desatualizado;11/02/2024;3214497782;75675657499;Vau das Poções;SC;01/2024
709;838796526;Rolando Meadowes Crouch;08/02/1949;Viela Dona do Salgueiro Lutador, 652 - Sobrado;Recanto do Caldeirão;03774432;Lavínia Meadowes Crouch;Ativo;88 - BPC Idoso;Campo dos Centauros;GO;HP001303FAM;Atualizado;11/11/2025;8589790464;30380037000;Campo dos Centauros;GO;05/2020
710;712785464;Cho Krum;20/10/1950;Travessa dos Elfos Domésticos, 9 - Apto 1;Núcleo Hogwarts;24310263;Alícia Krum;Suspenso;88 - BPC Idoso;Baía do Caldeirão;CE;HP001304FAM;Atualizado;01/10/2025;9246022658;39150622002;Baía do Caldeirão;CE;01/2025
711;953185753;Ludo Krum;05/08/1962;Travessa dos Elfos Domésticos, 9 - Apto 1;Núcleo Hogwarts;24310263;Alícia Krum;Suspenso;87 - BPC Pessoa com Deficiência;Baía do Caldeirão;CE;HP001304FAM;Atualizado;01/10/2025;7810171047;83766638100;Baía do Caldeirão;CE;12/2020
712;583061913;Estêvão Cornelius Krum;01/11/1956;Travessa dos Elfos Domésticos, 9 - Apto 1;Núcleo Hogwarts;24310263;Alícia Krum;Ativo;88 - BPC Idoso;Baía do Caldeirão;CE;HP001304FAM;Atualizado;01/10/2025;7735822649;48889946845;Baía do Caldeirão;CE;02/2024
713;603800983;Grope Creevey Johnson;10/03/1997;Viela Mestre dos Feiticeiros, 424 - Casa;Bairro dos Duendes;78869864;Emelina Creevey Johnson;Bloqueado;87 - BPC Pessoa com Deficiência;Hogsmeade;MG;HP001305FAM;Desatualizado;25/09/2022;3228660512;85709374827;Vau das Poções;SC;11/2024
714;396819001;Angelina Spinnet;01/11/1958;Praça Prof. Fenícia, 559 - Apto 1;Setor Mágico;40948009;Hannah Spinnet;Bloqueado;88 - BPC Idoso;Serra da Coruja;PR;HP001306FAM;Desatualizado;26/01/2023;3558362100;01791744016;Serra da Coruja;PR;11/2022
715;865180320;Estêvão Cornelius Spinnet;26/02/1945;Praça Prof. Fenícia, 559 - Apto 1;Setor Mágico;40948009;Hannah Spinnet;Cessado;88 - BPC Idoso;Serra da Coruja;PR;HP001306FAM;Desatualizado;26/01/2023;7110541351;58793116606;Vale do Godric;SP;01/2022
716;683839866;Angelina Spinnet;21/08/1961;Praça Prof. Fenícia, 559 - Apto 1;Setor Mágico;40948009;Hannah Spinnet;Ativo;88 - BPC Idoso;Serra da Coruja;PR;HP001306FAM;Desatualizado;26/01/2023;2886023363;67310504668;Campo dos Centauros;GO;12/2023
717;970943767;Dolores Jane Tonks;04/10/1998;Rua do Torneio Tribruxo, 617 - Casa;Recanto dos Centauros;80010784;Pansy Tonks;Ativo;87 - BPC Pessoa com Deficiência;Vale do Godric;SP;HP001311FAM;Atualizado;10/05/2024;4823369240;70894314950;Serra da Coruja;PR;12/2023
718;784288470;Filch Corner;22/11/2003;Beco da Sala Precisa, 324 - Sobrado;Setor São Mungo;04535489;Emelina Corner;Bloqueado;87 - BPC Pessoa com Deficiência;Vila Trouxinha;RJ;HP001313FAM;Desatualizado;31/01/2025;9648518894;65002333799;Vila Trouxinha;RJ;12/2023
719;239494842;Romilda Goyle Moody;20/10/1940;Praça Sr. dos Elfos Domésticos, 718 - Apto 1;Vila Sonserina;85052726;Pansy Goyle Moody;Ativo;88 - BPC Idoso;Hogsmeade;MG;HP001314FAM;Atualizado;27/02/2025;7781081974;61028530753;Hogsmeade;MG;08/2024
720;071160338;Vicente Goyle Moody;18/03/1940;Praça Sr. dos Elfos Domésticos, 718 - Apto 1;Vila Sonserina;85052726;Pansy Goyle Moody;Suspenso;88 - BPC Idoso;Hogsmeade;MG;HP001314FAM;Atualizado;27/02/2025;4900042108;19686723972;Hogsmeade;MG;06/2023
721;978698320;Ariana Goyle Moody;06/01/1959;Praça Sr. dos Elfos Domésticos, 718 - Apto 1;Vila Sonserina;85052726;Pansy Goyle Moody;Bloqueado;88 - BPC Idoso;Hogsmeade;MG;HP001314FAM;Atualizado;27/02/2025;6824260639;85400534034;Fenda da Serpente;BA;10/2025
722;573128201;Fernanda Gaunt;20/08/1989;Travessa Mestre da Pedra Filosofal, 256 - Casa;Vila Corvinal;91045114;Olívia Gaunt;Suspenso;87 - BPC Pessoa com Deficiência;Fenda da Serpente;BA;HP001317FAM;Desatualizado;06/09/2026;6850660557;25771803656;Porto dos Duendes;PE;03/2024
723;119704828;Katie Dearborn Jordan;05/10/2002;Avenida Mestre dos Alfeineiros, 932 - Sobrado;Setor São Mungo;69601126;Muriel Dearborn Jordan;Ativo;87 - BPC Pessoa com Deficiência;Rio das Sereias;PA;HP001318FAM;Atualizado;12/01/2023;7786119837;25808472356;Rio das Sereias;PA;07/2022
724;529964460;Petúnia Lupin;19/08/1940;Avenida Sr. da Lufa-Lufa, 400 - Casa;Vila das Bruxas;17653251;Cho Lupin;Ativo;88 - BPC Idoso;Vale do Godric;SP;HP001319FAM;Desatualizado;19/12/2026;9685854438;52622142669;Vale do Godric;SP;04/2020
725;883761839;Hermione Jane McGonagall;27/03/1980;Rua Prof. das Grifinórias, 978 - Casa;Núcleo Hogwarts;24862877;Verônica McGonagall;Ativo;87 - BPC Pessoa com Deficiência;Porto dos Duendes;PE;HP001322FAM;Desatualizado;24/11/2025;6302966157;02093319687;Porto dos Duendes;PE;08/2024
726;419457198;Popy Filch Carmichael;09/07/1951;Viela Prof. dos Duendes, 880 - Fundos;Vila Sonserina;75843120;Ninfadora Filch Carmichael;Suspenso;88 - BPC Idoso;Rio das Sereias;PA;HP001326FAM;Desatualizado;17/08/2026;5519549605;70330491371;Rio das Sereias;PA;10/2026
727;860590655;Dafne Filch Carmichael;28/09/1951;Viela Prof. dos Duendes, 880 - Fundos;Vila Sonserina;75843120;Ninfadora Filch Carmichael;Bloqueado;88 - BPC Idoso;Rio das Sereias;PA;HP001326FAM;Desatualizado;17/08/2026;2801460069;87031514173;Rio das Sereias;PA;09/2021
728;450144354;Percy Ignácio Diggle;02/02/1950;Avenida da Sala Precisa, 60 - Fundos;Vila Sonserina;20614605;Olívia Diggle;Ativo;88 - BPC Idoso;Vau das Poções;SC;HP001327FAM;Atualizado;07/05/2026;7796055009;80179015003;Vau das Poções;SC;04/2026
729;886743423;Rolando Corner Brown;22/12/2001;Beco Sr. do Torneio Tribruxo, 741 - Fundos;Parque das Varinhas;77003289;Emelina Corner Brown;Ativo;87 - BPC Pessoa com Deficiência;Vau das Poções;SC;HP001331FAM;Atualizado;28/12/2026;5569874921;35742514403;Vau das Poções;SC;10/2025
730;293409511;Sibila Corner Brown;18/02/2007;Beco Sr. do Torneio Tribruxo, 741 - Fundos;Parque das Varinhas;77003289;Emelina Corner Brown;Ativo;87 - BPC Pessoa com Deficiência;Vau das Poções;SC;HP001331FAM;Atualizado;28/12/2026;2329569233;96236362104;Vau das Poções;SC;02/2023
731;917941396;Merope Corner Brown;27/05/1941;Beco Sr. do Torneio Tribruxo, 741 - Fundos;Parque das Varinhas;77003289;Emelina Corner Brown;Ativo;88 - BPC Idoso;Vau das Poções;SC;HP001331FAM;Atualizado;28/12/2026;2091423659;73668948931;Vau das Poções;SC;03/2024
732;415419378;Nevile Franklin McGonagall;04/10/1961;Praça Sr. do Salgueiro Lutador, 103 - Casa;Recanto do Caldeirão;76546977;Romilda McGonagall;Bloqueado;88 - BPC Idoso;Monte Fênix;ES;HP001333FAM;Desatualizado;19/02/2026;2329427317;80232510153;Monte Fênix;ES;02/2025
733;942035286;Molly Prewett Bulstrode Corner;22/01/2011;Praça Prof. dos Sonhadores, 456 - Sobrado;Vila Corvinal;15827677;Katie Bulstrode Corner;Ativo;87 - BPC Pessoa com Deficiência;Rio das Sereias;PA;HP001336FAM;Desatualizado;29/08/2022;4944552298;;Rio das Sereias;PA;01/2022
734;288779887;Rufus Malfoy;21/08/1950;Alameda Mestre do Torneio Tribruxo, 993 - Sobrado;Jardim Lufa-Lufa;10862051;Ariana Malfoy;Ativo;88 - BPC Idoso;Serra da Coruja;PR;HP001338FAM;Atualizado;20/08/2025;1354333285;62851172097;Serra da Coruja;PR;07/2020
735;733216058;Muriel Prewett;17/05/1999;Praça das Grifinórias, 633 - Fundos;Vila Trouxa;97592795;Verônica Prewett;Cessado;87 - BPC Pessoa com Deficiência;Hogsmeade;MG;HP001340FAM;Atualizado;26/10/2025;3426366961;80132492804;Hogsmeade;MG;07/2021
736;036320256;Charity Weasley Pomfrey;07/03/1965;Beco Dona da Sala Precisa, 553 - Fundos;Jardim Lufa-Lufa;63979943;Belatriz Lestrange Weasley Pomfrey;Ativo;87 - BPC Pessoa com Deficiência;Serra da Coruja;PR;HP001344FAM;Atualizado;16/02/2026;2609412460;15347792560;Serra da Coruja;PR;10/2023
737;540653488;Antônio Sprout;22/06/1941;Viela Prof. da Lufa-Lufa, 629 - Fundos;Jardim Lufa-Lufa;41998657;Merope Sprout;Ativo;88 - BPC Idoso;Serra da Coruja;PR;HP001345FAM;Desatualizado;28/12/2024;2571749617;76081247254;Serra da Coruja;PR;08/2020
738;745474876;Narcisa Flitwick Longbottom;09/11/1952;Rua das Corujas, 365 - Fundos;Vila Weasley;44330738;Ninfadora Flitwick Longbottom;Cessado;88 - BPC Idoso;Vila Trouxinha;RJ;HP001348FAM;Desatualizado;03/11/2024;5912225426;92769002092;Vila Trouxinha;RJ;09/2021
739;406782708;Hannah Burbage Lupin;10/08/1957;Beco Dona da Pedra Filosofal, 574 - Apto 1;Vila das Bruxas;49934810;Lílian Evelina Burbage Lupin;Ativo;88 - BPC Idoso;Serra da Coruja;PR;HP001354FAM;Desatualizado;03/02/2026;2838827413;67683879876;Serra da Coruja;PR;09/2020
740;658185696;Ariana Longbottom;11/08/1959;Avenida Prof. das Bruxas Sábias, 574 - Fundos;Vila Corvinal;38325995;Belatriz Lestrange Longbottom;Cessado;88 - BPC Idoso;Rio das Sereias;PA;HP001355FAM;Desatualizado;30/06/2026;8449130750;97486048375;Rio das Sereias;PA;05/2023
741;853006090;Romilda Filch Zabini;14/09/1983;Rua Mestre dos Duendes, 636 - Sobrado;Setor São Mungo;64947225;Charity Filch Zabini;Ativo;87 - BPC Pessoa com Deficiência;Campo dos Centauros;GO;HP001356FAM;Atualizado;31/12/2026;8028467284;96323544198;Baía do Caldeirão;CE;01/2026
742;464597600;Katie Thomas;15/02/1973;Alameda Prof. das Vassouras Voadoras, 843 - Casa;Vila das Bruxas;58712165;Molly Prewett Thomas;Suspenso;87 - BPC Pessoa com Deficiência;Baía do Caldeirão;CE;HP001362FAM;Desatualizado;19/08/2023;4128165715;80922956972;Baía do Caldeirão;CE;08/2025
743;988536754;Basilio Abbott Nott;25/10/1970;Avenida Prof. da Sala Precisa, 693 - Sobrado;Núcleo Hogwarts;18093855;Astória Abbott Nott;Ativo;87 - BPC Pessoa com Deficiência;Hogsmeade;MG;HP001363FAM;Desatualizado;13/08/2026;2114572050;25605923201;Hogsmeade;MG;07/2026
744;935580018;Tiago Carlus Abbott Nott;23/09/1942;Avenida Prof. da Sala Precisa, 693 - Sobrado;Núcleo Hogwarts;18093855;Astória Abbott Nott;Ativo;88 - BPC Idoso;Hogsmeade;MG;HP001363FAM;Desatualizado;13/08/2026;7248528620;39570275867;Hogsmeade;MG;04/2025
745;653655958;Astória Abbott Nott;15/05/1952;Avenida Prof. da Sala Precisa, 693 - Sobrado;Núcleo Hogwarts;18093855;Astória Abbott Nott;Ativo;88 - BPC Idoso;Hogsmeade;MG;HP001363FAM;Desatualizado;13/08/2026;8068768252;04744887568;Hogsmeade;MG;02/2026
746;774030622;Tiago Carlus Spinnet;08/05/1961;Beco dos Trouxas, 770 - Casa;Vila Trouxa;10398212;Wilhelmina Spinnet;Ativo;88 - BPC Idoso;Porto dos Duendes;PE;HP001364FAM;Atualizado;02/06/2025;3553318476;66333079429;Porto dos Duendes;PE;06/2021
747;364197995;George Spinnet;17/05/1943;Beco dos Trouxas, 770 - Casa;Vila Trouxa;10398212;Wilhelmina Spinnet;Ativo;88 - BPC Idoso;Porto dos Duendes;PE;HP001364FAM;Atualizado;02/06/2025;6020216624;92759576309;Porto dos Duendes;PE;02/2021
748;169080514;Verônica Weasley Carmichael;09/07/2005;Viela Dona dos Alfeineiros, 614 - Apto 1;Recanto dos Centauros;23334710;Dolores Jane Weasley Carmichael;Ativo;87 - BPC Pessoa com Deficiência;Fenda da Serpente;BA;HP001365FAM;Atualizado;19/10/2022;3133584916;63921731104;Fenda da Serpente;BA;03/2024
749;152846475;Justino Moody;09/09/1942;Avenida Beco Diagonal, 843 - Fundos;Setor Mágico;00865126;Merope Moody;Cessado;88 - BPC Idoso;Vale do Godric;SP;HP001367FAM;Desatualizado;18/01/2024;2784370105;59925596553;Vale do Godric;SP;07/2022
750;092288266;Parvati Gaunt;05/06/1948;Travessa Mestre dos Centauros, 810;Jardim Hogsmeade;87299070;Muriel Gaunt;Ativo;88 - BPC Idoso;Vau das Poções;SC;HP001368FAM;Atualizado;20/11/2026;7827601228;11624746532;Vau das Poções;SC;01/2021
751;894514660;Alvo Percival Gaunt;08/08/1956;Travessa Mestre dos Centauros, 810;Jardim Hogsmeade;87299070;Muriel Gaunt;Ativo;88 - BPC Idoso;Vau das Poções;SC;HP001368FAM;Atualizado;20/11/2026;6750558545;38666319603;Vau das Poções;SC;04/2026
752;949319294;Gina Molly Filch Lestrange;22/12/1984;Beco Prof. Travessa do Tranco, 952 - Casa;Vila Corvinal;62659430;Astória Filch Lestrange;Cessado;87 - BPC Pessoa com Deficiência;Monte Fênix;ES;HP001372FAM;Desatualizado;03/12/2025;9781780283;84327436900;Monte Fênix;ES;06/2022
753;547402411;Sibila Fudge Zabini;14/07/1951;Avenida Prof. das Bruxas Sábias, 91 - Casa;Núcleo Hogwarts;69929249;Gemma Fudge Zabini;Ativo;88 - BPC Idoso;Vau das Poções;SC;HP001374FAM;Atualizado;01/09/2025;2691226207;02566996310;Vau das Poções;SC;04/2025
754;477603963;Aurora Slughorn Shacklebolt;25/09/1960;Alameda Mestre de Hogsmeade, 440 - Sobrado;Bairro dos Duendes;70375648;Ninfadora Slughorn Shacklebolt;Ativo;88 - BPC Idoso;Serra da Coruja;PR;HP001379FAM;Atualizado;20/07/2025;4493348166;56268452241;Serra da Coruja;PR;10/2022
755;036656073;Zacarias Dearborn Vance;25/02/2014;Rua da Lufa-Lufa, 600 - Apto 1;Vila Corvinal;45478796;Rita Dearborn Vance;Bloqueado;87 - BPC Pessoa com Deficiência;Vila Trouxinha;RJ;HP001381FAM;Desatualizado;01/10/2025;0216643015;;Vila Trouxinha;RJ;07/2025
756;339251536;Susana Bulstrode;17/11/1978;Alameda Mestre Fenícia, 790 - Sobrado;Vila Weasley;93557456;Katie Bulstrode;Suspenso;87 - BPC Pessoa com Deficiência;Porto dos Duendes;PE;HP001383FAM;Atualizado;09/05/2026;7053601277;80359101590;Porto dos Duendes;PE;09/2023
757;341266774;Basilio Prewett Fudge;22/12/1948;Travessa Mestre dos Feiticeiros, 538;Vila Weasley;94732174;Fleur Prewett Fudge;Ativo;88 - BPC Idoso;Hogsmeade;MG;HP001384FAM;Desatualizado;18/04/2025;4440453065;33809693467;Vau das Poções;SC;05/2026
758;406972724;Cho Creevey Brown;17/10/1949;Viela Dona Travessa do Tranco, 160;Conjunto Grifinória;47610559;Susana Creevey Brown;Ativo;88 - BPC Idoso;Vau das Poções;SC;HP001386FAM;Desatualizado;02/08/2025;3119321999;60667890828;Vau das Poções;SC;07/2021
759;176872877;Amos Creevey Brown;23/04/1954;Viela Dona Travessa do Tranco, 160;Conjunto Grifinória;47610559;Susana Creevey Brown;Ativo;87 - BPC Pessoa com Deficiência;Vau das Poções;SC;HP001386FAM;Desatualizado;02/08/2025;9021991938;09029471179;Monte Fênix;ES;09/2021
760;483223018;Gina Molly Weasley;19/08/1988;Travessa Mestre dos Centauros, 490 - Fundos;Setor Mágico;59014142;Belatriz Lestrange Weasley;Ativo;87 - BPC Pessoa com Deficiência;Vau das Poções;SC;HP001388FAM;Atualizado;01/09/2026;7204767664;85660340315;Vau das Poções;SC;01/2021
761;776234568;Dolores Jane Gaunt;10/11/2007;Travessa Mestre dos Duendes, 184 - Casa;Jardim Hogsmeade;81199676;Romilda Gaunt;Ativo;87 - BPC Pessoa com Deficiência;Vau das Poções;SC;HP001389FAM;Atualizado;28/11/2024;8962090648;94050132381;Vau das Poções;SC;03/2022
762;914711353;Merope Meadowes Trelawney;07/01/1955;Praça da Lufa-Lufa, 540 - Casa;Colônia Fenda da Serpente;82815396;Millicent Meadowes Trelawney;Ativo;88 - BPC Idoso;Fenda da Serpente;BA;HP001398FAM;Atualizado;19/01/2026;9371609634;20874393893;Baía do Caldeirão;CE;06/2024
763;836302878;Arthur Septimus Fudge;01/02/1942;Alameda Prof. dos Centauros, 263 - Sobrado;Recanto dos Centauros;59468488;Sibila Fudge;Cessado;88 - BPC Idoso;Hogsmeade;MG;HP001399FAM;Atualizado;01/07/2025;9533406689;31056273080;Vale do Godric;SP;10/2020
764;652349286;Ernesto Krum;05/05/1999;Viela Sr. das Corujas, 909;Vila Weasley;64087755;Padma Krum;Bloqueado;87 - BPC Pessoa com Deficiência;Hogsmeade;MG;HP001402FAM;Desatualizado;17/02/2025;3623948108;99934214308;Hogsmeade;MG;09/2021
765;324098161;Pansy Fenwick Meadowes;13/08/1939;Rua Prof. Fenícia, 414 - Casa;Vila Trouxa;46656342;Hermione Jane Fenwick Meadowes;Ativo;88 - BPC Idoso;Monte Fênix;ES;HP001404FAM;Desatualizado;19/11/2026;7301710388;91929402265;Monte Fênix;ES;08/2021
766;990450828;Muriel Fenwick Meadowes;03/06/1943;Rua Prof. Fenícia, 414 - Casa;Vila Trouxa;46656342;Hermione Jane Fenwick Meadowes;Ativo;88 - BPC Idoso;Monte Fênix;ES;HP001404FAM;Desatualizado;19/11/2026;9050545711;19687524805;Monte Fênix;ES;12/2023
767;072938962;Draco Lúcio Prewett Parkinson;27/01/1983;Alameda Prof. das Chaves de Voo, 761 - Apto 1;Jardim Hogsmeade;13145788;Belatriz Lestrange Prewett Parkinson;Ativo;87 - BPC Pessoa com Deficiência;Baía do Caldeirão;CE;HP001414FAM;Atualizado;06/12/2025;9464969312;87093516801;Baía do Caldeirão;CE;08/2022
768;497398389;Justino Potter Carmichael;07/10/1994;Rua Dona das Corujas, 112 - Sobrado;Parque das Varinhas;03093063;Luna Potter Carmichael;Ativo;87 - BPC Pessoa com Deficiência;Vale do Godric;SP;HP001415FAM;Desatualizado;20/01/2025;4200341123;34852723960;Hogsmeade;MG;04/2024
769;079107371;Zacarias Bell;09/04/1948;Praça das Grifinórias, 437;Conjunto Grifinória;34073254;Petúnia Bell;Ativo;88 - BPC Idoso;Porto dos Duendes;PE;HP001416FAM;Desatualizado;09/10/2026;2103287976;12708073408;Porto dos Duendes;PE;04/2021
770;384311649;Harry Tiago Scrimgeour Vector;02/01/1957;Praça das Corujas, 964 - Sobrado;Vila Corvinal;93380035;Verônica Scrimgeour Vector;Ativo;88 - BPC Idoso;Vau das Poções;SC;HP001417FAM;Desatualizado;04/04/2022;7896810396;12167779857;Vau das Poções;SC;08/2022
771;633678488;Wilhelmina Moody Hagrid;14/02/1963;Travessa do Expresso de Hogwarts, 233 - Casa;Setor Mágico;81670912;Cho Moody Hagrid;Ativo;87 - BPC Pessoa com Deficiência;Vale do Godric;SP;HP001418FAM;Desatualizado;26/10/2021;7532023133;35742338766;Vale do Godric;SP;04/2020
772;914997563;Carlinhos Moody Hagrid;25/10/2016;Travessa do Expresso de Hogwarts, 233 - Casa;Setor Mágico;81670912;Cho Moody Hagrid;Cessado;87 - BPC Pessoa com Deficiência;Vale do Godric;SP;HP001418FAM;Desatualizado;26/10/2021;7907520167;;Vale do Godric;SP;09/2021
773;354418422;Arthur Septimus Moody Hagrid;10/10/1938;Travessa do Expresso de Hogwarts, 233 - Casa;Setor Mágico;81670912;Cho Moody Hagrid;Cessado;88 - BPC Idoso;Vale do Godric;SP;HP001418FAM;Desatualizado;26/10/2021;4245398803;99638656155;Vale do Godric;SP;05/2021
774;478606871;Nevile Franklin Bagman;19/12/1961;Travessa das Varinhas, 740 - Sobrado;Recanto dos Centauros;07847551;Susana Bagman;Suspenso;88 - BPC Idoso;Baía do Caldeirão;CE;HP001420FAM;Atualizado;17/08/2026;7390420482;50327937609;Baía do Caldeirão;CE;06/2021
775;256262845;Miguel Shacklebolt Sinistra;27/03/1959;Viela Prof. das Varinhas, 231 - Fundos;Colônia Fenda da Serpente;40753847;Fernanda Shacklebolt Sinistra;Ativo;88 - BPC Idoso;Porto dos Duendes;PE;HP001421FAM;Atualizado;23/12/2024;1240664595;14723559462;Porto dos Duendes;PE;08/2025
776;405858888;Arthur Septimus Slughorn;08/03/1957;Beco dos Centauros, 447;Colônia Fenda da Serpente;70892204;Belatriz Lestrange Slughorn;Ativo;88 - BPC Idoso;Monte Fênix;ES;HP001424FAM;Desatualizado;07/05/2025;4050944814;24523472488;Monte Fênix;ES;12/2026
777;395969543;Argos Prewett Weasley;13/09/1943;Viela Sr. da Lufa-Lufa, 374 - Casa;Setor Mágico;99712283;Pomona Prewett Weasley;Ativo;88 - BPC Idoso;Campo dos Centauros;GO;HP001433FAM;Desatualizado;07/12/2026;4856826143;81742587014;Campo dos Centauros;GO;10/2023
778;944372879;Padma Scrimgeour;24/03/2003;Rua dos Trouxas, 448 - Apto 1;Núcleo Hogwarts;66898096;Emelina Scrimgeour;Cessado;87 - BPC Pessoa com Deficiência;Vila Trouxinha;RJ;HP001434FAM;Desatualizado;11/05/2026;8181565240;66963701297;Vila Trouxinha;RJ;11/2020
779;228280383;Sibila Slughorn;20/04/2010;Alameda Sr. de Hogsmeade, 639 - Fundos;Vila das Bruxas;27204836;Pomona Slughorn;Ativo;87 - BPC Pessoa com Deficiência;Hogsmeade;MG;HP001435FAM;Desatualizado;18/01/2025;0654399625;;Hogsmeade;MG;12/2024
780;790684546;Rony Bilius Zabini Longbottom;12/07/2008;Avenida das Vassouras Voadoras, 683 - Apto 1;Núcleo Hogwarts;07267279;Popy Zabini Longbottom;Ativo;87 - BPC Pessoa com Deficiência;Baía do Caldeirão;CE;HP001437FAM;Desatualizado;26/08/2026;3281401311;41014979581;Vau das Poções;SC;08/2020
781;381179012;Emelina Filch Meadowes;09/11/1958;Rua Sr. das Vassouras Voadoras, 535 - Sobrado;Recanto do Caldeirão;95689123;Fernanda Filch Meadowes;Bloqueado;88 - BPC Idoso;Porto dos Duendes;PE;HP001438FAM;Atualizado;20/11/2024;2055842625;48625627010;Porto dos Duendes;PE;12/2021
782;187762577;Marcus Lupin;27/06/2006;Viela Dona das Vassouras Voadoras, 314 - Fundos;Núcleo Hogwarts;29832283;Sibila Lupin;Ativo;87 - BPC Pessoa com Deficiência;Vale do Godric;SP;HP001439FAM;Desatualizado;12/09/2025;1713058130;86237442417;Vale do Godric;SP;12/2021
783;237261013;Charity Vance Parkinson;13/09/1945;Avenida Sr. dos Centauros, 502;Vila Weasley;49211422;Pansy Vance Parkinson;Ativo;88 - BPC Idoso;Colina das Bruxas;RS;HP001442FAM;Atualizado;26/11/2026;6892578385;91203536427;Colina das Bruxas;RS;06/2020
784;061854897;Zacarias Vance Parkinson;11/11/1958;Avenida Sr. dos Centauros, 502;Vila Weasley;49211422;Pansy Vance Parkinson;Ativo;88 - BPC Idoso;Colina das Bruxas;RS;HP001442FAM;Atualizado;26/11/2026;3557792418;20351849675;Colina das Bruxas;RS;05/2021
785;399001823;Seamus Lestrange;02/04/1950;Praça Prof. Fenícia, 539;Vila Trouxa;67039578;Angelina Lestrange;Ativo;88 - BPC Idoso;Campo dos Centauros;GO;HP001447FAM;Atualizado;14/01/2026;7202609159;13180805413;Vau das Poções;SC;09/2020
786;471563488;Dolores Jane Riddle Fudge;15/10/1975;Rua Mestre dos Sonhadores, 586 - Casa;Jardim Hogsmeade;72891179;Muriel Riddle Fudge;Ativo;87 - BPC Pessoa com Deficiência;Porto dos Duendes;PE;HP001450FAM;Desatualizado;04/07/2025;9309755735;05850497936;Porto dos Duendes;PE;06/2023
787;620201830;Andrômeda Carmichael;10/04/1947;Rua Prof. dos Dementadores Vencidos, 840 - Apto 1;Setor São Mungo;23946369;Ninfadora Carmichael;Cessado;88 - BPC Idoso;Campo dos Centauros;GO;HP001451FAM;Desatualizado;10/06/2023;9752991581;28369810910;Campo dos Centauros;GO;10/2022
788;769621828;Verônica Carmichael;12/05/1962;Rua Prof. dos Dementadores Vencidos, 840 - Apto 1;Setor São Mungo;23946369;Ninfadora Carmichael;Ativo;87 - BPC Pessoa com Deficiência;Campo dos Centauros;GO;HP001451FAM;Desatualizado;10/06/2023;7476968075;71172694803;Fenda da Serpente;BA;02/2020
789;104590881;Pomona Bulstrode;28/01/1964;Alameda Prof. das Varinhas, 83 - Sobrado;Vila Trouxa;33168649;Popy Bulstrode;Ativo;87 - BPC Pessoa com Deficiência;Fenda da Serpente;BA;HP001452FAM;Desatualizado;07/12/2025;9396274024;14722908011;Fenda da Serpente;BA;09/2026
790;861846173;Colin Crouch;01/09/1969;Travessa Travessa do Tranco, 36 - Casa;Vila Corvinal;52920697;Emelina Crouch;Suspenso;87 - BPC Pessoa com Deficiência;Baía do Caldeirão;CE;HP001453FAM;Atualizado;15/08/2025;6103067599;80600646223;Baía do Caldeirão;CE;07/2026
791;402919006;Colin Crouch;10/11/1957;Travessa Travessa do Tranco, 36 - Casa;Vila Corvinal;52920697;Emelina Crouch;Ativo;88 - BPC Idoso;Baía do Caldeirão;CE;HP001453FAM;Atualizado;15/08/2025;7927136247;65889042821;Baía do Caldeirão;CE;12/2021
792;273051131;Grope Crouch;02/05/1982;Travessa Travessa do Tranco, 36 - Casa;Vila Corvinal;52920697;Emelina Crouch;Bloqueado;87 - BPC Pessoa com Deficiência;Baía do Caldeirão;CE;HP001453FAM;Atualizado;15/08/2025;9644044565;23374198514;Vau das Poções;SC;03/2022
793;338352416;Muriel Johnson Hooch;03/11/1959;Viela Prof. das Vassouras Voadoras, 533 - Fundos;Recanto dos Centauros;69379049;Lavínia Johnson Hooch;Ativo;88 - BPC Idoso;Monte Fênix;ES;HP001459FAM;Desatualizado;05/05/2026;9899101486;88884485276;Campo dos Centauros;GO;06/2025
794;784325737;Marieta Tonks;20/04/1947;Praça Mestre Travessa do Tranco, 501 - Apto 1;Bairro dos Duendes;58227039;Muriel Tonks;Cessado;88 - BPC Idoso;Campo dos Centauros;GO;HP001461FAM;Desatualizado;10/02/2024;8867861020;12181515283;Campo dos Centauros;GO;05/2020
795;690523333;Merope Vance;02/09/1955;Rua Mestre dos Centauros, 399 - Apto 1;Recanto do Caldeirão;68577357;Carlota Vance;Ativo;88 - BPC Idoso;Monte Fênix;ES;HP001466FAM;Desatualizado;14/06/2026;3450294858;61206722490;Monte Fênix;ES;02/2024
796;710914089;Draco Lúcio Hooch;16/07/2004;Viela das Grifinórias, 533 - Sobrado;Parque das Varinhas;65825839;Susana Hooch;Cessado;87 - BPC Pessoa com Deficiência;Fenda da Serpente;BA;HP001469FAM;Atualizado;18/02/2023;6779532948;03503907464;Fenda da Serpente;BA;04/2024
797;397880233;Alícia Fudge Sprout;05/03/1937;Beco Mestre da Pedra Filosofal, 319;Setor São Mungo;23546212;Dafne Fudge Sprout;Ativo;88 - BPC Idoso;Fenda da Serpente;BA;HP001470FAM;Desatualizado;18/06/2024;3434500329;07236686473;Fenda da Serpente;BA;12/2025
798;670252179;Oliver Finch-Fletchley Vector;19/05/1951;Rua Dona dos Sonhadores, 607 - Sobrado;Jardim Lufa-Lufa;40531976;Fleur Finch-Fletchley Vector;Ativo;88 - BPC Idoso;Serra da Coruja;PR;HP001471FAM;Desatualizado;07/12/2026;8907546314;49987395225;Serra da Coruja;PR;12/2023
799;787683348;Sirius Orion Carmichael Bones;26/06/1961;Avenida Mestre dos Centauros, 66 - Apto 1;Vila Corvinal;91693601;Marieta Carmichael Bones;Cessado;88 - BPC Idoso;Colina das Bruxas;RS;HP001472FAM;Atualizado;28/10/2026;7406582028;15701018171;Colina das Bruxas;RS;01/2026
800;710274686;Hermione Jane Diggory;18/09/1957;Rua dos Elfos Domésticos, 528 - Fundos;Colônia Fenda da Serpente;51190990;Angelina Diggory;Suspenso;88 - BPC Idoso;Vau das Poções;SC;HP001473FAM;Desatualizado;23/08/2023;0210062834;21936855419;Vila Trouxinha;RJ;07/2021
801;200637643;Gregory Diggory;17/10/2005;Rua dos Elfos Domésticos, 528 - Fundos;Colônia Fenda da Serpente;51190990;Angelina Diggory;Ativo;87 - BPC Pessoa com Deficiência;Vau das Poções;SC;HP001473FAM;Desatualizado;23/08/2023;3397185513;26934002604;Vau das Poções;SC;04/2021
802;737823310;Rony Bilius Burbage Lestrange;15/02/2018;Rua Sr. da Floresta Proibida, 985 - Apto 1;Conjunto Grifinória;37410600;Rita Burbage Lestrange;Bloqueado;87 - BPC Pessoa com Deficiência;Hogsmeade;MG;HP001475FAM;Atualizado;04/08/2025;8617489157;;Hogsmeade;MG;02/2023
803;891778903;Ninfadora Corner;22/10/1958;Travessa Mestre da Corvinal, 524 - Sobrado;Núcleo Hogwarts;73144061;Andrômeda Corner;Suspenso;88 - BPC Idoso;Vila Trouxinha;RJ;HP001477FAM;Desatualizado;20/10/2020;4731541820;68127732045;Vila Trouxinha;RJ;05/2021
804;040326680;Emelina Corner;06/09/1956;Travessa Mestre da Corvinal, 524 - Sobrado;Núcleo Hogwarts;73144061;Andrômeda Corner;Cessado;88 - BPC Idoso;Vila Trouxinha;RJ;HP001477FAM;Desatualizado;20/10/2020;8040937778;56744986794;Vila Trouxinha;RJ;08/2023
805;042468990;Wilhelmina Parkinson;02/01/1948;Avenida da Floresta Proibida, 971 - Sobrado;Colônia Fenda da Serpente;52610063;Wilhelmina Parkinson;Ativo;88 - BPC Idoso;Monte Fênix;ES;HP001478FAM;Desatualizado;24/01/2025;1269138713;52292175962;Monte Fênix;ES;09/2023
806;908013649;Bathsheda Scrimgeour Brown;02/10/1968;Avenida Sr. Travessa do Tranco, 311;Setor Mágico;06422425;Wilhelmina Scrimgeour Brown;Suspenso;87 - BPC Pessoa com Deficiência;Vila Trouxinha;RJ;HP001481FAM;Desatualizado;16/10/2025;7147743921;72020329536;Vila Trouxinha;RJ;05/2024
807;255377819;Wilhelmina Riddle;12/02/1943;Beco Prof. Fenícia, 427 - Apto 1;Conjunto Grifinória;08966536;Aurora Riddle;Suspenso;88 - BPC Idoso;Porto dos Duendes;PE;HP001485FAM;Atualizado;24/08/2026;1824754161;99071245750;Campo dos Centauros;GO;06/2024
808;111744597;Severo Tobias Black Bulstrode;17/02/1939;Praça das Varinhas, 958 - Apto 1;Conjunto Grifinória;22930590;Sibila Black Bulstrode;Ativo;88 - BPC Idoso;Baía do Caldeirão;CE;HP001486FAM;Desatualizado;26/04/2026;5455933187;90189934099;Monte Fênix;ES;12/2026
809;682586148;Ninfadora Black Bulstrode;13/10/1994;Praça das Varinhas, 958 - Apto 1;Conjunto Grifinória;22930590;Sibila Black Bulstrode;Ativo;87 - BPC Pessoa com Deficiência;Baía do Caldeirão;CE;HP001486FAM;Desatualizado;26/04/2026;1078006267;59070893933;Baía do Caldeirão;CE;05/2024
810;680300186;Millicent Nott;05/12/1945;Praça Mestre da Sala Precisa, 414 - Fundos;Setor São Mungo;12328957;Luna Nott;Suspenso;88 - BPC Idoso;Campo dos Centauros;GO;HP001487FAM;Desatualizado;16/07/2026;6136725183;76901104797;Campo dos Centauros;GO;01/2024
811;494977186;Miguel Carmichael;20/10/1954;Avenida da Pedra Filosofal, 57 - Sobrado;Parque das Varinhas;99094647;Merope Carmichael;Cessado;88 - BPC Idoso;Vau das Poções;SC;HP001488FAM;Atualizado;22/11/2026;5890897916;89001901480;Vau das Poções;SC;01/2021
812;590566517;Narcisa Fenwick Delacour;12/01/1961;Alameda Mestre dos Dementadores Vencidos, 529 - Apto 1;Jardim Lufa-Lufa;10038256;Marieta Fenwick Delacour;Bloqueado;88 - BPC Idoso;Monte Fênix;ES;HP001490FAM;Atualizado;02/01/2024;2183778459;28471910973;Monte Fênix;ES;06/2022
813;598582419;Minerva Fenwick Delacour;27/03/1995;Alameda Mestre dos Dementadores Vencidos, 529 - Apto 1;Jardim Lufa-Lufa;10038256;Marieta Fenwick Delacour;Ativo;87 - BPC Pessoa com Deficiência;Monte Fênix;ES;HP001490FAM;Atualizado;02/01/2024;8671748354;54629420879;Monte Fênix;ES;12/2022
814;372647065;Muriel Pince;07/04/2025;Viela Dona das Corujas, 13 - Casa;Jardim Hogsmeade;76480919;Lavínia Pince;Ativo;87 - BPC Pessoa com Deficiência;Hogsmeade;MG;HP001494FAM;Desatualizado;24/09/2026;9388601246;;Campo dos Centauros;GO;05/2021
815;421675561;Marieta Brown Weasley;05/03/1949;Beco Sr. dos Alfeineiros, 324 - Sobrado;Jardim Hogsmeade;76436694;Lílian Evelina Brown Weasley;Ativo;88 - BPC Idoso;Campo dos Centauros;GO;HP001496FAM;Atualizado;14/06/2025;0625708315;10792850678;Campo dos Centauros;GO;09/2024
816;951119668;Merope Boot;24/06/2003;Beco Prof. da Floresta Proibida, 651;Setor Mágico;39760199;Lílian Evelina Boot;Ativo;87 - BPC Pessoa com Deficiência;Campo dos Centauros;GO;HP001498FAM;Desatualizado;14/08/2024;5498075898;71979108117;Campo dos Centauros;GO;02/2023
817;083464523;Tiago Carlus Dumbledore Shacklebolt;17/12/1959;Travessa Sr. das Corujas, 686 - Casa;Núcleo Hogwarts;77271693;Gina Molly Dumbledore Shacklebolt;Cessado;87 - BPC Pessoa com Deficiência;Monte Fênix;ES;HP001500FAM;Desatualizado;23/12/2025;3295450741;47095606767;Monte Fênix;ES;01/2020
818;174421596;Filch Umbridge;09/12/1957;Rua da Lufa-Lufa, 197 - Fundos;Vila Corvinal;25971770;Dolores Jane Umbridge;Ativo;88 - BPC Idoso;Monte Fênix;ES;HP001501FAM;Desatualizado;03/01/2026;3682521518;03310768616;Vila Trouxinha;RJ;05/2020
819;349007388;Romilda Lupin Carmichael;05/06/1977;Rua Sr. do Expresso de Hogwarts, 542 - Fundos;Vila Sonserina;01599144;Pansy Lupin Carmichael;Cessado;87 - BPC Pessoa com Deficiência;Vila Trouxinha;RJ;HP001502FAM;Desatualizado;22/04/2023;6380669565;85849977170;Vila Trouxinha;RJ;05/2022
820;827087968;Wilhelmina Macmillan;28/06/1997;Beco Prof. dos Elfos Domésticos, 851 - Casa;Colônia Fenda da Serpente;77382955;Minerva Macmillan;Ativo;87 - BPC Pessoa com Deficiência;Fenda da Serpente;BA;HP001506FAM;Atualizado;27/09/2020;6538248672;34833990706;Fenda da Serpente;BA;03/2024
821;388076792;Andrômeda Longbottom;07/11/1960;Alameda Sr. do Caldeirão Furado, 353 - Sobrado;Jardim Lufa-Lufa;03585335;Marieta Longbottom;Ativo;88 - BPC Idoso;Vau das Poções;SC;HP001507FAM;Atualizado;02/02/2026;4668460719;48780504974;Vau das Poções;SC;10/2021
822;441715209;Kingsley Riddle;27/09/1952;Viela do Quatro Privet Drive, 662 - Casa;Conjunto Grifinória;95067332;Lílian Evelina Riddle;Cessado;88 - BPC Idoso;Colina das Bruxas;RS;HP001508FAM;Desatualizado;13/02/2025;7352340579;18530348789;Fenda da Serpente;BA;11/2020
823;109813781;Angelina Diggory;06/11/1971;Travessa das Corujas, 351 - Casa;Vila Corvinal;93858064;Olívia Diggory;Ativo;87 - BPC Pessoa com Deficiência;Serra da Coruja;PR;HP001510FAM;Desatualizado;17/12/2023;3338542662;36646456183;Serra da Coruja;PR;05/2021
824;553555176;Marieta Dearborn McGonagall;07/04/1962;Rua Sr. dos Dementadores Vencidos, 790 - Fundos;Parque das Varinhas;39228606;Verônica Dearborn McGonagall;Ativo;87 - BPC Pessoa com Deficiência;Vale do Godric;SP;HP001511FAM;Desatualizado;12/12/2020;8317551194;78951937167;Vale do Godric;SP;05/2026
825;582406281;Olívia Dearborn McGonagall;06/12/1938;Rua Sr. dos Dementadores Vencidos, 790 - Fundos;Parque das Varinhas;39228606;Verônica Dearborn McGonagall;Bloqueado;88 - BPC Idoso;Vale do Godric;SP;HP001511FAM;Desatualizado;12/12/2020;8661055475;89958169539;Vale do Godric;SP;05/2025
826;319598357;Bilius Sinistra;18/01/1959;Beco Prof. Travessa do Tranco, 200;Setor São Mungo;10432049;Narcisa Sinistra;Ativo;88 - BPC Idoso;Vila Trouxinha;RJ;HP001512FAM;Desatualizado;15/09/2024;0060760886;90794539354;Vale do Godric;SP;12/2024
827;519092356;Gina Molly Sprout Scrimgeour;03/04/1941;Avenida Prof. da Sala Precisa, 435 - Apto 1;Bairro dos Duendes;15390211;Susana Sprout Scrimgeour;Cessado;88 - BPC Idoso;Colina das Bruxas;RS;HP001513FAM;Atualizado;23/11/2026;0841960874;99408692663;Colina das Bruxas;RS;06/2024
828;275733420;Angelina Longbottom Lupin;04/03/1983;Rua Mestre das Vassouras Voadoras, 562 - Fundos;Setor Mágico;38225318;Lavínia Longbottom Lupin;Bloqueado;87 - BPC Pessoa com Deficiência;Vila Trouxinha;RJ;HP001514FAM;Atualizado;16/10/2022;5450796072;05664636361;Vila Trouxinha;RJ;08/2021
829;044385455;Bilius Malfoy Jordan;05/04/1995;Praça Mestre dos Centauros, 376 - Casa;Setor Mágico;24802461;Wilhelmina Malfoy Jordan;Ativo;87 - BPC Pessoa com Deficiência;Fenda da Serpente;BA;HP001516FAM;Atualizado;06/06/2025;2487150875;63384321548;Fenda da Serpente;BA;06/2021
830;089087493;Susana Corner Shacklebolt;23/05/1970;Viela Mestre do Expresso de Hogwarts, 809;Vila Corvinal;30179438;Luna Corner Shacklebolt;Cessado;87 - BPC Pessoa com Deficiência;Vale do Godric;SP;HP001518FAM;Atualizado;14/02/2026;9042829718;40632667884;Baía do Caldeirão;CE;10/2021
831;470346635;Bathsheda Corner Shacklebolt;08/01/1935;Viela Mestre do Expresso de Hogwarts, 809;Vila Corvinal;30179438;Luna Corner Shacklebolt;Ativo;88 - BPC Idoso;Vale do Godric;SP;HP001518FAM;Atualizado;14/02/2026;4158972756;10608918400;Vale do Godric;SP;11/2025
832;234830992;Estêvão Abbott Patil;22/03/1993;Rua do Quatro Privet Drive, 525;Vila Sonserina;01532737;Narcisa Abbott Patil;Cessado;87 - BPC Pessoa com Deficiência;Vila Trouxinha;RJ;HP001519FAM;Atualizado;17/12/2022;2789506325;45034119002;Baía do Caldeirão;CE;03/2022
833;090254234;George Chang Scrimgeour;12/04/1944;Travessa Sr. Fenícia, 910 - Fundos;Setor Mágico;04906730;Carlota Chang Scrimgeour;Bloqueado;88 - BPC Idoso;Baía do Caldeirão;CE;HP001520FAM;Desatualizado;27/10/2026;9276398656;14169198137;Baía do Caldeirão;CE;11/2020
834;086472631;Nevile Franklin Chang Scrimgeour;02/01/1939;Travessa Sr. Fenícia, 910 - Fundos;Setor Mágico;04906730;Carlota Chang Scrimgeour;Ativo;88 - BPC Idoso;Baía do Caldeirão;CE;HP001520FAM;Desatualizado;27/10/2026;8623329961;40187995003;Baía do Caldeirão;CE;07/2020
835;859687521;Oliver Burbage;02/07/1955;Beco Mestre dos Duendes, 148 - Fundos;Bairro dos Duendes;84190212;Katie Burbage;Ativo;88 - BPC Idoso;Hogsmeade;MG;HP001521FAM;Atualizado;15/03/2025;0321128756;40507992274;Hogsmeade;MG;04/2025
836;619418031;Estúrgio Patil;28/07/1955;Beco Mestre da Sala Precisa, 391 - Sobrado;Vila Sonserina;76266045;Sibila Patil;Ativo;88 - BPC Idoso;Vau das Poções;SC;HP001522FAM;Desatualizado;06/01/2026;0037577632;79371926312;Vau das Poções;SC;07/2020
837;456961137;Dolores Jane Pince;14/04/1970;Avenida das Bruxas Sábias, 971 - Apto 1;Setor São Mungo;25139400;Bathsheda Pince;Cessado;87 - BPC Pessoa com Deficiência;Rio das Sereias;PA;HP001523FAM;Desatualizado;04/09/2026;9606584559;72629453514;Rio das Sereias;PA;08/2024
838;746744866;Molly Prewett Moody Goldstein;03/04/1936;Viela Mestre da Floresta Proibida, 709 - Fundos;Vila Weasley;34752520;Dafne Moody Goldstein;Suspenso;88 - BPC Idoso;Baía do Caldeirão;CE;HP001524FAM;Desatualizado;10/09/2024;6339170336;27756063262;Baía do Caldeirão;CE;12/2020
839;948184931;Dennis Delacour;23/06/1950;Beco Dona das Chaves de Voo, 954;Conjunto Grifinória;84360959;Molly Prewett Delacour;Ativo;88 - BPC Idoso;Vila Trouxinha;RJ;HP001529FAM;Desatualizado;12/05/2023;3829752220;52664596465;Vila Trouxinha;RJ;07/2026
840;589587680;Oliver Gaunt;04/08/1948;Alameda da Lufa-Lufa, 688 - Apto 1;Núcleo Hogwarts;54545854;Charity Gaunt;Ativo;88 - BPC Idoso;Monte Fênix;ES;HP001530FAM;Atualizado;08/11/2025;6043720522;18329419064;Monte Fênix;ES;05/2023
841;672214476;Rita Wood;04/09/1955;Beco Prof. das Corujas, 733 - Sobrado;Vila Corvinal;54006292;Gemma Wood;Bloqueado;87 - BPC Pessoa com Deficiência;Monte Fênix;ES;HP001531FAM;Atualizado;28/12/2024;6421466469;10917056401;Monte Fênix;ES;03/2026
842;627257048;Justino Hagrid;17/10/1954;Praça Dona dos Alfeineiros, 103 - Fundos;Setor São Mungo;53846322;Lavínia Hagrid;Cessado;88 - BPC Idoso;Vila Trouxinha;RJ;HP001532FAM;Desatualizado;01/03/2026;0494793436;47803517586;Vale do Godric;SP;06/2021
843;097533373;Rúben Hagrid;17/03/1946;Praça Dona dos Alfeineiros, 103 - Fundos;Setor São Mungo;53846322;Lavínia Hagrid;Cessado;88 - BPC Idoso;Vila Trouxinha;RJ;HP001532FAM;Desatualizado;01/03/2026;3536809734;94799573291;Vila Trouxinha;RJ;01/2022
844;035227522;Astória Meadowes;13/05/1958;Viela Prof. das Corujas, 957 - Apto 1;Recanto do Caldeirão;32254210;Petúnia Meadowes;Suspenso;88 - BPC Idoso;Monte Fênix;ES;HP001535FAM;Desatualizado;08/12/2024;0595701453;91516400748;Monte Fênix;ES;03/2021
845;953112951;Rufus Bones Pomfrey;13/01/1958;Avenida Beco Diagonal, 735 - Casa;Vila das Bruxas;43113994;Marieta Bones Pomfrey;Bloqueado;88 - BPC Idoso;Campo dos Centauros;GO;HP001537FAM;Atualizado;06/03/2026;5480912732;75029257838;Campo dos Centauros;GO;10/2026
846;637094615;Gregory Hagrid;09/07/1995;Viela Dona da Corvinal, 720 - Fundos;Bairro dos Duendes;04012295;Rita Hagrid;Suspenso;87 - BPC Pessoa com Deficiência;Vila Trouxinha;RJ;HP001538FAM;Desatualizado;31/01/2025;1757992281;68237906447;Vila Trouxinha;RJ;11/2022
847;083528656;Tiago Carlus Nott;09/01/1961;Alameda Fenícia, 111 - Sobrado;Setor Mágico;53256220;Astória Nott;Cessado;88 - BPC Idoso;Vila Trouxinha;RJ;HP001539FAM;Desatualizado;08/09/2024;1205807561;22918784172;Vila Trouxinha;RJ;07/2022
848;301003452;Horácio Pince;20/10/1947;Viela Dona das Varinhas, 300;Recanto dos Centauros;56705726;Fleur Pince;Cessado;88 - BPC Idoso;Vale do Godric;SP;HP001540FAM;Atualizado;20/08/2025;3484640251;65833996954;Vale do Godric;SP;01/2022
849;153863186;Hermione Jane Goyle Bell;01/09/1977;Beco Dona dos Sonhadores, 252 - Sobrado;Jardim Hogsmeade;93954742;Pansy Goyle Bell;Cessado;87 - BPC Pessoa com Deficiência;Rio das Sereias;PA;HP001547FAM;Desatualizado;31/05/2026;5440017728;69932515152;Rio das Sereias;PA;09/2023
850;737438267;Lílian Evelina Gaunt;20/12/1996;Praça Prof. da Corvinal, 577;Vila Weasley;82451046;Molly Prewett Gaunt;Ativo;87 - BPC Pessoa com Deficiência;Baía do Caldeirão;CE;HP001548FAM;Desatualizado;06/04/2022;4337781871;75972535919;Vau das Poções;SC;11/2022
851;984073573;Lúcio Abraxas Granger;16/02/2007;Alameda Sr. das Corujas, 493 - Casa;Conjunto Grifinória;05506417;Bathsheda Granger;Bloqueado;87 - BPC Pessoa com Deficiência;Monte Fênix;ES;HP001550FAM;Atualizado;29/06/2026;3731966179;26321691784;Monte Fênix;ES;03/2026
852;259753215;Pedro Granger;06/06/1951;Alameda Sr. das Corujas, 493 - Casa;Conjunto Grifinória;05506417;Bathsheda Granger;Ativo;88 - BPC Idoso;Monte Fênix;ES;HP001550FAM;Atualizado;29/06/2026;0696817029;04897079042;Monte Fênix;ES;07/2021
853;228722756;Fábio Ademar Moody;16/09/1979;Avenida do Caldeirão Furado, 513;Recanto dos Centauros;09593201;Dafne Moody;Cessado;87 - BPC Pessoa com Deficiência;Baía do Caldeirão;CE;HP001551FAM;Desatualizado;26/07/2024;7983956090;81793156813;Baía do Caldeirão;CE;11/2023
854;872029881;Petúnia Johnson;04/01/1944;Rua Dona dos Duendes, 878;Bairro dos Duendes;72717158;Hannah Johnson;Ativo;88 - BPC Idoso;Vau das Poções;SC;HP001557FAM;Desatualizado;22/09/2026;3794807503;98766628212;Vale do Godric;SP;03/2020
855;084606165;Basilio Shacklebolt Slughorn;05/10/1949;Praça da Floresta Proibida, 183 - Sobrado;Parque das Varinhas;87629006;Charity Shacklebolt Slughorn;Ativo;88 - BPC Idoso;Monte Fênix;ES;HP001558FAM;Atualizado;22/08/2026;0953895539;71189297510;Monte Fênix;ES;12/2021
856;466610010;Justino Bell Thomas;20/06/1956;Avenida Prof. do Caldeirão Furado, 866;Bairro dos Duendes;55460517;Cho Bell Thomas;Bloqueado;88 - BPC Idoso;Vau das Poções;SC;HP001562FAM;Desatualizado;19/09/2025;7945375000;03725147238;Monte Fênix;ES;10/2020
857;349309353;Bathsheda Lovegood;23/02/2007;Avenida dos Duendes, 900 - Casa;Recanto dos Centauros;59628972;Rita Lovegood;Ativo;87 - BPC Pessoa com Deficiência;Porto dos Duendes;PE;HP001563FAM;Desatualizado;20/06/2024;7209683441;86876654319;Porto dos Duendes;PE;01/2020
858;701705380;Charity Weasley Lupin;27/02/1999;Rua Mestre das Grifinórias, 956 - Fundos;Conjunto Grifinória;45477792;Pomona Weasley Lupin;Suspenso;87 - BPC Pessoa com Deficiência;Rio das Sereias;PA;HP001568FAM;Atualizado;26/02/2022;5344143187;08046080758;Rio das Sereias;PA;04/2023
859;342639387;Justino Thomas Snape;09/04/1943;Travessa Dona dos Elfos Domésticos, 915 - Sobrado;Vila das Bruxas;35388606;Ariana Thomas Snape;Ativo;88 - BPC Idoso;Monte Fênix;ES;HP001571FAM;Desatualizado;09/10/2025;8878397847;61834136150;Monte Fênix;ES;11/2023
860;250175476;Severo Tobias Diggle Goldstein;21/07/2020;Rua Dona do Expresso de Hogwarts, 130 - Fundos;Recanto dos Centauros;81529248;Susana Diggle Goldstein;Ativo;87 - BPC Pessoa com Deficiência;Fenda da Serpente;BA;HP001573FAM;Desatualizado;20/01/2022;0531671729;;Fenda da Serpente;BA;10/2026
861;463737438;Romilda Parkinson;07/04/1956;Rua Prof. das Chaves de Voo, 697 - Apto 1;Vila das Bruxas;60472254;Hannah Parkinson;Suspenso;88 - BPC Idoso;Colina das Bruxas;RS;HP001577FAM;Desatualizado;11/03/2025;8703731035;09507297282;Baía do Caldeirão;CE;10/2023
862;297146487;Bathsheda Parkinson Sinistra;06/10/1971;Avenida Mestre dos Feiticeiros, 533 - Casa;Jardim Hogsmeade;30379437;Katie Parkinson Sinistra;Suspenso;87 - BPC Pessoa com Deficiência;Colina das Bruxas;RS;HP001580FAM;Desatualizado;23/04/2025;8626550182;45913356742;Colina das Bruxas;RS;12/2025
863;360882564;Rúben Prewett Parkinson;02/08/1982;Alameda Mestre das Bruxas Sábias, 707 - Casa;Recanto do Caldeirão;92912312;Carlota Prewett Parkinson;Ativo;87 - BPC Pessoa com Deficiência;Rio das Sereias;PA;HP001582FAM;Atualizado;12/11/2025;6956925808;08366622021;Rio das Sereias;PA;06/2025
864;871944439;Filch Tonks;27/03/1970;Viela Prof. das Chaves de Voo, 202 - Casa;Conjunto Grifinória;55748665;Susana Tonks;Suspenso;87 - BPC Pessoa com Deficiência;Vau das Poções;SC;HP001586FAM;Desatualizado;14/11/2024;4113020754;28089011605;Porto dos Duendes;PE;04/2025
865;444220562;Alastor Carmichael;13/12/1988;Rua Prof. dos Trouxas, 229 - Fundos;Conjunto Grifinória;57636064;Molly Prewett Carmichael;Ativo;87 - BPC Pessoa com Deficiência;Monte Fênix;ES;HP001587FAM;Atualizado;18/04/2025;8380246312;44832047772;Monte Fênix;ES;08/2024
866;916176269;Aurora Gaunt;13/02/1975;Alameda Sr. da Lufa-Lufa, 333 - Casa;Setor São Mungo;55406347;Padma Gaunt;Suspenso;87 - BPC Pessoa com Deficiência;Porto dos Duendes;PE;HP001589FAM;Desatualizado;11/12/2025;2052350647;30790592044;Porto dos Duendes;PE;10/2025
867;324220695;Severo Tobias Crouch Bell;15/11/1961;Travessa Mestre da Corvinal, 252;Vila Sonserina;79023540;Angelina Crouch Bell;Ativo;88 - BPC Idoso;Serra da Coruja;PR;HP001591FAM;Atualizado;24/08/2026;8613831970;30268192476;Serra da Coruja;PR;10/2020
868;795992591;Angelina Shacklebolt;14/02/1982;Travessa Sr. dos Centauros, 768 - Casa;Vila Trouxa;88922275;Rita Shacklebolt;Suspenso;87 - BPC Pessoa com Deficiência;Campo dos Centauros;GO;HP001593FAM;Atualizado;29/07/2026;4294349148;05552885010;Campo dos Centauros;GO;08/2020
869;531644266;Aurora Thomas;02/01/1950;Beco Sr. das Chaves de Voo, 439 - Apto 1;Vila das Bruxas;78988929;Dafne Thomas;Ativo;88 - BPC Idoso;Porto dos Duendes;PE;HP001598FAM;Atualizado;27/03/2025;4256838061;97496154686;Vale do Godric;SP;11/2021
870;489141300;Kingsley Pince Moody;16/12/2019;Avenida Mestre das Varinhas, 611 - Apto 1;Recanto dos Centauros;52633922;Marieta Pince Moody;Ativo;87 - BPC Pessoa com Deficiência;Rio das Sereias;PA;HP001604FAM;Desatualizado;10/10/2025;5343680288;;Rio das Sereias;PA;10/2022
871;694093180;Cho Pince Moody;08/07/2011;Avenida Mestre das Varinhas, 611 - Apto 1;Recanto dos Centauros;52633922;Marieta Pince Moody;Bloqueado;87 - BPC Pessoa com Deficiência;Rio das Sereias;PA;HP001604FAM;Desatualizado;10/10/2025;3143997844;26644028208;Rio das Sereias;PA;04/2026
872;311606269;Minerva Johnson Malfoy;19/05/1956;Alameda Dona Travessa do Tranco, 777 - Apto 1;Vila Sonserina;00634050;Sibila Johnson Malfoy;Ativo;88 - BPC Idoso;Hogsmeade;MG;HP001605FAM;Atualizado;25/11/2025;6005857372;23943542597;Hogsmeade;MG;02/2026
873;736079738;Alvo Percival Trelawney Fawcett;20/03/1951;Alameda Mestre das Bruxas Sábias, 887 - Sobrado;Recanto do Caldeirão;28040189;Belatriz Lestrange Trelawney Fawcett;Suspenso;88 - BPC Idoso;Serra da Coruja;PR;HP001607FAM;Desatualizado;04/05/2026;5249594235;84191016800;Serra da Coruja;PR;12/2026
874;534817735;Susana Black;07/03/1946;Viela Prof. de Hogsmeade, 282;Recanto do Caldeirão;77198431;Bathsheda Black;Ativo;88 - BPC Idoso;Rio das Sereias;PA;HP001608FAM;Desatualizado;04/10/2023;6662339618;59366201154;Monte Fênix;ES;10/2025
875;085645464;Filch Lestrange Carmichael;16/09/1971;Avenida Mestre das Bruxas Sábias, 991 - Apto 1;Bairro dos Duendes;95783561;Padma Lestrange Carmichael;Cessado;87 - BPC Pessoa com Deficiência;Vale do Godric;SP;HP001610FAM;Desatualizado;21/08/2024;5098144911;75710426400;Colina das Bruxas;RS;12/2025
876;008465978;Colin Spinnet Patil;26/12/2018;Alameda do Expresso de Hogwarts, 513 - Sobrado;Vila Trouxa;15550068;Verônica Spinnet Patil;Cessado;87 - BPC Pessoa com Deficiência;Hogsmeade;MG;HP001613FAM;Atualizado;11/01/2026;0004180887;;Hogsmeade;MG;02/2024
877;313746737;Bathsheda Spinnet Patil;08/10/1953;Alameda do Expresso de Hogwarts, 513 - Sobrado;Vila Trouxa;15550068;Verônica Spinnet Patil;Ativo;88 - BPC Idoso;Hogsmeade;MG;HP001613FAM;Atualizado;11/01/2026;3942185124;93257735892;Hogsmeade;MG;08/2023
878;522415574;Molly Prewett Bell Parkinson;24/01/1960;Rua Dona do Quatro Privet Drive, 328 - Fundos;Núcleo Hogwarts;63589711;Narcisa Bell Parkinson;Suspenso;88 - BPC Idoso;Vila Trouxinha;RJ;HP001614FAM;Atualizado;18/11/2022;7183318566;67839124936;Vila Trouxinha;RJ;07/2025
879;045875662;Ariana Diggory;22/07/1951;Praça Sr. da Floresta Proibida, 723 - Sobrado;Jardim Hogsmeade;02595807;Molly Prewett Diggory;Ativo;88 - BPC Idoso;Fenda da Serpente;BA;HP001616FAM;Desatualizado;19/06/2026;8424308927;93466532219;Fenda da Serpente;BA;06/2021
880;850728132;Molly Prewett Johnson;03/05/1977;Praça Sr. da Pedra Filosofal, 612 - Apto 1;Vila das Bruxas;61668719;Alícia Johnson;Ativo;87 - BPC Pessoa com Deficiência;Rio das Sereias;PA;HP001620FAM;Desatualizado;22/04/2026;0537264348;04426861295;Rio das Sereias;PA;04/2022
881;868749657;Gregory Diggory Delacour;08/04/1942;Alameda Mestre de Hogsmeade, 18 - Sobrado;Conjunto Grifinória;70723330;Petúnia Diggory Delacour;Ativo;88 - BPC Idoso;Rio das Sereias;PA;HP001623FAM;Atualizado;07/11/2025;3100833423;56603689646;Colina das Bruxas;RS;05/2024
882;924390226;Seamus Sprout Lovegood;04/01/1944;Alameda Mestre Fenícia, 995 - Apto 1;Jardim Hogsmeade;56370431;Muriel Sprout Lovegood;Bloqueado;88 - BPC Idoso;Serra da Coruja;PR;HP001624FAM;Desatualizado;06/12/2023;9215821576;63852370283;Serra da Coruja;PR;12/2021
883;118006407;Miguel Malfoy Greengrass;07/01/1940;Alameda Prof. dos Trouxas, 886;Recanto dos Centauros;29801170;Pomona Malfoy Greengrass;Suspenso;88 - BPC Idoso;Vau das Poções;SC;HP001625FAM;Desatualizado;14/12/2026;0948851488;29294260204;Vau das Poções;SC;07/2023
884;583817686;Luna Fawcett Zabini;24/03/1960;Avenida Dona dos Duendes, 700 - Fundos;Vila das Bruxas;47585911;Hermione Jane Fawcett Zabini;Ativo;88 - BPC Idoso;Vale do Godric;SP;HP001626FAM;Desatualizado;02/08/2025;5077272626;78117311697;Vale do Godric;SP;08/2020
885;826211633;Bathsheda Goldstein Longbottom;15/02/1977;Avenida Sr. das Vassouras Voadoras, 254 - Sobrado;Setor Mágico;27324228;Belatriz Lestrange Goldstein Longbottom;Ativo;87 - BPC Pessoa com Deficiência;Baía do Caldeirão;CE;HP001627FAM;Desatualizado;22/08/2025;2051383088;51165068519;Baía do Caldeirão;CE;01/2026
886;183898790;Pedro Vector Slughorn;10/10/1952;Avenida Dona dos Centauros, 867 - Fundos;Conjunto Grifinória;75714280;Parvati Vector Slughorn;Suspenso;88 - BPC Idoso;Vau das Poções;SC;HP001629FAM;Desatualizado;04/01/2023;4828702911;75408827785;Vau das Poções;SC;09/2021
887;240869856;Guilherme Pomfrey;17/03/1958;Beco Prof. das Grifinórias, 529;Jardim Hogsmeade;32569667;Verônica Pomfrey;Suspenso;88 - BPC Idoso;Rio das Sereias;PA;HP001631FAM;Atualizado;23/04/2026;1454889405;38762166139;Rio das Sereias;PA;05/2022
888;004065037;Gemma Greengrass Jordan;15/11/1982;Alameda Dona Travessa do Tranco, 956 - Apto 1;Setor São Mungo;47075129;Belatriz Lestrange Greengrass Jordan;Ativo;87 - BPC Pessoa com Deficiência;Vau das Poções;SC;HP001632FAM;Desatualizado;03/07/2022;6249419300;63635838533;Vau das Poções;SC;08/2023
889;392175609;Bathsheda Greengrass Jordan;07/05/2011;Alameda Dona Travessa do Tranco, 956 - Apto 1;Setor São Mungo;47075129;Belatriz Lestrange Greengrass Jordan;Cessado;87 - BPC Pessoa com Deficiência;Vau das Poções;SC;HP001632FAM;Desatualizado;03/07/2022;2862909289;;Vau das Poções;SC;12/2020
890;468473108;Dolores Jane Umbridge Spinnet;05/03/1959;Viela dos Centauros, 23 - Apto 1;Parque das Varinhas;90654767;Bathsheda Umbridge Spinnet;Ativo;88 - BPC Idoso;Hogsmeade;MG;HP001635FAM;Desatualizado;29/12/2026;8822814647;74191136965;Hogsmeade;MG;08/2024
891;824629355;Narcisa Finch-Fletchley;08/10/2008;Rua Prof. Beco Diagonal, 602;Jardim Hogsmeade;53737602;Astória Finch-Fletchley;Ativo;87 - BPC Pessoa com Deficiência;Vila Trouxinha;RJ;HP001636FAM;Atualizado;06/12/2023;6697939416;93553576566;Colina das Bruxas;RS;12/2022
892;317007519;Merope Finch-Fletchley;12/10/1960;Rua Prof. Beco Diagonal, 602;Jardim Hogsmeade;53737602;Astória Finch-Fletchley;Ativo;88 - BPC Idoso;Vila Trouxinha;RJ;HP001636FAM;Atualizado;06/12/2023;8493741986;00996333299;Vila Trouxinha;RJ;08/2022
893;270983947;Guilherme Gaunt Wood;03/02/1991;Viela Prof. dos Sonhadores, 824 - Apto 1;Parque das Varinhas;54435326;Hermione Jane Gaunt Wood;Suspenso;87 - BPC Pessoa com Deficiência;Serra da Coruja;PR;HP001639FAM;Desatualizado;14/07/2026;8256470137;71065003055;Serra da Coruja;PR;12/2026
894;111249905;Rufus Diggle;24/01/1992;Viela Mestre dos Centauros, 880;Vila Sonserina;74456880;Susana Diggle;Ativo;87 - BPC Pessoa com Deficiência;Vau das Poções;SC;HP001641FAM;Desatualizado;05/08/2022;1199393419;01605513824;Vau das Poções;SC;02/2025
895;305885936;Vicente Parkinson;12/04/2021;Avenida Sr. Beco Diagonal, 59 - Apto 1;Recanto do Caldeirão;12576127;Bathsheda Parkinson;Ativo;87 - BPC Pessoa com Deficiência;Vale do Godric;SP;HP001642FAM;Atualizado;10/12/2024;5240260989;;Vale do Godric;SP;10/2020
896;173227995;Fleur Parkinson;27/02/1941;Avenida Sr. Beco Diagonal, 59 - Apto 1;Recanto do Caldeirão;12576127;Bathsheda Parkinson;Suspenso;88 - BPC Idoso;Vale do Godric;SP;HP001642FAM;Atualizado;10/12/2024;3145512675;80574829153;Baía do Caldeirão;CE;02/2023
897;676333931;Belatriz Lestrange Sinistra;23/11/1961;Praça Travessa do Tranco, 830 - Sobrado;Vila das Bruxas;18989335;Rita Sinistra;Bloqueado;88 - BPC Idoso;Rio das Sereias;PA;HP001643FAM;Atualizado;16/04/2025;3523449060;35417553779;Campo dos Centauros;GO;11/2025
898;495140698;Severo Tobias Sprout;25/07/1977;Travessa Sr. da Pedra Filosofal, 276 - Casa;Jardim Lufa-Lufa;88902738;Sibila Sprout;Suspenso;87 - BPC Pessoa com Deficiência;Vila Trouxinha;RJ;HP001647FAM;Desatualizado;27/08/2026;9589673201;36345011974;Vila Trouxinha;RJ;09/2023
899;903435893;Basilio Sprout;11/01/1957;Travessa Sr. da Pedra Filosofal, 276 - Casa;Jardim Lufa-Lufa;88902738;Sibila Sprout;Ativo;88 - BPC Idoso;Vila Trouxinha;RJ;HP001647FAM;Desatualizado;27/08/2026;8781569663;18282982045;Vila Trouxinha;RJ;03/2023
900;834573054;Fleur Hooch McGonagall;23/04/1972;Avenida Dona dos Centauros, 676 - Fundos;Vila Weasley;84483209;Emelina Hooch McGonagall;Cessado;87 - BPC Pessoa com Deficiência;Campo dos Centauros;GO;HP001648FAM;Atualizado;22/07/2023;5638442116;19923401100;Campo dos Centauros;GO;01/2020
901;824416958;Verônica Bagman Fudge;15/11/1980;Rua das Grifinórias, 486 - Casa;Conjunto Grifinória;47822376;Dolores Jane Bagman Fudge;Ativo;87 - BPC Pessoa com Deficiência;Campo dos Centauros;GO;HP001649FAM;Atualizado;09/09/2026;5836908617;89693466606;Campo dos Centauros;GO;11/2026
902;498572085;Dolores Jane Bagman Fudge;24/07/1955;Rua das Grifinórias, 486 - Casa;Conjunto Grifinória;47822376;Dolores Jane Bagman Fudge;Ativo;88 - BPC Idoso;Campo dos Centauros;GO;HP001649FAM;Atualizado;09/09/2026;8910197959;11580095006;Campo dos Centauros;GO;07/2025
903;464216477;Wilhelmina Bagman Fudge;04/04/1992;Rua das Grifinórias, 486 - Casa;Conjunto Grifinória;47822376;Dolores Jane Bagman Fudge;Bloqueado;87 - BPC Pessoa com Deficiência;Campo dos Centauros;GO;HP001649FAM;Atualizado;09/09/2026;6757800478;58845300642;Campo dos Centauros;GO;11/2021
904;761611962;Antônio Abbott;18/01/2008;Rua Sr. do Quatro Privet Drive, 396;Vila Trouxa;48484794;Wilhelmina Abbott;Suspenso;87 - BPC Pessoa com Deficiência;Vila Trouxinha;RJ;HP001650FAM;Desatualizado;15/01/2026;3657646858;05476809881;Monte Fênix;ES;03/2023
905;322240782;Teodoro Abbott;19/06/2004;Rua Sr. do Quatro Privet Drive, 396;Vila Trouxa;48484794;Wilhelmina Abbott;Ativo;87 - BPC Pessoa com Deficiência;Vila Trouxinha;RJ;HP001650FAM;Desatualizado;15/01/2026;7341835170;25157993702;Monte Fênix;ES;09/2025
906;792982975;Cedrico Umbridge;12/02/1976;Alameda do Quatro Privet Drive, 291;Bairro dos Duendes;94097379;Parvati Umbridge;Bloqueado;87 - BPC Pessoa com Deficiência;Fenda da Serpente;BA;HP001653FAM;Desatualizado;16/11/2025;8647088214;66992821749;Fenda da Serpente;BA;08/2025
907;208116667;Hermione Jane Dumbledore Fawcett;18/01/1959;Alameda Prof. do Expresso de Hogwarts, 941 - Casa;Parque das Varinhas;81566194;Parvati Dumbledore Fawcett;Ativo;88 - BPC Idoso;Hogsmeade;MG;HP001656FAM;Desatualizado;15/08/2026;9002528677;46198164425;Hogsmeade;MG;09/2020
908;938271772;Miguel Riddle Finch-Fletchley;04/04/1956;Rua da Floresta Proibida, 356 - Sobrado;Colônia Fenda da Serpente;14917427;Angelina Riddle Finch-Fletchley;Ativo;88 - BPC Idoso;Vila Trouxinha;RJ;HP001658FAM;Desatualizado;31/10/2026;3667318886;63571231705;Campo dos Centauros;GO;08/2026
909;323494494;Katie Riddle Finch-Fletchley;16/12/2002;Rua da Floresta Proibida, 356 - Sobrado;Colônia Fenda da Serpente;14917427;Angelina Riddle Finch-Fletchley;Suspenso;87 - BPC Pessoa com Deficiência;Vila Trouxinha;RJ;HP001658FAM;Desatualizado;31/10/2026;5821846968;91329783320;Vila Trouxinha;RJ;10/2020
910;174068345;Gemma Diggory;26/07/1939;Rua Dona das Poções, 183;Vila Corvinal;78231022;Hannah Diggory;Cessado;88 - BPC Idoso;Campo dos Centauros;GO;HP001659FAM;Desatualizado;19/03/2024;9203615315;17352850304;Campo dos Centauros;GO;07/2026
911;224318572;Zacarias Fudge Flint;28/01/1956;Travessa Mestre das Corujas, 523 - Fundos;Vila Corvinal;03568683;Padma Fudge Flint;Ativo;88 - BPC Idoso;Porto dos Duendes;PE;HP001660FAM;Atualizado;28/05/2024;6523659971;87262247043;Porto dos Duendes;PE;07/2023
912;880406302;Pedro Fudge Flint;09/06/1952;Travessa Mestre das Corujas, 523 - Fundos;Vila Corvinal;03568683;Padma Fudge Flint;Ativo;88 - BPC Idoso;Porto dos Duendes;PE;HP001660FAM;Atualizado;28/05/2024;6856767894;59986815415;Porto dos Duendes;PE;07/2020
913;397000779;Ninfadora Bulstrode;03/10/1953;Travessa Dona da Sonserina, 645 - Casa;Jardim Hogsmeade;04638941;Lílian Evelina Bulstrode;Ativo;88 - BPC Idoso;Campo dos Centauros;GO;HP001661FAM;Atualizado;16/02/2026;9884371365;04078960828;Campo dos Centauros;GO;05/2020
914;001739278;Dolores Jane McGonagall Pomfrey;24/09/2012;Viela Sr. dos Duendes, 179 - Apto 1;Conjunto Grifinória;84306447;Lílian Evelina McGonagall Pomfrey;Ativo;87 - BPC Pessoa com Deficiência;Colina das Bruxas;RS;HP001663FAM;Atualizado;13/09/2024;8722718946;;Colina das Bruxas;RS;05/2026
915;474733546;Kingsley Weasley Lupin;04/08/1982;Viela Mestre das Chaves de Voo, 263 - Fundos;Núcleo Hogwarts;13145806;Dolores Jane Weasley Lupin;Ativo;87 - BPC Pessoa com Deficiência;Rio das Sereias;PA;HP001667FAM;Desatualizado;20/11/2022;3067756173;01622439523;Colina das Bruxas;RS;03/2026
916;502565737;Olívia Goyle;20/10/1961;Praça dos Elfos Domésticos, 561 - Casa;Jardim Lufa-Lufa;79471806;Verônica Goyle;Ativo;88 - BPC Idoso;Monte Fênix;ES;HP001670FAM;Atualizado;08/12/2026;2629786641;50660921884;Monte Fênix;ES;03/2021
917;990395480;George Bagman Longbottom;28/08/1946;Rua Mestre do Torneio Tribruxo, 242 - Sobrado;Setor Mágico;39341353;Cho Bagman Longbottom;Bloqueado;88 - BPC Idoso;Fenda da Serpente;BA;HP001671FAM;Desatualizado;03/12/2021;6514271728;86474001869;Fenda da Serpente;BA;06/2023
918;901214496;Olívia Greengrass Spinnet;13/11/1959;Beco Mestre de Hogsmeade, 79 - Casa;Jardim Hogsmeade;04816616;Parvati Greengrass Spinnet;Ativo;88 - BPC Idoso;Hogsmeade;MG;HP001675FAM;Desatualizado;14/03/2026;6842387287;62064351303;Hogsmeade;MG;04/2020
919;409518638;Estêvão Greengrass Spinnet;15/10/1961;Beco Mestre de Hogsmeade, 79 - Casa;Jardim Hogsmeade;04816616;Parvati Greengrass Spinnet;Ativo;88 - BPC Idoso;Hogsmeade;MG;HP001675FAM;Desatualizado;14/03/2026;6217473993;45598452044;Hogsmeade;MG;06/2024
920;644408924;Gemma Vance Slughorn;06/03/1989;Viela Mestre dos Elfos Domésticos, 532 - Fundos;Vila Trouxa;45928025;Hannah Vance Slughorn;Suspenso;87 - BPC Pessoa com Deficiência;Rio das Sereias;PA;HP001679FAM;Desatualizado;23/03/2023;8721173058;70931757168;Rio das Sereias;PA;12/2023
921;161809194;Ariana Shacklebolt;04/06/1955;Rua Prof. das Bruxas Sábias, 318;Setor São Mungo;98579569;Olívia Shacklebolt;Bloqueado;88 - BPC Idoso;Baía do Caldeirão;CE;HP001680FAM;Desatualizado;02/12/2026;1421436401;80044249377;Baía do Caldeirão;CE;04/2020
922;474159828;Elpídio Weasley Crabbe;02/03/1961;Praça Sr. do Caldeirão Furado, 348 - Fundos;Vila Trouxa;52250413;Wilhelmina Weasley Crabbe;Suspenso;88 - BPC Idoso;Campo dos Centauros;GO;HP001681FAM;Atualizado;06/05/2023;2713029279;62010594906;Campo dos Centauros;GO;11/2025
923;104480014;Fleur Moody;10/03/1955;Viela Sr. das Corujas, 442 - Fundos;Jardim Lufa-Lufa;35441593;Molly Prewett Moody;Ativo;88 - BPC Idoso;Serra da Coruja;PR;HP001683FAM;Desatualizado;29/07/2026;6720356898;57017374383;Campo dos Centauros;GO;11/2020
924;769562513;Fleur Scrimgeour;03/10/1946;Viela Prof. de Hogsmeade, 65 - Sobrado;Colônia Fenda da Serpente;73025252;Cho Scrimgeour;Suspenso;88 - BPC Idoso;Vale do Godric;SP;HP001685FAM;Atualizado;02/11/2023;9883127803;30116260571;Vale do Godric;SP;10/2020
925;978687378;Popy Abbott Filch;26/08/1944;Beco Mestre dos Sonhadores, 375 - Casa;Colônia Fenda da Serpente;18956078;Angelina Abbott Filch;Suspenso;88 - BPC Idoso;Serra da Coruja;PR;HP001686FAM;Desatualizado;28/10/2026;7237483407;03127025235;Serra da Coruja;PR;05/2025
926;659374982;Hannah Pomfrey Shacklebolt;10/12/1970;Praça Dona Travessa do Tranco, 34;Conjunto Grifinória;41482212;Gemma Pomfrey Shacklebolt;Bloqueado;87 - BPC Pessoa com Deficiência;Porto dos Duendes;PE;HP001687FAM;Desatualizado;16/03/2025;6013478140;14112292826;Porto dos Duendes;PE;11/2020
927;880302534;Merope Finch-Fletchley;25/07/1938;Travessa Sr. dos Feiticeiros, 826 - Sobrado;Recanto do Caldeirão;19497767;Petúnia Finch-Fletchley;Ativo;88 - BPC Idoso;Serra da Coruja;PR;HP001689FAM;Atualizado;19/06/2026;2950436838;78231566879;Serra da Coruja;PR;11/2021
928;739246599;Hannah Goyle Delacour;10/05/1958;Viela Sr. do Quatro Privet Drive, 201 - Fundos;Vila Trouxa;11231120;Minerva Goyle Delacour;Bloqueado;88 - BPC Idoso;Baía do Caldeirão;CE;HP001691FAM;Desatualizado;04/02/2026;3763309090;75132584068;Baía do Caldeirão;CE;09/2024
929;577832542;Wilhelmina Burbage;10/01/1994;Praça Prof. do Salgueiro Lutador, 538 - Casa;Vila das Bruxas;50087079;Pomona Burbage;Suspenso;87 - BPC Pessoa com Deficiência;Colina das Bruxas;RS;HP001693FAM;Desatualizado;05/10/2026;7659135121;19940523685;Colina das Bruxas;RS;05/2021
930;791211707;Estêvão Weasley;22/10/2001;Viela Sr. Travessa do Tranco, 202 - Casa;Parque das Varinhas;61562977;Katie Weasley;Ativo;87 - BPC Pessoa com Deficiência;Porto dos Duendes;PE;HP001694FAM;Desatualizado;15/10/2020;6785800870;47961997560;Porto dos Duendes;PE;06/2024
931;252903407;Fred Greengrass;06/06/2008;Rua das Poções, 420 - Casa;Recanto dos Centauros;55220868;Popy Greengrass;Ativo;87 - BPC Pessoa com Deficiência;Hogsmeade;MG;HP001696FAM;Desatualizado;17/10/2023;1409447295;86097539301;Hogsmeade;MG;11/2022
932;665687462;Percy Ignácio Greengrass;25/12/1945;Rua das Poções, 420 - Casa;Recanto dos Centauros;55220868;Popy Greengrass;Ativo;88 - BPC Idoso;Hogsmeade;MG;HP001696FAM;Desatualizado;17/10/2023;0211959672;76538234750;Serra da Coruja;PR;02/2021
933;566347371;Guilherme Filch Parkinson;11/06/1943;Viela Dona do Caldeirão Furado, 389;Colônia Fenda da Serpente;43158345;Katie Filch Parkinson;Ativo;88 - BPC Idoso;Porto dos Duendes;PE;HP001697FAM;Desatualizado;07/09/2023;2215088452;87709869678;Porto dos Duendes;PE;11/2023
934;446635124;Alastor Scrimgeour Goldstein;18/05/1940;Viela Dona dos Dementadores Vencidos, 460;Vila Weasley;55131396;Hannah Scrimgeour Goldstein;Ativo;88 - BPC Idoso;Hogsmeade;MG;HP001706FAM;Desatualizado;27/02/2025;3561367991;83255909550;Hogsmeade;MG;04/2020
935;762696308;Fernanda Delacour;01/01/1962;Viela dos Duendes, 931 - Sobrado;Setor Mágico;98067743;Ninfadora Delacour;Ativo;88 - BPC Idoso;Porto dos Duendes;PE;HP001708FAM;Desatualizado;13/08/2023;5431877865;06790404127;Porto dos Duendes;PE;10/2021
936;756394280;Basilio Delacour;02/03/1944;Viela dos Duendes, 931 - Sobrado;Setor Mágico;98067743;Ninfadora Delacour;Cessado;88 - BPC Idoso;Porto dos Duendes;PE;HP001708FAM;Desatualizado;13/08/2023;5694178167;08722605938;Porto dos Duendes;PE;10/2021
937;568868808;Draco Lúcio Delacour;08/01/1969;Viela dos Duendes, 931 - Sobrado;Setor Mágico;98067743;Ninfadora Delacour;Bloqueado;87 - BPC Pessoa com Deficiência;Porto dos Duendes;PE;HP001708FAM;Desatualizado;13/08/2023;8713465930;42739179636;Porto dos Duendes;PE;11/2020
938;528219910;Nevile Franklin Black;21/11/1966;Avenida Sr. das Grifinórias, 490 - Apto 1;Conjunto Grifinória;71247798;Fernanda Black;Bloqueado;87 - BPC Pessoa com Deficiência;Hogsmeade;MG;HP001709FAM;Atualizado;26/10/2022;4262964758;69149300404;Hogsmeade;MG;01/2023
939;973573842;Charity Tonks;22/12/1948;Rua Dona Beco Diagonal, 985 - Fundos;Conjunto Grifinória;40735712;Gina Molly Tonks;Bloqueado;88 - BPC Idoso;Monte Fênix;ES;HP001712FAM;Desatualizado;26/04/2025;3292267641;25632854371;Monte Fênix;ES;09/2025
940;172249208;Millicent Filch Flitwick;12/06/1983;Avenida Sr. da Corvinal, 133 - Sobrado;Conjunto Grifinória;30752125;Verônica Filch Flitwick;Ativo;87 - BPC Pessoa com Deficiência;Vila Trouxinha;RJ;HP001716FAM;Desatualizado;08/02/2026;5275908644;74423307208;Vila Trouxinha;RJ;08/2021
941;941434998;Seamus Malfoy;18/02/1959;Rua Dona dos Trouxas, 448 - Sobrado;Bairro dos Duendes;13735953;Belatriz Lestrange Malfoy;Bloqueado;88 - BPC Idoso;Baía do Caldeirão;CE;HP001717FAM;Atualizado;13/05/2023;3900743310;24656955684;Baía do Caldeirão;CE;09/2026
942;092673532;Romilda Malfoy;23/11/1961;Rua Dona dos Trouxas, 448 - Sobrado;Bairro dos Duendes;13735953;Belatriz Lestrange Malfoy;Bloqueado;88 - BPC Idoso;Baía do Caldeirão;CE;HP001717FAM;Atualizado;13/05/2023;0048499793;00947293286;Baía do Caldeirão;CE;10/2021
943;992955630;Severo Tobias Gaunt Shacklebolt;11/04/2017;Alameda Dona dos Dementadores Vencidos, 759 - Casa;Vila das Bruxas;53842785;Gina Molly Gaunt Shacklebolt;Ativo;87 - BPC Pessoa com Deficiência;Baía do Caldeirão;CE;HP001718FAM;Atualizado;31/12/2026;4999376449;;Baía do Caldeirão;CE;06/2024
944;868667699;Olívia Chang;13/09/1960;Praça da Corvinal, 342 - Casa;Jardim Lufa-Lufa;03072425;Katie Chang;Bloqueado;88 - BPC Idoso;Vale do Godric;SP;HP001719FAM;Desatualizado;14/06/2024;3904671187;48980813042;Vale do Godric;SP;11/2024
945;420903339;Remo João Chang;19/07/1948;Praça da Corvinal, 342 - Casa;Jardim Lufa-Lufa;03072425;Katie Chang;Cessado;88 - BPC Idoso;Vale do Godric;SP;HP001719FAM;Desatualizado;14/06/2024;4176910909;31960929920;Vale do Godric;SP;03/2025
946;853391699;Katie Chang;14/07/1947;Praça da Corvinal, 342 - Casa;Jardim Lufa-Lufa;03072425;Katie Chang;Ativo;88 - BPC Idoso;Vale do Godric;SP;HP001719FAM;Desatualizado;14/06/2024;1330297609;98458578681;Vale do Godric;SP;01/2020
947;321002246;Fleur Sinistra Delacour;16/12/1939;Avenida Prof. dos Duendes, 366 - Sobrado;Núcleo Hogwarts;47580002;Dafne Sinistra Delacour;Ativo;88 - BPC Idoso;Vale do Godric;SP;HP001722FAM;Atualizado;28/12/2025;0792957746;70886526335;Vale do Godric;SP;04/2024
948;905439118;Gemma Lestrange;20/10/1967;Rua das Chaves de Voo, 876 - Casa;Bairro dos Duendes;10595796;Sibila Lestrange;Cessado;87 - BPC Pessoa com Deficiência;Vila Trouxinha;RJ;HP001723FAM;Atualizado;14/06/2022;8863876658;01505493263;Vila Trouxinha;RJ;02/2025
949;883644683;Percy Ignácio Potter;05/05/1947;Beco Mestre dos Trouxas, 284 - Sobrado;Vila Sonserina;69716345;Romilda Potter;Bloqueado;88 - BPC Idoso;Campo dos Centauros;GO;HP001725FAM;Desatualizado;23/12/2026;4275770181;51479963973;Serra da Coruja;PR;05/2023
950;653872848;Rony Bilius Flitwick Hagrid;12/12/1994;Praça Sr. da Pedra Filosofal, 569 - Fundos;Conjunto Grifinória;43769053;Carlota Flitwick Hagrid;Suspenso;87 - BPC Pessoa com Deficiência;Vau das Poções;SC;HP001727FAM;Desatualizado;29/11/2025;6243147671;83465263777;Vau das Poções;SC;09/2024
951;362158044;Hannah Flitwick Hagrid;02/06/1960;Praça Sr. da Pedra Filosofal, 569 - Fundos;Conjunto Grifinória;43769053;Carlota Flitwick Hagrid;Cessado;87 - BPC Pessoa com Deficiência;Vau das Poções;SC;HP001727FAM;Desatualizado;29/11/2025;6668331961;53337783616;Vau das Poções;SC;06/2024
952;098870734;Ariana Flitwick Hagrid;22/01/1975;Praça Sr. da Pedra Filosofal, 569 - Fundos;Conjunto Grifinória;43769053;Carlota Flitwick Hagrid;Ativo;87 - BPC Pessoa com Deficiência;Vau das Poções;SC;HP001727FAM;Desatualizado;29/11/2025;4223988190;29035784432;Vau das Poções;SC;03/2024
953;811384076;Guilherme Black;17/06/1979;Travessa Mestre das Varinhas, 700 - Fundos;Vila das Bruxas;94694283;Petúnia Black;Ativo;87 - BPC Pessoa com Deficiência;Serra da Coruja;PR;HP001729FAM;Atualizado;30/01/2025;9103022766;13333142648;Serra da Coruja;PR;10/2026
954;884929311;Olívia Creevey Goldstein;11/08/1955;Alameda Prof. da Floresta Proibida, 705 - Fundos;Recanto dos Centauros;18833530;Pansy Creevey Goldstein;Suspenso;88 - BPC Idoso;Monte Fênix;ES;HP001732FAM;Atualizado;05/05/2022;7219325797;82430378888;Monte Fênix;ES;11/2024
955;397306571;Pomona Creevey Goldstein;15/02/1947;Alameda Prof. da Floresta Proibida, 705 - Fundos;Recanto dos Centauros;18833530;Pansy Creevey Goldstein;Bloqueado;88 - BPC Idoso;Monte Fênix;ES;HP001732FAM;Atualizado;05/05/2022;0119350652;12333395409;Monte Fênix;ES;10/2021
956;568798223;Grope Potter;25/07/1953;Beco Mestre Travessa do Tranco, 861 - Fundos;Vila das Bruxas;09477663;Ariana Potter;Ativo;88 - BPC Idoso;Vale do Godric;SP;HP001733FAM;Desatualizado;04/12/2022;3680130632;21547008108;Vale do Godric;SP;02/2023
957;516071726;Hermione Jane Prewett Parkinson;18/02/1945;Viela dos Feiticeiros, 205 - Casa;Vila Weasley;98051162;Susana Prewett Parkinson;Ativo;88 - BPC Idoso;Monte Fênix;ES;HP001734FAM;Desatualizado;18/04/2021;6490776777;36664078548;Monte Fênix;ES;05/2023
958;026898353;Rolando Hooch Diggle;26/12/1971;Praça Prof. do Torneio Tribruxo, 766 - Fundos;Vila Sonserina;34519554;Olívia Hooch Diggle;Ativo;87 - BPC Pessoa com Deficiência;Vale do Godric;SP;HP001735FAM;Atualizado;29/12/2024;2254994757;81528786503;Vale do Godric;SP;01/2023
959;790823442;Verônica Burbage Vance;25/09/1950;Viela Dona do Torneio Tribruxo, 838 - Apto 1;Vila Corvinal;49515198;Charity Burbage Vance;Ativo;88 - BPC Idoso;Baía do Caldeirão;CE;HP001739FAM;Atualizado;16/09/2025;9932007950;54047100040;Baía do Caldeirão;CE;12/2020
960;901458176;Amos Longbottom Dearborn;21/06/1948;Alameda Prof. dos Centauros, 190 - Apto 1;Bairro dos Duendes;38605111;Dafne Longbottom Dearborn;Suspenso;88 - BPC Idoso;Vale do Godric;SP;HP001741FAM;Desatualizado;20/06/2026;9377648276;35114309419;Vale do Godric;SP;08/2020
961;156799504;Aurora Crabbe Weasley;01/09/2002;Praça Mestre de Hogsmeade, 289 - Casa;Recanto do Caldeirão;45395601;Molly Prewett Crabbe Weasley;Suspenso;87 - BPC Pessoa com Deficiência;Porto dos Duendes;PE;HP001742FAM;Atualizado;18/08/2026;9748721811;45688210965;Porto dos Duendes;PE;05/2023
962;296373338;Rufus Pince Thomas;21/11/2003;Beco das Grifinórias, 858 - Fundos;Vila Corvinal;41560099;Charity Pince Thomas;Ativo;87 - BPC Pessoa com Deficiência;Porto dos Duendes;PE;HP001746FAM;Desatualizado;10/10/2026;5797197807;05445025151;Porto dos Duendes;PE;04/2024
963;980774223;Olívia Potter Macmillan;28/05/1996;Rua dos Centauros, 907 - Fundos;Setor Mágico;89937534;Belatriz Lestrange Potter Macmillan;Ativo;87 - BPC Pessoa com Deficiência;Vau das Poções;SC;HP001747FAM;Atualizado;20/04/2024;3471482541;55916766772;Colina das Bruxas;RS;03/2025
964;966588027;Grope Scrimgeour Chang;10/06/2008;Beco Sr. Travessa do Tranco, 711 - Fundos;Setor São Mungo;51561959;Sibila Scrimgeour Chang;Cessado;87 - BPC Pessoa com Deficiência;Rio das Sereias;PA;HP001750FAM;Desatualizado;29/10/2024;8683721715;09315129215;Monte Fênix;ES;09/2022
965;705284284;Alastor Spinnet Trelawney;13/03/1999;Rua Dona das Bruxas Sábias, 698 - Apto 1;Vila Sonserina;87062462;Verônica Spinnet Trelawney;Ativo;87 - BPC Pessoa com Deficiência;Hogsmeade;MG;HP001752FAM;Desatualizado;31/12/2026;4750460435;03369620108;Hogsmeade;MG;06/2025
966;162915989;Draco Lúcio Zabini;13/12/1960;Alameda Sr. de Hogsmeade, 245 - Fundos;Bairro dos Duendes;02726956;Gina Molly Zabini;Ativo;88 - BPC Idoso;Fenda da Serpente;BA;HP001754FAM;Atualizado;17/11/2025;7497622412;13170754800;Fenda da Serpente;BA;10/2021
967;026927296;Pomona Crouch Scrimgeour;17/12/1962;Travessa Prof. da Sala Precisa, 168 - Fundos;Recanto dos Centauros;37907886;Dafne Crouch Scrimgeour;Bloqueado;87 - BPC Pessoa com Deficiência;Porto dos Duendes;PE;HP001756FAM;Desatualizado;03/04/2025;1863067736;27949382071;Porto dos Duendes;PE;03/2021
968;801256349;Lúcio Abraxas Lestrange;04/07/1981;Viela dos Elfos Domésticos, 768 - Apto 1;Núcleo Hogwarts;78284372;Dafne Lestrange;Cessado;87 - BPC Pessoa com Deficiência;Colina das Bruxas;RS;HP001757FAM;Atualizado;12/09/2026;6829690659;03359251464;Colina das Bruxas;RS;03/2021
969;322423864;Vicente Zabini Bulstrode;17/03/1982;Beco Dona da Pedra Filosofal, 660 - Sobrado;Conjunto Grifinória;07931096;Gemma Zabini Bulstrode;Ativo;87 - BPC Pessoa com Deficiência;Vau das Poções;SC;HP001759FAM;Atualizado;08/04/2026;5553780798;09338240686;Vau das Poções;SC;06/2024
970;027020093;Katie Greengrass;18/09/1959;Praça das Poções, 365 - Sobrado;Recanto dos Centauros;78645598;Petúnia Greengrass;Cessado;88 - BPC Idoso;Colina das Bruxas;RS;HP001764FAM;Desatualizado;08/01/2025;7686643108;68410682701;Colina das Bruxas;RS;10/2023
971;444233901;Argos Greengrass;24/05/2001;Praça das Poções, 365 - Sobrado;Recanto dos Centauros;78645598;Petúnia Greengrass;Ativo;87 - BPC Pessoa com Deficiência;Colina das Bruxas;RS;HP001764FAM;Desatualizado;08/01/2025;5376892432;27385624009;Colina das Bruxas;RS;02/2020
972;835204828;Fábio Ademar Lupin Malfoy;16/03/2023;Avenida Mestre da Pedra Filosofal, 141;Recanto dos Centauros;60456039;Carlota Lupin Malfoy;Suspenso;87 - BPC Pessoa com Deficiência;Hogsmeade;MG;HP001766FAM;Atualizado;04/09/2026;2552399653;;Hogsmeade;MG;06/2021
973;196906450;Justino Goyle;04/02/2017;Rua da Pedra Filosofal, 480 - Apto 1;Vila das Bruxas;34353908;Lílian Evelina Goyle;Ativo;87 - BPC Pessoa com Deficiência;Rio das Sereias;PA;HP001769FAM;Desatualizado;15/02/2024;6625534998;;Rio das Sereias;PA;07/2024
974;471384714;Cedrico Black;25/02/1945;Beco Dona das Poções, 420 - Casa;Parque das Varinhas;37635743;Lavínia Black;Ativo;88 - BPC Idoso;Vale do Godric;SP;HP001770FAM;Desatualizado;11/06/2021;4238610790;78488932942;Serra da Coruja;PR;02/2023
975;065494379;Dino Nott;14/11/1954;Viela Prof. dos Centauros, 407 - Sobrado;Parque das Varinhas;57334633;Alícia Nott;Ativo;88 - BPC Idoso;Vila Trouxinha;RJ;HP001771FAM;Atualizado;24/10/2023;3670126752;28619969940;Porto dos Duendes;PE;08/2022
976;346137355;Lílian Evelina Goyle;08/08/1956;Viela da Sonserina, 962;Parque das Varinhas;52746466;Bathsheda Goyle;Ativo;88 - BPC Idoso;Baía do Caldeirão;CE;HP001774FAM;Desatualizado;29/09/2023;2587277455;22613589117;Baía do Caldeirão;CE;05/2023
977;129676939;Minerva Fudge Brown;14/09/2006;Avenida Prof. dos Duendes, 918 - Fundos;Jardim Hogsmeade;05399884;Lílian Evelina Fudge Brown;Suspenso;87 - BPC Pessoa com Deficiência;Serra da Coruja;PR;HP001775FAM;Atualizado;25/10/2024;4727669561;58182637704;Serra da Coruja;PR;03/2022
978;757828681;Katie Shacklebolt;21/04/1948;Alameda Dona das Chaves de Voo, 824 - Apto 1;Setor Mágico;66111505;Parvati Shacklebolt;Ativo;88 - BPC Idoso;Serra da Coruja;PR;HP001777FAM;Desatualizado;31/07/2021;7127410375;64785450753;Serra da Coruja;PR;02/2022
979;551451479;Gregory Filch;26/07/1952;Alameda das Grifinórias, 792 - Fundos;Vila das Bruxas;70136266;Katie Filch;Ativo;88 - BPC Idoso;Campo dos Centauros;GO;HP001781FAM;Desatualizado;24/07/2025;0749251474;29410923909;Campo dos Centauros;GO;03/2021
980;994726965;Petúnia Nott Macmillan;27/06/1956;Praça Mestre Beco Diagonal, 905 - Sobrado;Bairro dos Duendes;34404783;Pomona Nott Macmillan;Ativo;88 - BPC Idoso;Vau das Poções;SC;HP001783FAM;Desatualizado;22/10/2026;6117688035;00857619587;Vau das Poções;SC;03/2024
981;380922795;Lavínia Diggle;22/04/1952;Travessa Sr. dos Alfeineiros, 558 - Apto 1;Parque das Varinhas;03942735;Pansy Diggle;Ativo;88 - BPC Idoso;Fenda da Serpente;BA;HP001786FAM;Desatualizado;23/05/2022;9952417428;61329794178;Fenda da Serpente;BA;06/2022
982;078112182;Narcisa Crouch;17/04/1946;Avenida Mestre Fenícia, 384 - Fundos;Vila Weasley;15454529;Verônica Crouch;Ativo;88 - BPC Idoso;Rio das Sereias;PA;HP001788FAM;Atualizado;14/10/2026;0750563716;31173433500;Rio das Sereias;PA;01/2026
983;770554730;Wilhelmina Prewett Tonks;07/10/1952;Beco Mestre dos Alfeineiros, 694 - Apto 1;Parque das Varinhas;20054548;Hermione Jane Prewett Tonks;Bloqueado;88 - BPC Idoso;Rio das Sereias;PA;HP001791FAM;Desatualizado;28/04/2023;3650944025;77296701869;Rio das Sereias;PA;12/2021
984;819507242;Justino Prewett Tonks;25/06/1943;Beco Mestre dos Alfeineiros, 694 - Apto 1;Parque das Varinhas;20054548;Hermione Jane Prewett Tonks;Suspenso;88 - BPC Idoso;Rio das Sereias;PA;HP001791FAM;Desatualizado;28/04/2023;1251548766;38618177051;Rio das Sereias;PA;08/2021
985;589799585;Pedro Flitwick;15/12/1974;Alameda Dona das Poções, 179 - Sobrado;Vila Corvinal;99122395;Wilhelmina Flitwick;Cessado;87 - BPC Pessoa com Deficiência;Hogsmeade;MG;HP001792FAM;Desatualizado;17/08/2022;1272511504;36812014632;Hogsmeade;MG;11/2026
986;363853594;Filch Boot;27/10/2005;Rua Sr. das Chaves de Voo, 407 - Casa;Recanto dos Centauros;37519271;Rita Boot;Cessado;87 - BPC Pessoa com Deficiência;Monte Fênix;ES;HP001794FAM;Atualizado;23/10/2025;1488573850;76439518373;Monte Fênix;ES;01/2025
987;475435241;Pedro Crouch Krum;13/01/1956;Beco Fenícia, 981 - Sobrado;Vila Sonserina;63013667;Minerva Crouch Krum;Suspenso;88 - BPC Idoso;Hogsmeade;MG;HP001796FAM;Atualizado;16/09/2021;7368750130;33509321501;Hogsmeade;MG;01/2020
988;523511587;Arthur Septimus Goyle Tonks;27/07/1986;Alameda Prof. dos Sonhadores, 808 - Fundos;Parque das Varinhas;84841804;Dolores Jane Goyle Tonks;Bloqueado;87 - BPC Pessoa com Deficiência;Vau das Poções;SC;HP001798FAM;Atualizado;04/02/2026;0315572240;46700813064;Vau das Poções;SC;05/2025
989;167978114;Rony Bilius Burbage Flint;24/02/2024;Viela Mestre dos Centauros, 658 - Sobrado;Setor São Mungo;96205653;Andrômeda Burbage Flint;Cessado;87 - BPC Pessoa com Deficiência;Baía do Caldeirão;CE;HP001799FAM;Atualizado;27/09/2025;1883282639;;Baía do Caldeirão;CE;01/2024
990;190984271;Hermione Jane Potter Goyle;20/03/1947;Travessa Sr. das Corujas, 526 - Casa;Vila Trouxa;89615114;Marieta Potter Goyle;Cessado;88 - BPC Idoso;Serra da Coruja;PR;HP001803FAM;Atualizado;19/10/2026;1611208987;06808528670;Serra da Coruja;PR;07/2020
991;857525328;Carlinhos Lupin Dumbledore;02/04/1974;Avenida Sr. Beco Diagonal, 138 - Fundos;Vila das Bruxas;72758109;Dafne Lupin Dumbledore;Cessado;87 - BPC Pessoa com Deficiência;Vale do Godric;SP;HP001805FAM;Atualizado;11/06/2026;3781159718;49460992559;Vale do Godric;SP;06/2021
992;176565384;Seamus Snape;11/04/1975;Praça Sr. das Vassouras Voadoras, 640 - Sobrado;Recanto dos Centauros;45217014;Narcisa Snape;Ativo;87 - BPC Pessoa com Deficiência;Colina das Bruxas;RS;HP001808FAM;Desatualizado;02/02/2026;6283579690;53376567408;Colina das Bruxas;RS;03/2024
993;414512267;Amos Goldstein Burbage;04/06/1990;Beco Prof. do Torneio Tribruxo, 954 - Apto 1;Vila Corvinal;14108363;Charity Goldstein Burbage;Cessado;87 - BPC Pessoa com Deficiência;Colina das Bruxas;RS;HP001809FAM;Desatualizado;11/09/2024;3968346196;81873152290;Colina das Bruxas;RS;08/2021
994;772368087;Arthur Septimus Pomfrey;26/12/1957;Travessa Prof. do Expresso de Hogwarts, 500;Conjunto Grifinória;26724223;Aurora Pomfrey;Suspenso;88 - BPC Idoso;Monte Fênix;ES;HP001810FAM;Desatualizado;12/07/2026;4758203401;33631214667;Monte Fênix;ES;04/2024
995;155556485;Harry Tiago Tonks;14/02/1947;Avenida Dona da Corvinal, 243;Núcleo Hogwarts;69173567;Fleur Tonks;Bloqueado;88 - BPC Idoso;Porto dos Duendes;PE;HP001813FAM;Atualizado;30/03/2025;0903275047;01581267506;Porto dos Duendes;PE;07/2026
996;019709188;Guilherme Dumbledore Umbridge;06/04/1978;Avenida Mestre da Floresta Proibida, 953 - Apto 1;Colônia Fenda da Serpente;50699861;Fernanda Dumbledore Umbridge;Ativo;87 - BPC Pessoa com Deficiência;Hogsmeade;MG;HP001816FAM;Atualizado;07/11/2024;9912135578;29994997365;Vila Trouxinha;RJ;06/2024
997;677761593;Remo João Filch;11/06/1960;Viela Prof. das Poções, 589;Recanto do Caldeirão;66078317;Gemma Filch;Suspenso;88 - BPC Idoso;Porto dos Duendes;PE;HP001818FAM;Desatualizado;03/01/2024;8686064089;49549335604;Porto dos Duendes;PE;07/2022
998;963414003;Belatriz Lestrange Delacour;09/11/1957;Rua Dona da Pedra Filosofal, 249 - Casa;Recanto dos Centauros;04041476;Aurora Delacour;Suspenso;88 - BPC Idoso;Vale do Godric;SP;HP001823FAM;Atualizado;30/12/2026;1807767463;87281591521;Vale do Godric;SP;06/2022
999;806850854;Lúcio Abraxas Delacour;12/06/1957;Rua Dona da Pedra Filosofal, 249 - Casa;Recanto dos Centauros;04041476;Aurora Delacour;Ativo;88 - BPC Idoso;Vale do Godric;SP;HP001823FAM;Atualizado;30/12/2026;5894147714;41152748324;Vale do Godric;SP;11/2021
1000;608482004;Tiago Carlus Flitwick Black;16/01/2013;Beco do Salgueiro Lutador, 806 - Apto 1;Recanto do Caldeirão;95464984;Lílian Evelina Flitwick Black;Bloqueado;87 - BPC Pessoa com Deficiência;Colina das Bruxas;RS;HP001826FAM;Atualizado;09/08/2025;7669217646;57433655047;Colina das Bruxas;RS;08/2020
1001;828433782;Tiago Carlus Flitwick Black;03/03/1953;Beco do Salgueiro Lutador, 806 - Apto 1;Recanto do Caldeirão;95464984;Lílian Evelina Flitwick Black;Bloqueado;88 - BPC Idoso;Colina das Bruxas;RS;HP001826FAM;Atualizado;09/08/2025;3497550012;34781919121;Colina das Bruxas;RS;01/2022
1002;030663236;Filch Hooch Bagman;20/04/1957;Alameda Dona do Quatro Privet Drive, 926;Jardim Hogsmeade;53825605;Padma Hooch Bagman;Suspenso;88 - BPC Idoso;Hogsmeade;MG;HP001828FAM;Desatualizado;23/10/2023;8670636539;91518940686;Hogsmeade;MG;08/2020
1003;261196774;Cornélio Johnson;07/07/1961;Avenida Dona da Corvinal, 673 - Sobrado;Núcleo Hogwarts;23551301;Ninfadora Johnson;Suspenso;88 - BPC Idoso;Rio das Sereias;PA;HP001830FAM;Desatualizado;11/02/2021;5925490343;26228065315;Rio das Sereias;PA;11/2026
1004;583437853;Estêvão Cornelius Johnson;05/11/1951;Avenida Dona da Corvinal, 673 - Sobrado;Núcleo Hogwarts;23551301;Ninfadora Johnson;Ativo;88 - BPC Idoso;Rio das Sereias;PA;HP001830FAM;Desatualizado;11/02/2021;5935638162;59416465850;Rio das Sereias;PA;07/2024
1005;124396106;Pansy Hagrid Brown;14/09/2012;Alameda Prof. do Salgueiro Lutador, 110 - Sobrado;Recanto do Caldeirão;72444344;Susana Hagrid Brown;Bloqueado;87 - BPC Pessoa com Deficiência;Fenda da Serpente;BA;HP001831FAM;Atualizado;07/08/2025;5124610846;;Fenda da Serpente;BA;05/2024
1006;937661427;Arthur Septimus Malfoy Scrimgeour;06/04/1976;Alameda dos Trouxas, 284;Recanto dos Centauros;20672973;Molly Prewett Malfoy Scrimgeour;Cessado;87 - BPC Pessoa com Deficiência;Vau das Poções;SC;HP001833FAM;Atualizado;21/12/2024;9578866974;55233270003;Vau das Poções;SC;12/2020
1007;221792142;Miguel Malfoy Scrimgeour;21/06/1951;Alameda dos Trouxas, 284;Recanto dos Centauros;20672973;Molly Prewett Malfoy Scrimgeour;Cessado;88 - BPC Idoso;Vau das Poções;SC;HP001833FAM;Atualizado;21/12/2024;9726596940;53340728531;Vau das Poções;SC;09/2026
1008;720538937;Amos Carmichael Vector;07/01/1944;Viela Prof. Fenícia, 377;Vila Corvinal;48421887;Lílian Evelina Carmichael Vector;Ativo;87 - BPC Pessoa com Deficiência;Colina das Bruxas;RS;HP001834FAM;Desatualizado;01/10/2022;7314460513;32802573879;Colina das Bruxas;RS;11/2021
1009;304792785;Teodoro Dearborn;23/09/1995;Rua da Floresta Proibida, 933;Vila Corvinal;16324904;Andrômeda Dearborn;Ativo;87 - BPC Pessoa com Deficiência;Fenda da Serpente;BA;HP001837FAM;Atualizado;01/05/2026;3262370670;04528566634;Fenda da Serpente;BA;08/2024
1010;897393337;Antônio Parkinson Creevey;11/04/2004;Avenida Dona da Corvinal, 824;Setor Mágico;78774258;Molly Prewett Parkinson Creevey;Suspenso;87 - BPC Pessoa com Deficiência;Vale do Godric;SP;HP001842FAM;Desatualizado;18/04/2024;8592540838;90067972351;Vau das Poções;SC;08/2024
1011;130509839;Angelina Parkinson Creevey;23/04/1943;Avenida Dona da Corvinal, 824;Setor Mágico;78774258;Molly Prewett Parkinson Creevey;Ativo;88 - BPC Idoso;Vale do Godric;SP;HP001842FAM;Desatualizado;18/04/2024;3541665770;15777367109;Baía do Caldeirão;CE;04/2025
1012;809244935;Cedrico Boot Goyle;09/07/2020;Viela Dona dos Duendes, 658;Recanto dos Centauros;56373258;Parvati Boot Goyle;Ativo;87 - BPC Pessoa com Deficiência;Vila Trouxinha;RJ;HP001843FAM;Atualizado;25/11/2025;1265122772;;Vila Trouxinha;RJ;11/2025
1013;006489820;Alvo Percival McGonagall Goldstein;01/01/1957;Viela Mestre da Corvinal, 707 - Apto 1;Recanto dos Centauros;01151660;Muriel McGonagall Goldstein;Ativo;88 - BPC Idoso;Vau das Poções;SC;HP001844FAM;Atualizado;06/09/2022;3316359072;31021273204;Campo dos Centauros;GO;03/2026
1014;136601193;Pedro Fawcett;16/05/1961;Praça Mestre da Lufa-Lufa, 188 - Apto 1;Vila Weasley;27312262;Charity Fawcett;Ativo;88 - BPC Idoso;Vila Trouxinha;RJ;HP001847FAM;Atualizado;02/08/2025;7181666580;19635889679;Vila Trouxinha;RJ;05/2022
1015;267512055;Rufus Fawcett;16/01/1967;Praça Mestre da Lufa-Lufa, 188 - Apto 1;Vila Weasley;27312262;Charity Fawcett;Ativo;87 - BPC Pessoa com Deficiência;Vila Trouxinha;RJ;HP001847FAM;Atualizado;02/08/2025;6904229057;48726973671;Vila Trouxinha;RJ;05/2025
1016;049478656;Astória Diggle;22/03/1961;Rua Sr. Beco Diagonal, 429;Jardim Hogsmeade;49272730;Fleur Diggle;Bloqueado;88 - BPC Idoso;Fenda da Serpente;BA;HP001848FAM;Atualizado;01/02/2025;5576878873;75344079748;Fenda da Serpente;BA;01/2024
1017;042225848;Estêvão Cornelius Chang Brown;11/08/1952;Rua Sr. dos Elfos Domésticos, 285 - Casa;Setor Mágico;70839060;Luna Chang Brown;Ativo;87 - BPC Pessoa com Deficiência;Vau das Poções;SC;HP001853FAM;Atualizado;10/12/2023;2743445026;62486735272;Vau das Poções;SC;11/2020
1018;903105733;Fleur Chang Brown;23/12/1958;Rua Sr. dos Elfos Domésticos, 285 - Casa;Setor Mágico;70839060;Luna Chang Brown;Ativo;88 - BPC Idoso;Vau das Poções;SC;HP001853FAM;Atualizado;10/12/2023;3209522465;36239298752;Campo dos Centauros;GO;10/2020
1019;536872052;Miguel Potter;13/06/1958;Rua Mestre dos Dementadores Vencidos, 38 - Sobrado;Núcleo Hogwarts;14133900;Lavínia Potter;Ativo;88 - BPC Idoso;Fenda da Serpente;BA;HP001855FAM;Desatualizado;03/06/2026;6113358973;71053663974;Fenda da Serpente;BA;10/2020
1020;057138309;Angelina Slughorn;27/06/1970;Praça Sr. dos Trouxas, 416 - Sobrado;Parque das Varinhas;17641153;Cho Slughorn;Ativo;87 - BPC Pessoa com Deficiência;Hogsmeade;MG;HP001856FAM;Atualizado;30/11/2025;0963960740;05201724500;Hogsmeade;MG;09/2020
1021;325789479;Dafne Brown;01/11/1967;Praça Sr. dos Duendes, 9 - Sobrado;Vila Corvinal;89962582;Parvati Brown;Ativo;87 - BPC Pessoa com Deficiência;Baía do Caldeirão;CE;HP001857FAM;Atualizado;01/06/2025;1091173610;93977209100;Baía do Caldeirão;CE;09/2025
1022;415335981;Angelina Riddle Parkinson;20/06/1981;Beco Mestre dos Sonhadores, 9 - Casa;Recanto do Caldeirão;24986077;Ninfadora Riddle Parkinson;Ativo;87 - BPC Pessoa com Deficiência;Colina das Bruxas;RS;HP001858FAM;Atualizado;23/12/2025;7606525696;56275490417;Colina das Bruxas;RS;09/2024
1023;600853610;Popy Crabbe Lovegood;23/03/1951;Alameda Prof. da Lufa-Lufa, 635 - Apto 1;Recanto do Caldeirão;15005210;Andrômeda Crabbe Lovegood;Ativo;87 - BPC Pessoa com Deficiência;Baía do Caldeirão;CE;HP001860FAM;Desatualizado;07/12/2026;0026492457;06603434790;Baía do Caldeirão;CE;01/2020
1024;870180215;Tiago Carlus Prewett Potter;08/09/1969;Alameda do Torneio Tribruxo, 827;Jardim Lufa-Lufa;49205548;Cho Prewett Potter;Ativo;87 - BPC Pessoa com Deficiência;Rio das Sereias;PA;HP001861FAM;Desatualizado;27/09/2025;2758916414;09682011133;Porto dos Duendes;PE;12/2022
1025;935887746;Fred Diggle;06/10/1940;Beco Mestre dos Sonhadores, 52 - Apto 1;Recanto dos Centauros;56392285;Merope Diggle;Suspenso;88 - BPC Idoso;Serra da Coruja;PR;HP001862FAM;Desatualizado;04/12/2026;4760679214;14894058443;Serra da Coruja;PR;02/2026
1026;317787020;Pomona Abbott Bell;07/12/1961;Viela Prof. dos Elfos Domésticos, 289 - Casa;Núcleo Hogwarts;05018683;Hermione Jane Abbott Bell;Ativo;88 - BPC Idoso;Vau das Poções;SC;HP001863FAM;Desatualizado;26/04/2026;3475445218;82308162395;Vau das Poções;SC;11/2026
1027;271361387;Pedro Corner;18/03/1988;Viela Travessa do Tranco, 198 - Casa;Vila Trouxa;50961683;Romilda Corner;Ativo;87 - BPC Pessoa com Deficiência;Campo dos Centauros;GO;HP001866FAM;Desatualizado;21/03/2026;8862183361;15361013464;Campo dos Centauros;GO;07/2020
1028;186649421;Dolores Jane Nott Carmichael;09/11/1958;Alameda Dona das Vassouras Voadoras, 293 - Casa;Recanto do Caldeirão;08865464;Padma Nott Carmichael;Cessado;88 - BPC Idoso;Rio das Sereias;PA;HP001872FAM;Desatualizado;20/05/2025;7957979263;72228229258;Rio das Sereias;PA;10/2023
1029;186943584;Emelina Thomas Slughorn;18/09/1980;Avenida dos Alfeineiros, 683 - Casa;Vila Corvinal;45348441;Muriel Thomas Slughorn;Bloqueado;87 - BPC Pessoa com Deficiência;Vale do Godric;SP;HP001877FAM;Desatualizado;11/11/2025;0353904271;65021226123;Vale do Godric;SP;09/2023
1030;382270417;Hannah Thomas Slughorn;06/07/1942;Avenida dos Alfeineiros, 683 - Casa;Vila Corvinal;45348441;Muriel Thomas Slughorn;Ativo;88 - BPC Idoso;Vale do Godric;SP;HP001877FAM;Desatualizado;11/11/2025;1997631814;35389062467;Vale do Godric;SP;07/2023
1031;104165126;Angelina McGonagall;08/10/1989;Avenida Dona Beco Diagonal, 922 - Casa;Bairro dos Duendes;20254715;Dafne McGonagall;Ativo;87 - BPC Pessoa com Deficiência;Vale do Godric;SP;HP001878FAM;Atualizado;31/10/2026;8167618089;91703619326;Vale do Godric;SP;09/2025
1032;667698711;Estúrgio Goldstein;25/03/1971;Rua Beco Diagonal, 379 - Fundos;Vila das Bruxas;31124643;Rita Goldstein;Ativo;87 - BPC Pessoa com Deficiência;Vila Trouxinha;RJ;HP001880FAM;Desatualizado;25/07/2022;1008434341;93450130406;Monte Fênix;ES;02/2021
1033;420792951;Alvo Percival Patil;11/05/2005;Praça Dona do Caldeirão Furado, 431 - Sobrado;Vila das Bruxas;32061999;Romilda Patil;Ativo;87 - BPC Pessoa com Deficiência;Serra da Coruja;PR;HP001881FAM;Desatualizado;03/06/2025;7933763472;95424929280;Serra da Coruja;PR;02/2026
1034;492648421;Carlinhos Patil;01/10/1983;Praça Dona do Caldeirão Furado, 431 - Sobrado;Vila das Bruxas;32061999;Romilda Patil;Suspenso;87 - BPC Pessoa com Deficiência;Serra da Coruja;PR;HP001881FAM;Desatualizado;03/06/2025;5248785460;96886688266;Serra da Coruja;PR;06/2024
1035;413046792;Alícia Patil;20/07/1987;Praça Dona do Caldeirão Furado, 431 - Sobrado;Vila das Bruxas;32061999;Romilda Patil;Ativo;87 - BPC Pessoa com Deficiência;Serra da Coruja;PR;HP001881FAM;Desatualizado;03/06/2025;1211785386;64807962844;Serra da Coruja;PR;03/2025
1036;641692239;Carlota Patil;02/08/2004;Praça Dona do Caldeirão Furado, 431 - Sobrado;Vila das Bruxas;32061999;Romilda Patil;Ativo;87 - BPC Pessoa com Deficiência;Serra da Coruja;PR;HP001881FAM;Desatualizado;03/06/2025;1071862419;59541671174;Serra da Coruja;PR;05/2023
1037;236050804;Ninfadora Hooch;13/02/1960;Avenida Mestre das Chaves de Voo, 910;Setor Mágico;08281969;Pansy Hooch;Ativo;88 - BPC Idoso;Hogsmeade;MG;HP001885FAM;Atualizado;09/07/2022;0082970993;00532822729;Hogsmeade;MG;08/2020
1038;117903541;Dolores Jane Hooch;27/03/1956;Avenida Mestre das Chaves de Voo, 910;Setor Mágico;08281969;Pansy Hooch;Ativo;88 - BPC Idoso;Hogsmeade;MG;HP001885FAM;Atualizado;09/07/2022;1632193947;09741518238;Hogsmeade;MG;12/2026
1039;592769565;Draco Lúcio Scrimgeour;11/08/1980;Viela da Corvinal, 178 - Fundos;Núcleo Hogwarts;73326572;Emelina Scrimgeour;Bloqueado;87 - BPC Pessoa com Deficiência;Vale do Godric;SP;HP001886FAM;Atualizado;19/07/2023;1556559411;93564793995;Vale do Godric;SP;12/2020
1040;171104274;Marieta Potter Jordan;22/10/2000;Praça do Salgueiro Lutador, 236 - Sobrado;Vila Corvinal;13911190;Lavínia Potter Jordan;Suspenso;87 - BPC Pessoa com Deficiência;Porto dos Duendes;PE;HP001889FAM;Desatualizado;24/07/2023;2189780555;35983503921;Porto dos Duendes;PE;11/2024
1041;609213404;Dafne Macmillan Prewett;11/08/1939;Alameda dos Alfeineiros, 265 - Casa;Núcleo Hogwarts;40037854;Parvati Macmillan Prewett;Cessado;88 - BPC Idoso;Fenda da Serpente;BA;HP001891FAM;Atualizado;01/09/2025;8068566551;72870444715;Fenda da Serpente;BA;08/2026
1042;730459375;Sibila Macmillan;16/03/1958;Beco Sr. dos Elfos Domésticos, 62 - Casa;Setor São Mungo;15121315;Dolores Jane Macmillan;Ativo;88 - BPC Idoso;Rio das Sereias;PA;HP001894FAM;Atualizado;17/10/2026;2590732339;01956266563;Rio das Sereias;PA;07/2020
1043;447981399;Gina Molly Finch-Fletchley Spinnet;14/09/1984;Viela Mestre do Expresso de Hogwarts, 97 - Sobrado;Conjunto Grifinória;90424758;Katie Finch-Fletchley Spinnet;Suspenso;87 - BPC Pessoa com Deficiência;Rio das Sereias;PA;HP001896FAM;Atualizado;10/04/2026;6516468293;68056766149;Rio das Sereias;PA;02/2022
1044;773641279;Hermione Jane Lestrange Flitwick;18/12/2005;Rua do Quatro Privet Drive, 7 - Casa;Vila Sonserina;47716308;Rita Lestrange Flitwick;Cessado;87 - BPC Pessoa com Deficiência;Baía do Caldeirão;CE;HP001897FAM;Atualizado;28/06/2025;3697173242;21541917700;Baía do Caldeirão;CE;03/2023
1045;042228490;Estêvão Cornelius Diggle;04/04/1940;Avenida Sr. da Sonserina, 795;Vila das Bruxas;18990879;Hannah Diggle;Ativo;88 - BPC Idoso;Vila Trouxinha;RJ;HP001901FAM;Desatualizado;23/11/2024;8932866297;92541878013;Vila Trouxinha;RJ;06/2020
1046;202701785;Harry Tiago Black;20/11/1959;Praça Mestre de Hogsmeade, 740 - Fundos;Vila Weasley;85480282;Sibila Black;Suspenso;88 - BPC Idoso;Porto dos Duendes;PE;HP001902FAM;Atualizado;04/04/2026;6164929037;42786420089;Porto dos Duendes;PE;01/2022
1047;041121926;Justino Corner;17/03/1961;Travessa Dona das Vassouras Voadoras, 184 - Fundos;Núcleo Hogwarts;40717540;Pomona Corner;Suspenso;88 - BPC Idoso;Porto dos Duendes;PE;HP001903FAM;Atualizado;08/09/2026;8904974420;36140887400;Porto dos Duendes;PE;12/2026
1048;575871527;Alícia McGonagall Lestrange;03/11/1975;Beco Prof. Travessa do Tranco, 91 - Fundos;Colônia Fenda da Serpente;14146210;Popy McGonagall Lestrange;Ativo;87 - BPC Pessoa com Deficiência;Vale do Godric;SP;HP001904FAM;Desatualizado;19/09/2024;1678097203;70754722835;Vale do Godric;SP;01/2026
1049;949157801;Estêvão Carmichael Filch;23/06/1957;Viela Sr. da Pedra Filosofal, 472 - Apto 1;Recanto dos Centauros;57688029;Andrômeda Carmichael Filch;Ativo;88 - BPC Idoso;Porto dos Duendes;PE;HP001905FAM;Desatualizado;23/06/2024;4907620025;64592697424;Porto dos Duendes;PE;01/2022
1050;982903050;Wilhelmina Creevey;18/09/1955;Travessa Prof. da Lufa-Lufa, 462;Núcleo Hogwarts;21634945;Emelina Creevey;Ativo;88 - BPC Idoso;Hogsmeade;MG;HP001906FAM;Desatualizado;28/06/2024;9459269439;78607498742;Hogsmeade;MG;12/2025
1051;930171266;Bilius Malfoy;04/08/1938;Avenida Prof. Beco Diagonal, 866 - Casa;Vila Sonserina;84479796;Cho Malfoy;Ativo;88 - BPC Idoso;Baía do Caldeirão;CE;HP001907FAM;Atualizado;07/08/2026;3761599360;53490639284;Baía do Caldeirão;CE;07/2020
1052;583345279;Severo Tobias Crabbe;18/05/1956;Rua Dona das Varinhas, 914 - Sobrado;Setor Mágico;05229992;Gemma Crabbe;Ativo;88 - BPC Idoso;Monte Fênix;ES;HP001909FAM;Atualizado;01/06/2023;0487993676;99005808343;Monte Fênix;ES;07/2023
1053;014425140;Rita Granger;23/02/1936;Beco Dona da Sonserina, 679 - Casa;Vila Corvinal;92202917;Lílian Evelina Granger;Ativo;88 - BPC Idoso;Monte Fênix;ES;HP001913FAM;Atualizado;21/10/2023;2960560505;99262577631;Monte Fênix;ES;12/2026
1054;059761726;Dino Bones;26/05/2021;Rua Prof. dos Centauros, 652 - Fundos;Núcleo Hogwarts;73707364;Rita Bones;Bloqueado;87 - BPC Pessoa com Deficiência;Baía do Caldeirão;CE;HP001917FAM;Desatualizado;28/06/2026;9513242678;;Hogsmeade;MG;09/2020
1055;299907649;Astória Crabbe Abbott;01/09/1959;Avenida Sr. das Corujas, 230 - Sobrado;Vila das Bruxas;38135709;Charity Crabbe Abbott;Ativo;88 - BPC Idoso;Rio das Sereias;PA;HP001918FAM;Atualizado;01/10/2023;8851963957;37270249412;Rio das Sereias;PA;04/2024
1056;930763332;Carlota Krum Black;06/05/1942;Viela Mestre dos Alfeineiros, 745 - Fundos;Jardim Hogsmeade;46599064;Popy Krum Black;Cessado;88 - BPC Idoso;Vau das Poções;SC;HP001924FAM;Desatualizado;01/02/2023;9522880602;34847642794;Vau das Poções;SC;05/2025
1057;834513491;Estêvão Lestrange Pince;25/01/1942;Travessa Prof. Fenícia, 839 - Fundos;Setor Mágico;06103719;Sibila Lestrange Pince;Ativo;88 - BPC Idoso;Vila Trouxinha;RJ;HP001925FAM;Desatualizado;20/05/2021;4249194923;39227965326;Vila Trouxinha;RJ;07/2026
1058;470304807;George Jordan;21/02/1945;Travessa Dona dos Elfos Domésticos, 421 - Sobrado;Conjunto Grifinória;93198910;Millicent Jordan;Ativo;88 - BPC Idoso;Colina das Bruxas;RS;HP001926FAM;Desatualizado;01/12/2026;3506644780;64209159021;Colina das Bruxas;RS;02/2024
1059;510410974;Teodoro Flitwick;02/11/1995;Beco Dona das Varinhas, 243 - Apto 1;Conjunto Grifinória;61013951;Astória Flitwick;Cessado;87 - BPC Pessoa com Deficiência;Vau das Poções;SC;HP001928FAM;Desatualizado;17/07/2022;8246682686;15231700698;Vau das Poções;SC;04/2022
1060;581144466;Harry Tiago Black;01/10/1997;Travessa Prof. do Salgueiro Lutador, 11 - Fundos;Parque das Varinhas;16818774;Rita Black;Suspenso;87 - BPC Pessoa com Deficiência;Porto dos Duendes;PE;HP001934FAM;Desatualizado;07/11/2026;2023968086;94627122393;Porto dos Duendes;PE;05/2023
1061;229338619;Cedrico Weasley;24/02/1960;Viela dos Trouxas, 755 - Fundos;Parque das Varinhas;66996452;Belatriz Lestrange Weasley;Ativo;88 - BPC Idoso;Vale do Godric;SP;HP001935FAM;Desatualizado;04/04/2024;3301586828;57239080739;Vale do Godric;SP;06/2025
1062;672212106;Rúben Weasley;21/09/1949;Viela dos Trouxas, 755 - Fundos;Parque das Varinhas;66996452;Belatriz Lestrange Weasley;Bloqueado;88 - BPC Idoso;Vale do Godric;SP;HP001935FAM;Desatualizado;04/04/2024;8950305224;13507627845;Vale do Godric;SP;12/2022
1063;135108156;Horácio Filch Trelawney;27/12/1960;Rua Dona das Varinhas, 372 - Apto 1;Vila Weasley;47187864;Pomona Filch Trelawney;Ativo;88 - BPC Idoso;Fenda da Serpente;BA;HP001936FAM;Atualizado;07/06/2025;8571043548;89825880787;Fenda da Serpente;BA;10/2026
1064;523423498;Cornélio Carmichael Delacour;07/08/2020;Travessa Mestre da Corvinal, 808 - Apto 1;Jardim Hogsmeade;67976098;Gemma Carmichael Delacour;Ativo;87 - BPC Pessoa com Deficiência;Vau das Poções;SC;HP001938FAM;Desatualizado;14/09/2026;3010668350;;Vau das Poções;SC;07/2026
1065;701612615;Elpídio Carmichael Delacour;27/07/1958;Travessa Mestre da Corvinal, 808 - Apto 1;Jardim Hogsmeade;67976098;Gemma Carmichael Delacour;Ativo;88 - BPC Idoso;Vau das Poções;SC;HP001938FAM;Desatualizado;14/09/2026;1619400735;31700865456;Vau das Poções;SC;05/2023
1066;071101909;Parvati Longbottom Riddle;09/05/1990;Avenida da Sonserina, 775 - Fundos;Bairro dos Duendes;98251268;Ninfadora Longbottom Riddle;Ativo;87 - BPC Pessoa com Deficiência;Rio das Sereias;PA;HP001943FAM;Atualizado;23/08/2026;0374952134;48186980837;Rio das Sereias;PA;06/2024
1067;495797874;Colin Corner Meadowes;10/07/1968;Praça Sr. da Sonserina, 412;Colônia Fenda da Serpente;60968505;Alícia Corner Meadowes;Suspenso;87 - BPC Pessoa com Deficiência;Serra da Coruja;PR;HP001945FAM;Atualizado;26/04/2025;8870348887;38274733905;Serra da Coruja;PR;03/2022
1068;479707465;Oliver Tonks Lupin;14/04/1956;Alameda Sr. dos Alfeineiros, 752 - Sobrado;Vila Weasley;60649064;Fernanda Tonks Lupin;Ativo;88 - BPC Idoso;Baía do Caldeirão;CE;HP001950FAM;Desatualizado;08/01/2021;3267595239;17719787836;Baía do Caldeirão;CE;11/2023
1069;826194262;Verônica Tonks Lupin;12/06/1972;Alameda Sr. dos Alfeineiros, 752 - Sobrado;Vila Weasley;60649064;Fernanda Tonks Lupin;Suspenso;87 - BPC Pessoa com Deficiência;Baía do Caldeirão;CE;HP001950FAM;Desatualizado;08/01/2021;0567444401;56030635305;Vale do Godric;SP;10/2026
1070;806228529;George Snape Abbott;21/03/1949;Praça Dona da Sala Precisa, 153;Vila Trouxa;86841731;Popy Snape Abbott;Ativo;88 - BPC Idoso;Monte Fênix;ES;HP001953FAM;Desatualizado;09/08/2026;1684252205;93422613377;Vau das Poções;SC;12/2020
1071;977631231;Alastor Dearborn Diggle;19/05/1981;Avenida dos Alfeineiros, 610 - Fundos;Vila Corvinal;74669692;Padma Dearborn Diggle;Suspenso;87 - BPC Pessoa com Deficiência;Rio das Sereias;PA;HP001956FAM;Atualizado;19/06/2026;5082526683;86210459311;Vila Trouxinha;RJ;01/2026
1072;012188040;Dafne Bell Slughorn;02/02/1949;Rua Dona do Torneio Tribruxo, 986;Conjunto Grifinória;84459640;Charity Bell Slughorn;Bloqueado;87 - BPC Pessoa com Deficiência;Fenda da Serpente;BA;HP001958FAM;Desatualizado;01/04/2024;5932281522;07081060805;Fenda da Serpente;BA;08/2020
1073;438689685;Percy Ignácio Dumbledore;16/07/1975;Praça Dona Travessa do Tranco, 842 - Apto 1;Núcleo Hogwarts;83043272;Pomona Dumbledore;Ativo;87 - BPC Pessoa com Deficiência;Rio das Sereias;PA;HP001959FAM;Desatualizado;17/03/2024;3950068481;21830073705;Rio das Sereias;PA;12/2020
1074;318760171;Bilius Trelawney;09/01/1982;Viela Prof. das Poções, 687 - Sobrado;Vila Corvinal;17427205;Gemma Trelawney;Cessado;87 - BPC Pessoa com Deficiência;Rio das Sereias;PA;HP001961FAM;Desatualizado;12/04/2025;7058447134;75511737497;Rio das Sereias;PA;08/2023
1075;277501370;Padma Vance;15/07/1955;Avenida Dona das Chaves de Voo, 548 - Apto 1;Núcleo Hogwarts;37515030;Gemma Vance;Ativo;88 - BPC Idoso;Campo dos Centauros;GO;HP001962FAM;Desatualizado;07/12/2024;2509971002;24074768911;Campo dos Centauros;GO;01/2026
1076;816936021;Fernanda Longbottom;24/11/1995;Travessa Dona das Poções, 30 - Apto 1;Núcleo Hogwarts;14816094;Verônica Longbottom;Bloqueado;87 - BPC Pessoa com Deficiência;Campo dos Centauros;GO;HP001964FAM;Atualizado;14/05/2025;3385045985;30473340487;Campo dos Centauros;GO;07/2024
1077;811369866;Lílian Evelina Flitwick;01/09/1975;Rua das Poções, 758 - Sobrado;Setor São Mungo;71321129;Fernanda Flitwick;Bloqueado;87 - BPC Pessoa com Deficiência;Monte Fênix;ES;HP001965FAM;Desatualizado;25/10/2026;0528807172;76899225704;Monte Fênix;ES;01/2025
1078;929611641;Ninfadora Flitwick;06/09/1940;Rua das Poções, 758 - Sobrado;Setor São Mungo;71321129;Fernanda Flitwick;Ativo;88 - BPC Idoso;Monte Fênix;ES;HP001965FAM;Desatualizado;25/10/2026;9646045708;45502444107;Monte Fênix;ES;12/2025
1079;822823488;Marcus Flitwick;28/01/1943;Rua das Poções, 758 - Sobrado;Setor São Mungo;71321129;Fernanda Flitwick;Ativo;88 - BPC Idoso;Monte Fênix;ES;HP001965FAM;Desatualizado;25/10/2026;6981957799;06110548411;Monte Fênix;ES;02/2020
1080;083325327;Estêvão Cornelius Dearborn;03/09/1989;Travessa Dona do Quatro Privet Drive, 781 - Sobrado;Jardim Lufa-Lufa;65916192;Narcisa Dearborn;Ativo;87 - BPC Pessoa com Deficiência;Vila Trouxinha;RJ;HP001966FAM;Desatualizado;25/10/2024;6733982642;07590256491;Vale do Godric;SP;11/2021
1081;587301056;Cho Fenwick Johnson;02/07/1947;Alameda Prof. dos Sonhadores, 156 - Apto 1;Vila Corvinal;12927240;Hannah Fenwick Johnson;Ativo;88 - BPC Idoso;Colina das Bruxas;RS;HP001977FAM;Atualizado;01/02/2025;0740529852;66540997611;Colina das Bruxas;RS;04/2025
1082;930667351;Narcisa Tonks;23/08/1964;Alameda Sr. dos Centauros, 558 - Apto 1;Vila Trouxa;14672474;Aurora Tonks;Suspenso;87 - BPC Pessoa com Deficiência;Serra da Coruja;PR;HP001983FAM;Atualizado;04/08/2024;9994258982;79294307317;Baía do Caldeirão;CE;05/2021
1083;966218962;Antônio Shacklebolt;25/01/1960;Alameda Prof. dos Sonhadores, 403 - Apto 1;Vila Weasley;65778380;Fernanda Shacklebolt;Cessado;88 - BPC Idoso;Hogsmeade;MG;HP001987FAM;Atualizado;03/02/2025;7512798809;13134481096;Hogsmeade;MG;10/2026
1084;111082202;Tiago Carlus Shacklebolt;07/08/1954;Alameda Prof. dos Sonhadores, 403 - Apto 1;Vila Weasley;65778380;Fernanda Shacklebolt;Ativo;88 - BPC Idoso;Hogsmeade;MG;HP001987FAM;Atualizado;03/02/2025;5491789514;06707371439;Hogsmeade;MG;03/2023
1085;370518937;Ariana Lestrange;18/12/1998;Avenida Prof. das Bruxas Sábias, 711 - Casa;Vila Sonserina;87794421;Aurora Lestrange;Ativo;87 - BPC Pessoa com Deficiência;Baía do Caldeirão;CE;HP001988FAM;Desatualizado;30/01/2026;3829860759;41628479837;Baía do Caldeirão;CE;07/2026
1086;201298165;Elpídio Fudge;15/07/1992;Alameda dos Duendes, 42 - Casa;Recanto dos Centauros;88415429;Verônica Fudge;Suspenso;87 - BPC Pessoa com Deficiência;Vau das Poções;SC;HP001993FAM;Desatualizado;27/06/2026;3269265653;95209052865;Vau das Poções;SC;04/2020
1087;292321902;Percy Ignácio Boot Wood;27/02/1999;Viela das Corujas, 685 - Sobrado;Parque das Varinhas;32208878;Verônica Boot Wood;Cessado;87 - BPC Pessoa com Deficiência;Colina das Bruxas;RS;HP001994FAM;Desatualizado;14/09/2026;0438270912;20860480920;Colina das Bruxas;RS;02/2023
1088;555603498;Popy Hooch Snape;05/01/1960;Rua Sr. da Sala Precisa, 908 - Sobrado;Parque das Varinhas;73631043;Dafne Hooch Snape;Suspenso;88 - BPC Idoso;Vau das Poções;SC;HP001997FAM;Desatualizado;12/07/2023;9767904509;42558093561;Vau das Poções;SC;04/2025
1089;030162760;Pomona Burbage;21/04/1951;Alameda Sr. da Lufa-Lufa, 399 - Fundos;Vila Sonserina;16302321;Gemma Burbage;Bloqueado;88 - BPC Idoso;Serra da Coruja;PR;HP001998FAM;Atualizado;24/04/2026;1246496335;17875474427;Serra da Coruja;PR;08/2021
1090;756560422;Romilda Crabbe;13/03/1938;Praça Mestre do Torneio Tribruxo, 646 - Apto 1;Jardim Lufa-Lufa;94324693;Rita Crabbe;Ativo;88 - BPC Idoso;Rio das Sereias;PA;HP002000FAM;Desatualizado;24/08/2023;5486309967;92015399164;Rio das Sereias;PA;11/2025
1091;788060132;Popy Vance Moody;17/01/1957;Travessa Sr. Fenícia, 730 - Fundos;Núcleo Hogwarts;48928164;Millicent Vance Moody;Ativo;88 - BPC Idoso;Baía do Caldeirão;CE;HP002001FAM;Atualizado;22/12/2024;5094379531;65205560688;Serra da Coruja;PR;05/2020
1092;602140024;Sirius Orion Riddle Vance;15/10/1961;Beco Dona das Vassouras Voadoras, 611 - Apto 1;Núcleo Hogwarts;56021719;Emelina Riddle Vance;Bloqueado;88 - BPC Idoso;Fenda da Serpente;BA;HP002004FAM;Desatualizado;16/06/2024;4835923432;52054161494;Fenda da Serpente;BA;01/2025
1093;254806924;Ernesto Bagman Bones;26/06/1970;Viela das Chaves de Voo, 762;Conjunto Grifinória;28575369;Dolores Jane Bagman Bones;Ativo;87 - BPC Pessoa com Deficiência;Fenda da Serpente;BA;HP002005FAM;Atualizado;04/06/2026;5931840138;00743105264;Fenda da Serpente;BA;03/2020
1094;246677612;Luna Black Crouch;28/04/1979;Avenida Sr. dos Feiticeiros, 458 - Casa;Parque das Varinhas;81487409;Pomona Black Crouch;Suspenso;87 - BPC Pessoa com Deficiência;Colina das Bruxas;RS;HP002010FAM;Desatualizado;24/01/2026;8220965386;79658856033;Colina das Bruxas;RS;07/2023
1095;733457895;Bathsheda Black Crouch;04/06/2000;Avenida Sr. dos Feiticeiros, 458 - Casa;Parque das Varinhas;81487409;Pomona Black Crouch;Bloqueado;87 - BPC Pessoa com Deficiência;Colina das Bruxas;RS;HP002010FAM;Desatualizado;24/01/2026;3718393221;07938815441;Colina das Bruxas;RS;05/2026
1096;594863324;Argos Malfoy Corner;12/01/1959;Avenida Prof. Travessa do Tranco, 596 - Sobrado;Núcleo Hogwarts;55193245;Muriel Malfoy Corner;Suspenso;88 - BPC Idoso;Baía do Caldeirão;CE;HP002016FAM;Desatualizado;18/08/2026;8313339662;42645188815;Baía do Caldeirão;CE;06/2025
1097;849934302;Harry Tiago Fudge Bagman;06/11/2016;Praça Prof. de Hogsmeade, 529 - Fundos;Conjunto Grifinória;58893082;Romilda Fudge Bagman;Cessado;87 - BPC Pessoa com Deficiência;Fenda da Serpente;BA;HP002018FAM;Desatualizado;17/05/2025;3682758061;;Fenda da Serpente;BA;08/2023
1098;696366606;Oliver Fudge Vector;23/12/1941;Viela Prof. do Torneio Tribruxo, 960 - Sobrado;Recanto dos Centauros;58932446;Padma Fudge Vector;Suspenso;88 - BPC Idoso;Monte Fênix;ES;HP002024FAM;Desatualizado;10/07/2025;3632509326;26372627374;Monte Fênix;ES;01/2022
1099;940971045;Bathsheda Pince;10/03/1972;Avenida do Torneio Tribruxo, 134;Recanto dos Centauros;06873732;Susana Pince;Ativo;87 - BPC Pessoa com Deficiência;Colina das Bruxas;RS;HP002028FAM;Desatualizado;26/04/2024;4087855072;30020416293;Colina das Bruxas;RS;10/2026
1100;887335757;Molly Prewett Carmichael;11/07/2002;Travessa Prof. dos Duendes, 651;Recanto do Caldeirão;18901134;Andrômeda Carmichael;Suspenso;87 - BPC Pessoa com Deficiência;Colina das Bruxas;RS;HP002029FAM;Desatualizado;01/02/2025;9566448973;80705962526;Colina das Bruxas;RS;05/2026
1101;202847729;Justino Black Bones;21/08/2016;Praça Mestre dos Elfos Domésticos, 244;Vila Trouxa;90047553;Belatriz Lestrange Black Bones;Bloqueado;87 - BPC Pessoa com Deficiência;Campo dos Centauros;GO;HP002031FAM;Desatualizado;21/09/2023;5211833518;;Campo dos Centauros;GO;12/2023
1102;843426757;Aurora Wood;02/02/1992;Avenida Sr. do Salgueiro Lutador, 252 - Casa;Jardim Hogsmeade;16316280;Bathsheda Wood;Ativo;87 - BPC Pessoa com Deficiência;Rio das Sereias;PA;HP002032FAM;Desatualizado;04/06/2026;2812892643;98197046186;Rio das Sereias;PA;09/2024
1103;464513940;Fernanda Lupin;20/08/1989;Rua Sr. Beco Diagonal, 228 - Sobrado;Setor Mágico;71229007;Wilhelmina Lupin;Bloqueado;87 - BPC Pessoa com Deficiência;Rio das Sereias;PA;HP002034FAM;Atualizado;12/07/2025;6414445343;15650036081;Rio das Sereias;PA;02/2026
1104;412650300;Rolando Spinnet Carmichael;12/10/1948;Rua Prof. dos Feiticeiros, 234;Vila das Bruxas;44259838;Romilda Spinnet Carmichael;Ativo;88 - BPC Idoso;Hogsmeade;MG;HP002035FAM;Atualizado;08/03/2026;3307818860;12427660143;Hogsmeade;MG;11/2021
1105;809532988;Lavínia Hooch Flitwick;12/06/1998;Alameda Mestre das Corujas, 644 - Sobrado;Recanto do Caldeirão;49680479;Sibila Hooch Flitwick;Ativo;87 - BPC Pessoa com Deficiência;Monte Fênix;ES;HP002036FAM;Atualizado;08/06/2025;5362675959;09065622449;Monte Fênix;ES;12/2024
1106;597407744;Draco Lúcio Macmillan;04/12/1981;Travessa das Grifinórias, 57 - Casa;Jardim Lufa-Lufa;93666965;Lavínia Macmillan;Ativo;87 - BPC Pessoa com Deficiência;Vila Trouxinha;RJ;HP002038FAM;Desatualizado;28/10/2024;3833046928;70222949926;Vila Trouxinha;RJ;07/2025
1107;172143678;Harry Tiago Hooch Fawcett;11/07/1959;Viela Sr. da Corvinal, 37 - Casa;Vila Trouxa;37736924;Dafne Hooch Fawcett;Cessado;88 - BPC Idoso;Fenda da Serpente;BA;HP002039FAM;Atualizado;14/08/2026;3384293660;32432437939;Fenda da Serpente;BA;09/2022
1108;358099980;Popy Carmichael;28/01/1960;Alameda Mestre Travessa do Tranco, 832;Recanto do Caldeirão;17813431;Carlota Carmichael;Ativo;88 - BPC Idoso;Rio das Sereias;PA;HP002041FAM;Desatualizado;17/10/2025;8604274805;12855785468;Baía do Caldeirão;CE;06/2023
1109;656296860;Fábio Ademar Creevey Delacour;03/04/1990;Avenida Sr. dos Duendes, 632 - Sobrado;Vila Sonserina;00141736;Pomona Creevey Delacour;Ativo;87 - BPC Pessoa com Deficiência;Porto dos Duendes;PE;HP002043FAM;Atualizado;20/05/2026;7441016894;34911056844;Fenda da Serpente;BA;06/2020
1110;923091632;Alícia Trelawney;12/04/1948;Rua da Sala Precisa, 147 - Casa;Jardim Hogsmeade;16906414;Angelina Trelawney;Ativo;88 - BPC Idoso;Vau das Poções;SC;HP002046FAM;Atualizado;12/08/2026;8305510041;99884997871;Vau das Poções;SC;04/2025
1111;526632669;Cedrico Chang;06/08/1946;Travessa Dona do Quatro Privet Drive, 31 - Sobrado;Parque das Varinhas;25297050;Padma Chang;Ativo;88 - BPC Idoso;Colina das Bruxas;RS;HP002050FAM;Desatualizado;25/02/2024;8097869944;78451768501;Colina das Bruxas;RS;11/2025
1112;911372397;Andrômeda Patil;03/02/1988;Travessa Dona Fenícia, 22 - Apto 1;Jardim Hogsmeade;51315098;Gina Molly Patil;Ativo;87 - BPC Pessoa com Deficiência;Fenda da Serpente;BA;HP002052FAM;Desatualizado;26/10/2026;2404380603;87969619457;Fenda da Serpente;BA;08/2021
1113;549376384;Dolores Jane Black Meadowes;24/04/1958;Avenida Dona das Varinhas, 883 - Casa;Vila Corvinal;94266150;Petúnia Black Meadowes;Ativo;88 - BPC Idoso;Vau das Poções;SC;HP002053FAM;Desatualizado;10/05/2026;8312289962;99527832720;Porto dos Duendes;PE;07/2025
1114;763016321;Tiago Carlus Johnson Wood;19/05/1960;Praça Mestre das Corujas, 972 - Fundos;Parque das Varinhas;67618018;Fernanda Johnson Wood;Ativo;88 - BPC Idoso;Fenda da Serpente;BA;HP002056FAM;Atualizado;01/12/2024;1137867600;37052186200;Fenda da Serpente;BA;07/2020
1115;229496165;Pomona Lupin;25/11/1987;Travessa Mestre Beco Diagonal, 606;Vila Sonserina;62276075;Astória Lupin;Ativo;87 - BPC Pessoa com Deficiência;Fenda da Serpente;BA;HP002060FAM;Atualizado;08/09/2026;3544947820;78757158906;Fenda da Serpente;BA;04/2023
1116;268197972;Bathsheda Parkinson;04/01/1956;Alameda Sr. das Bruxas Sábias, 383;Vila Trouxa;98069492;Muriel Parkinson;Ativo;88 - BPC Idoso;Vale do Godric;SP;HP002061FAM;Desatualizado;04/06/2025;5161559720;84895794401;Vale do Godric;SP;01/2026
1117;406237735;Carlinhos Hooch;27/11/1979;Travessa Dona da Floresta Proibida, 836 - Apto 1;Conjunto Grifinória;55881395;Pansy Hooch;Ativo;87 - BPC Pessoa com Deficiência;Monte Fênix;ES;HP002063FAM;Desatualizado;15/05/2022;3864578767;29237706176;Monte Fênix;ES;12/2021
1118;735082693;Emelina Hooch;05/05/1971;Travessa Dona da Floresta Proibida, 836 - Apto 1;Conjunto Grifinória;55881395;Pansy Hooch;Ativo;87 - BPC Pessoa com Deficiência;Monte Fênix;ES;HP002063FAM;Desatualizado;15/05/2022;6276411924;59066359710;Monte Fênix;ES;03/2022
1119;022866485;Susana Chang;07/11/1961;Travessa Sr. do Salgueiro Lutador, 323 - Apto 1;Jardim Hogsmeade;66185521;Gina Molly Chang;Bloqueado;88 - BPC Idoso;Vau das Poções;SC;HP002064FAM;Desatualizado;20/07/2026;6990208951;04637478017;Vau das Poções;SC;06/2022
1120;656560922;Popy Flitwick;03/12/1954;Beco Prof. dos Trouxas, 104 - Sobrado;Parque das Varinhas;76463897;Aurora Flitwick;Suspenso;88 - BPC Idoso;Vau das Poções;SC;HP002065FAM;Atualizado;02/05/2024;8911213884;33585439603;Fenda da Serpente;BA;01/2021
1121;263573043;Seamus Slughorn;03/10/1964;Viela Dona dos Trouxas, 785;Núcleo Hogwarts;40005593;Angelina Slughorn;Cessado;87 - BPC Pessoa com Deficiência;Serra da Coruja;PR;HP002068FAM;Desatualizado;08/04/2025;5864282126;08693483450;Vila Trouxinha;RJ;07/2020
1122;460141236;Rúben Black Potter;20/06/1959;Rua Mestre dos Alfeineiros, 128;Vila das Bruxas;45918445;Belatriz Lestrange Black Potter;Bloqueado;88 - BPC Idoso;Vale do Godric;SP;HP002069FAM;Desatualizado;08/05/2026;1406700131;53034056482;Vale do Godric;SP;07/2021
1123;104317084;Colin Brown;21/07/1987;Travessa Prof. dos Elfos Domésticos, 888 - Fundos;Núcleo Hogwarts;77754764;Lílian Evelina Brown;Cessado;87 - BPC Pessoa com Deficiência;Vau das Poções;SC;HP002070FAM;Desatualizado;23/10/2026;4383843407;80348287507;Vau das Poções;SC;11/2021
1124;703010941;Seamus Brown;03/07/1942;Travessa Prof. dos Elfos Domésticos, 888 - Fundos;Núcleo Hogwarts;77754764;Lílian Evelina Brown;Suspenso;88 - BPC Idoso;Vau das Poções;SC;HP002070FAM;Desatualizado;23/10/2026;6330981829;10934407082;Vau das Poções;SC;04/2021
1125;364382781;Horácio Slughorn;12/02/1961;Rua das Varinhas, 917;Jardim Lufa-Lufa;58943219;Pomona Slughorn;Cessado;88 - BPC Idoso;Rio das Sereias;PA;HP002076FAM;Desatualizado;24/09/2026;2129759525;40847304675;Rio das Sereias;PA;03/2023
1126;071239315;Grope Hooch Boot;03/01/1952;Alameda Dona da Lufa-Lufa, 625 - Sobrado;Colônia Fenda da Serpente;47059155;Bathsheda Hooch Boot;Cessado;88 - BPC Idoso;Monte Fênix;ES;HP002077FAM;Atualizado;11/06/2026;8212654692;30723416806;Monte Fênix;ES;09/2022
1127;413073848;Cornélio Corner Lupin;11/09/1975;Beco Prof. da Lufa-Lufa, 792;Conjunto Grifinória;65563628;Pansy Corner Lupin;Ativo;87 - BPC Pessoa com Deficiência;Serra da Coruja;PR;HP002079FAM;Desatualizado;08/10/2026;2674820202;88512738803;Serra da Coruja;PR;11/2026
1128;740569731;Muriel Diggle Sprout;13/01/1948;Avenida Mestre do Caldeirão Furado, 207;Vila Trouxa;86382760;Pomona Diggle Sprout;Suspenso;88 - BPC Idoso;Serra da Coruja;PR;HP002081FAM;Desatualizado;27/11/2026;1118841263;79792064795;Serra da Coruja;PR;06/2021
1129;624127488;Bilius Sinistra;01/10/1959;Alameda Mestre dos Centauros, 525 - Fundos;Setor Mágico;02786041;Pansy Sinistra;Ativo;88 - BPC Idoso;Hogsmeade;MG;HP002086FAM;Desatualizado;29/11/2026;2307577683;50777941621;Hogsmeade;MG;01/2020
1130;861150953;Angelina Sinistra;28/01/2025;Alameda Mestre dos Centauros, 525 - Fundos;Setor Mágico;02786041;Pansy Sinistra;Cessado;87 - BPC Pessoa com Deficiência;Hogsmeade;MG;HP002086FAM;Desatualizado;29/11/2026;8583407409;;Hogsmeade;MG;04/2021
1131;283967861;Justino McGonagall;14/04/1993;Viela Sr. de Hogsmeade, 720 - Fundos;Setor Mágico;95472371;Astória McGonagall;Ativo;87 - BPC Pessoa com Deficiência;Porto dos Duendes;PE;HP002088FAM;Atualizado;26/02/2026;7423970384;84969160736;Porto dos Duendes;PE;10/2026
1132;345868260;Seamus Crouch Chang;03/09/1958;Viela Sr. das Chaves de Voo, 856 - Apto 1;Setor São Mungo;87523891;Lavínia Crouch Chang;Ativo;88 - BPC Idoso;Monte Fênix;ES;HP002093FAM;Atualizado;20/10/2025;8689036065;38416011038;Monte Fênix;ES;02/2020
1133;522842308;Charity Prewett Creevey;10/11/1948;Beco Dona dos Feiticeiros, 985 - Casa;Recanto dos Centauros;42918160;Angelina Prewett Creevey;Bloqueado;88 - BPC Idoso;Hogsmeade;MG;HP002096FAM;Atualizado;23/12/2026;8780074747;22056994668;Hogsmeade;MG;06/2024
1134;562775701;Verônica Lestrange Fudge;23/01/1940;Travessa Mestre da Sala Precisa, 900 - Sobrado;Jardim Hogsmeade;59454489;Marieta Lestrange Fudge;Ativo;88 - BPC Idoso;Vila Trouxinha;RJ;HP002101FAM;Atualizado;10/02/2023;6240566205;26954715302;Vila Trouxinha;RJ;10/2023
1135;552426217;Remo João Brown;20/10/1948;Alameda Prof. das Varinhas, 234 - Sobrado;Vila Trouxa;42200466;Padma Brown;Ativo;88 - BPC Idoso;Monte Fênix;ES;HP002102FAM;Atualizado;18/07/2026;9418707879;12736581401;Rio das Sereias;PA;05/2023
1136;470897618;Astória Zabini;19/12/1955;Praça Mestre dos Alfeineiros, 990 - Sobrado;Setor São Mungo;76242308;Astória Zabini;Suspenso;88 - BPC Idoso;Fenda da Serpente;BA;HP002103FAM;Atualizado;29/01/2025;3935163053;50239486505;Fenda da Serpente;BA;12/2024
1137;021200088;Sibila Bell Carmichael;28/01/1987;Avenida Mestre das Vassouras Voadoras, 41 - Casa;Jardim Hogsmeade;96420484;Rita Bell Carmichael;Ativo;87 - BPC Pessoa com Deficiência;Fenda da Serpente;BA;HP002107FAM;Atualizado;06/09/2026;7696423639;79985415985;Fenda da Serpente;BA;08/2025
1138;599846538;Rony Bilius Potter Sinistra;16/05/1970;Avenida Prof. da Floresta Proibida, 577 - Casa;Setor São Mungo;05252757;Charity Potter Sinistra;Ativo;87 - BPC Pessoa com Deficiência;Vila Trouxinha;RJ;HP002108FAM;Desatualizado;16/06/2022;6594332481;95327477883;Vila Trouxinha;RJ;10/2025
1139;419198212;Harry Tiago Crouch;20/02/1950;Viela Fenícia, 66 - Apto 1;Setor São Mungo;90554958;Ariana Crouch;Ativo;88 - BPC Idoso;Serra da Coruja;PR;HP002109FAM;Atualizado;12/01/2023;3454307188;53283218475;Serra da Coruja;PR;10/2023
1140;292768719;Marieta Lovegood Wood;03/08/1984;Rua da Sala Precisa, 676 - Apto 1;Vila das Bruxas;50590676;Wilhelmina Lovegood Wood;Ativo;87 - BPC Pessoa com Deficiência;Porto dos Duendes;PE;HP002110FAM;Desatualizado;05/05/2023;8751549095;81450018623;Porto dos Duendes;PE;06/2026
1141;114295355;Fábio Ademar Delacour Johnson;27/01/1968;Travessa Mestre dos Centauros, 677;Colônia Fenda da Serpente;78021157;Popy Delacour Johnson;Suspenso;87 - BPC Pessoa com Deficiência;Hogsmeade;MG;HP002114FAM;Atualizado;03/07/2025;5460107836;27966616954;Hogsmeade;MG;06/2024
1142;336625004;Belatriz Lestrange Goyle;03/03/2019;Viela Dona da Sonserina, 720 - Apto 1;Vila das Bruxas;19667062;Marieta Goyle;Ativo;87 - BPC Pessoa com Deficiência;Colina das Bruxas;RS;HP002117FAM;Atualizado;09/01/2026;8388702343;;Colina das Bruxas;RS;03/2020
1143;416688992;Astória Sprout Bagman;28/11/1958;Beco Mestre da Sala Precisa, 921 - Fundos;Jardim Hogsmeade;98324297;Luna Sprout Bagman;Suspenso;88 - BPC Idoso;Serra da Coruja;PR;HP002119FAM;Desatualizado;06/10/2026;3753417558;35235392424;Hogsmeade;MG;10/2020
1144;171398039;Popy Potter;14/05/2021;Praça Prof. das Grifinórias, 388 - Casa;Jardim Hogsmeade;16271718;Susana Potter;Ativo;87 - BPC Pessoa com Deficiência;Serra da Coruja;PR;HP002120FAM;Desatualizado;05/05/2026;3607900521;;Serra da Coruja;PR;09/2022
1145;061346727;Charity Crabbe;11/11/1990;Alameda Sr. da Pedra Filosofal, 105 - Sobrado;Vila das Bruxas;74788395;Astória Crabbe;Ativo;87 - BPC Pessoa com Deficiência;Serra da Coruja;PR;HP002121FAM;Desatualizado;14/06/2026;8675876859;32290790784;Campo dos Centauros;GO;04/2021
1146;933813605;Gregory Crabbe;13/09/1989;Alameda Sr. da Pedra Filosofal, 105 - Sobrado;Vila das Bruxas;74788395;Astória Crabbe;Bloqueado;87 - BPC Pessoa com Deficiência;Serra da Coruja;PR;HP002121FAM;Desatualizado;14/06/2026;6645355496;21277533641;Serra da Coruja;PR;03/2022
1147;855445050;Carlota Finch-Fletchley Bulstrode;13/10/1956;Beco Sr. das Grifinórias, 802 - Fundos;Parque das Varinhas;44482063;Ninfadora Finch-Fletchley Bulstrode;Ativo;88 - BPC Idoso;Fenda da Serpente;BA;HP002122FAM;Atualizado;06/05/2026;5924117139;69589826060;Fenda da Serpente;BA;12/2020
1148;004217707;Lúcio Abraxas Shacklebolt Prewett;28/03/1945;Praça Dona das Vassouras Voadoras, 850;Recanto dos Centauros;01540778;Sibila Shacklebolt Prewett;Bloqueado;88 - BPC Idoso;Campo dos Centauros;GO;HP002124FAM;Desatualizado;19/06/2021;3264177857;60950044465;Campo dos Centauros;GO;11/2024
1149;722704909;Dolores Jane Abbott;10/06/2009;Viela Dona dos Trouxas, 125;Núcleo Hogwarts;76935354;Verônica Abbott;Suspenso;87 - BPC Pessoa com Deficiência;Baía do Caldeirão;CE;HP002128FAM;Atualizado;31/05/2026;1500519814;15412861110;Baía do Caldeirão;CE;04/2023
1150;869457070;Dino Lupin;13/12/2002;Praça Dona dos Feiticeiros, 173 - Casa;Vila Sonserina;17301960;Aurora Lupin;Suspenso;87 - BPC Pessoa com Deficiência;Monte Fênix;ES;HP002130FAM;Atualizado;22/03/2026;4236596754;57373009516;Monte Fênix;ES;06/2020
1151;056942328;Lúcio Abraxas Goldstein Bell;20/03/1958;Beco Mestre dos Sonhadores, 964 - Fundos;Conjunto Grifinória;75692415;Muriel Goldstein Bell;Bloqueado;88 - BPC Idoso;Fenda da Serpente;BA;HP002131FAM;Desatualizado;17/05/2022;4427224737;59784537485;Fenda da Serpente;BA;02/2020
1152;643470001;Fleur Pince Snape;19/08/1945;Beco Dona dos Duendes, 925 - Casa;Jardim Hogsmeade;22985824;Lílian Evelina Pince Snape;Ativo;88 - BPC Idoso;Hogsmeade;MG;HP002135FAM;Desatualizado;20/09/2026;7849138349;18917169480;Hogsmeade;MG;04/2026
1153;831785746;Sibila Pince Snape;13/01/1956;Beco Dona dos Duendes, 925 - Casa;Jardim Hogsmeade;22985824;Lílian Evelina Pince Snape;Ativo;88 - BPC Idoso;Hogsmeade;MG;HP002135FAM;Desatualizado;20/09/2026;4338160791;73480319438;Hogsmeade;MG;07/2025
1154;486087717;Basilio Crabbe Umbridge;09/07/2011;Beco Dona Travessa do Tranco, 923;Vila Weasley;94289147;Verônica Crabbe Umbridge;Ativo;87 - BPC Pessoa com Deficiência;Porto dos Duendes;PE;HP002136FAM;Atualizado;27/06/2022;7665920437;;Monte Fênix;ES;04/2025
1155;860175052;Vicente Macmillan;06/05/2013;Alameda Sr. da Floresta Proibida, 392 - Casa;Conjunto Grifinória;88773237;Emelina Macmillan;Bloqueado;87 - BPC Pessoa com Deficiência;Campo dos Centauros;GO;HP002141FAM;Desatualizado;23/05/2025;9012050767;;Campo dos Centauros;GO;07/2024
1156;095413566;Hannah Dumbledore;24/02/2010;Rua Sr. dos Sonhadores, 560 - Casa;Jardim Hogsmeade;16020100;Susana Dumbledore;Ativo;87 - BPC Pessoa com Deficiência;Campo dos Centauros;GO;HP002143FAM;Desatualizado;12/08/2026;9580153882;;Monte Fênix;ES;04/2020
1157;443033036;Parvati Dumbledore;12/03/1975;Rua Sr. dos Sonhadores, 560 - Casa;Jardim Hogsmeade;16020100;Susana Dumbledore;Ativo;87 - BPC Pessoa com Deficiência;Campo dos Centauros;GO;HP002143FAM;Desatualizado;12/08/2026;3751092882;47011136111;Campo dos Centauros;GO;07/2024
1158;196512573;Cedrico Vance Macmillan;01/06/1958;Alameda Dona da Corvinal, 951 - Apto 1;Recanto dos Centauros;62592370;Pomona Vance Macmillan;Ativo;88 - BPC Idoso;Vau das Poções;SC;HP002144FAM;Desatualizado;05/07/2025;7852812743;46911601836;Vau das Poções;SC;04/2023
1159;851174588;Zacarias Bagman Moody;05/01/1939;Travessa Mestre da Pedra Filosofal, 253 - Sobrado;Vila Trouxa;65304438;Lílian Evelina Bagman Moody;Ativo;88 - BPC Idoso;Colina das Bruxas;RS;HP002145FAM;Atualizado;12/08/2026;9147449682;89534092090;Colina das Bruxas;RS;08/2025
1160;252072811;Sibila Bagman Moody;11/10/2007;Travessa Mestre da Pedra Filosofal, 253 - Sobrado;Vila Trouxa;65304438;Lílian Evelina Bagman Moody;Bloqueado;87 - BPC Pessoa com Deficiência;Colina das Bruxas;RS;HP002145FAM;Atualizado;12/08/2026;3125334976;25158238079;Colina das Bruxas;RS;03/2023
1161;709592456;Antônio Vector Johnson;23/12/2002;Beco Dona das Corujas, 520 - Fundos;Vila Sonserina;17377489;Bathsheda Vector Johnson;Bloqueado;87 - BPC Pessoa com Deficiência;Vila Trouxinha;RJ;HP002147FAM;Desatualizado;22/04/2026;0364400899;57118176205;Monte Fênix;ES;02/2023
1162;048179434;Belatriz Lestrange Carmichael Pomfrey;17/09/1965;Praça Sr. das Varinhas, 477 - Fundos;Colônia Fenda da Serpente;17330690;Ariana Carmichael Pomfrey;Ativo;87 - BPC Pessoa com Deficiência;Campo dos Centauros;GO;HP002148FAM;Desatualizado;18/08/2026;9060111579;78352117500;Campo dos Centauros;GO;12/2025
1163;547975335;Andrômeda Corner Goldstein;21/10/1935;Travessa das Vassouras Voadoras, 796 - Casa;Vila Trouxa;95306873;Andrômeda Corner Goldstein;Suspenso;88 - BPC Idoso;Fenda da Serpente;BA;HP002149FAM;Desatualizado;01/01/2022;6591813060;58714521752;Fenda da Serpente;BA;04/2023
1164;144717519;Fábio Ademar Tonks Bagman;12/03/1959;Travessa Mestre da Pedra Filosofal, 102 - Sobrado;Colônia Fenda da Serpente;23003836;Dafne Tonks Bagman;Ativo;88 - BPC Idoso;Baía do Caldeirão;CE;HP002152FAM;Atualizado;02/12/2023;6621222028;58508482741;Baía do Caldeirão;CE;09/2025
1165;402471160;Nevile Franklin Dumbledore;08/02/1987;Travessa Mestre do Quatro Privet Drive, 702 - Fundos;Parque das Varinhas;42267280;Millicent Dumbledore;Suspenso;87 - BPC Pessoa com Deficiência;Rio das Sereias;PA;HP002154FAM;Atualizado;13/04/2022;9407124066;92715448203;Rio das Sereias;PA;02/2026
1166;205586531;Severo Tobias Snape Goldstein;06/09/1981;Praça Prof. da Sonserina, 646 - Casa;Recanto dos Centauros;53897486;Alícia Snape Goldstein;Ativo;87 - BPC Pessoa com Deficiência;Serra da Coruja;PR;HP002160FAM;Desatualizado;23/03/2021;0699066851;84916618247;Serra da Coruja;PR;05/2023
1167;816773214;Ludo Lovegood;12/10/1940;Alameda Sr. dos Duendes, 594 - Sobrado;Setor Mágico;34659297;Olívia Lovegood;Bloqueado;88 - BPC Idoso;Vale do Godric;SP;HP002163FAM;Desatualizado;31/10/2021;5647707438;42323969184;Vale do Godric;SP;05/2021
1168;188000210;George Flint Bell;21/12/2005;Beco Mestre do Caldeirão Furado, 300 - Fundos;Jardim Hogsmeade;59417543;Susana Flint Bell;Ativo;87 - BPC Pessoa com Deficiência;Colina das Bruxas;RS;HP002166FAM;Atualizado;25/09/2026;8587517536;15617622700;Colina das Bruxas;RS;05/2022
1169;748473728;Cedrico Trelawney Burbage;25/08/2017;Praça Dona das Poções, 840 - Apto 1;Setor São Mungo;82599808;Charity Trelawney Burbage;Bloqueado;87 - BPC Pessoa com Deficiência;Vale do Godric;SP;HP002167FAM;Atualizado;20/08/2022;0240555773;;Vale do Godric;SP;07/2020
1170;462242703;Ludo Meadowes Burbage;28/11/1961;Travessa Dona do Caldeirão Furado, 961 - Fundos;Bairro dos Duendes;54817642;Pomona Meadowes Burbage;Ativo;88 - BPC Idoso;Serra da Coruja;PR;HP002169FAM;Atualizado;24/11/2025;6326152496;84843292678;Serra da Coruja;PR;09/2020
1171;147476185;Fábio Ademar Vance;27/09/1987;Alameda Prof. do Salgueiro Lutador, 57 - Fundos;Jardim Hogsmeade;09198504;Charity Vance;Ativo;87 - BPC Pessoa com Deficiência;Serra da Coruja;PR;HP002170FAM;Desatualizado;05/01/2022;3825436145;79219143819;Serra da Coruja;PR;08/2025
1172;850304198;Miguel Creevey Vector;12/04/1995;Viela Prof. do Expresso de Hogwarts, 878 - Fundos;Jardim Lufa-Lufa;08313475;Charity Creevey Vector;Bloqueado;87 - BPC Pessoa com Deficiência;Colina das Bruxas;RS;HP002171FAM;Atualizado;27/12/2023;4424427628;63827674410;Colina das Bruxas;RS;03/2020
1173;862351576;Parvati Zabini;23/08/1957;Praça dos Sonhadores, 816 - Casa;Conjunto Grifinória;55229321;Molly Prewett Zabini;Ativo;88 - BPC Idoso;Baía do Caldeirão;CE;HP002173FAM;Atualizado;07/12/2026;0799564614;41290506055;Baía do Caldeirão;CE;01/2026
1174;272176449;Minerva Bagman;11/06/1950;Beco Mestre do Salgueiro Lutador, 231 - Sobrado;Núcleo Hogwarts;08618067;Bathsheda Bagman;Ativo;88 - BPC Idoso;Hogsmeade;MG;HP002176FAM;Atualizado;17/05/2026;9549418305;83438672463;Hogsmeade;MG;06/2026
1175;074312521;Muriel Goldstein;27/11/1951;Praça Sr. dos Sonhadores, 930 - Fundos;Vila Trouxa;22992244;Millicent Goldstein;Suspenso;88 - BPC Idoso;Campo dos Centauros;GO;HP002180FAM;Atualizado;14/06/2025;4088668288;08644539573;Campo dos Centauros;GO;06/2021
1176;477729952;Padma Goldstein;04/01/1959;Praça Sr. dos Sonhadores, 930 - Fundos;Vila Trouxa;22992244;Millicent Goldstein;Suspenso;88 - BPC Idoso;Campo dos Centauros;GO;HP002180FAM;Atualizado;14/06/2025;8886607876;84800306742;Vila Trouxinha;RJ;11/2026
1177;561244601;Lílian Evelina Tonks Abbott;18/09/1985;Alameda dos Sonhadores, 185 - Casa;Setor Mágico;60345995;Fernanda Tonks Abbott;Ativo;87 - BPC Pessoa com Deficiência;Vila Trouxinha;RJ;HP002186FAM;Atualizado;30/10/2026;7407991354;45295986677;Vila Trouxinha;RJ;04/2022
1178;353863383;Rony Bilius Delacour;09/01/1952;Rua Prof. das Grifinórias, 998 - Fundos;Parque das Varinhas;24826362;Padma Delacour;Ativo;88 - BPC Idoso;Fenda da Serpente;BA;HP002189FAM;Desatualizado;01/12/2025;0688423488;99729280477;Fenda da Serpente;BA;06/2020
1179;730726738;Merope Nott Tonks;22/09/1973;Avenida Sr. da Lufa-Lufa, 176 - Casa;Vila Corvinal;89864740;Molly Prewett Nott Tonks;Suspenso;87 - BPC Pessoa com Deficiência;Serra da Coruja;PR;HP002190FAM;Atualizado;09/06/2025;4806273737;13101290703;Serra da Coruja;PR;01/2021
1180;537894812;Dolores Jane Chang Flitwick;03/10/1960;Avenida Mestre de Hogsmeade, 984 - Casa;Vila Sonserina;81576368;Andrômeda Chang Flitwick;Ativo;88 - BPC Idoso;Serra da Coruja;PR;HP002196FAM;Atualizado;04/03/2024;5569943850;47868659317;Serra da Coruja;PR;05/2025
1181;775867332;Cedrico Delacour Boot;04/07/2014;Rua Prof. das Vassouras Voadoras, 633 - Apto 1;Vila Sonserina;40037905;Katie Delacour Boot;Suspenso;87 - BPC Pessoa com Deficiência;Baía do Caldeirão;CE;HP002197FAM;Atualizado;04/09/2022;7842663832;;Monte Fênix;ES;07/2025
1182;110358608;Bilius Patil Carmichael;06/01/1952;Travessa Dona da Corvinal, 200;Vila das Bruxas;14922899;Dolores Jane Patil Carmichael;Ativo;88 - BPC Idoso;Monte Fênix;ES;HP002200FAM;Desatualizado;02/06/2021;6783996847;40607733521;Monte Fênix;ES;07/2023
1183;642870013;Gregory Zabini Vector;14/06/1951;Avenida Mestre das Corujas, 492 - Sobrado;Vila Sonserina;96460755;Belatriz Lestrange Zabini Vector;Ativo;88 - BPC Idoso;Fenda da Serpente;BA;HP002203FAM;Atualizado;25/07/2022;6511544255;01055284631;Fenda da Serpente;BA;08/2025
1184;127453445;Grope Brown;22/08/1945;Viela Mestre das Vassouras Voadoras, 552 - Sobrado;Vila Sonserina;27870190;Fleur Brown;Suspenso;88 - BPC Idoso;Hogsmeade;MG;HP002205FAM;Desatualizado;06/01/2024;3180406765;19283766498;Hogsmeade;MG;11/2023
1185;571421634;Basilio Patil Pomfrey;27/08/1957;Rua Prof. do Salgueiro Lutador, 653 - Sobrado;Bairro dos Duendes;90294718;Pansy Patil Pomfrey;Ativo;88 - BPC Idoso;Colina das Bruxas;RS;HP002206FAM;Desatualizado;17/12/2025;3585058458;40497710980;Colina das Bruxas;RS;09/2025
1186;034151353;Angelina Fawcett;22/08/1983;Travessa Prof. Beco Diagonal, 726 - Fundos;Recanto dos Centauros;79142455;Petúnia Fawcett;Ativo;87 - BPC Pessoa com Deficiência;Colina das Bruxas;RS;HP002207FAM;Atualizado;07/10/2022;9060255551;55918497339;Colina das Bruxas;RS;08/2026
1187;668446079;Marcus Fawcett;23/12/1960;Viela Dona da Corvinal, 562 - Sobrado;Vila Weasley;10826402;Fleur Fawcett;Ativo;88 - BPC Idoso;Colina das Bruxas;RS;HP002208FAM;Desatualizado;09/05/2025;6409481996;15616884288;Colina das Bruxas;RS;08/2025
1188;794032190;Alvo Percival Lestrange Diggory;09/02/1958;Alameda da Floresta Proibida, 887 - Casa;Vila Sonserina;86978561;Belatriz Lestrange Lestrange Diggory;Ativo;88 - BPC Idoso;Colina das Bruxas;RS;HP002210FAM;Desatualizado;03/08/2023;0290898642;43619287032;Rio das Sereias;PA;09/2026
1189;823733766;Argos Goldstein Chang;02/06/1953;Rua Mestre das Bruxas Sábias, 529;Vila Corvinal;93530529;Hannah Goldstein Chang;Suspenso;88 - BPC Idoso;Serra da Coruja;PR;HP002212FAM;Atualizado;20/07/2021;1584969390;41324236702;Serra da Coruja;PR;04/2026
1190;610010067;Emelina Goldstein Chang;20/10/1948;Rua Mestre das Bruxas Sábias, 529;Vila Corvinal;93530529;Hannah Goldstein Chang;Ativo;88 - BPC Idoso;Serra da Coruja;PR;HP002212FAM;Atualizado;20/07/2021;8903134402;14487290092;Serra da Coruja;PR;10/2026
1191;723647773;Lúcio Abraxas Shacklebolt Potter;15/08/1940;Beco Mestre dos Dementadores Vencidos, 927 - Casa;Vila Trouxa;69274014;Astória Shacklebolt Potter;Ativo;88 - BPC Idoso;Baía do Caldeirão;CE;HP002213FAM;Desatualizado;07/09/2025;2622058871;30915303963;Baía do Caldeirão;CE;07/2021
1192;970265943;Dolores Jane Vance;07/06/1947;Travessa Sr. da Sonserina, 973 - Apto 1;Recanto dos Centauros;68407023;Gemma Vance;Ativo;88 - BPC Idoso;Baía do Caldeirão;CE;HP002215FAM;Desatualizado;25/08/2026;6637355813;45418535152;Baía do Caldeirão;CE;05/2026
1193;613558684;Angelina Delacour;06/02/1951;Rua Sr. Beco Diagonal, 304 - Sobrado;Núcleo Hogwarts;94351028;Hannah Delacour;Ativo;88 - BPC Idoso;Hogsmeade;MG;HP002217FAM;Atualizado;03/07/2024;1961930642;85329974905;Hogsmeade;MG;06/2020
1194;214918111;Bilius Crouch Hooch;04/03/2010;Alameda Prof. das Corujas, 642;Vila das Bruxas;96926166;Lílian Evelina Crouch Hooch;Bloqueado;87 - BPC Pessoa com Deficiência;Serra da Coruja;PR;HP002220FAM;Desatualizado;08/12/2026;9696645960;03695387570;Serra da Coruja;PR;10/2023
1195;992620098;Astória Goyle Goldstein;28/06/1985;Viela Dona dos Elfos Domésticos, 674 - Sobrado;Colônia Fenda da Serpente;95770309;Wilhelmina Goyle Goldstein;Ativo;87 - BPC Pessoa com Deficiência;Colina das Bruxas;RS;HP002221FAM;Desatualizado;17/12/2025;4301431310;97084651274;Colina das Bruxas;RS;08/2021
1196;517254026;Fernanda Goyle Goldstein;11/01/1943;Viela Dona dos Elfos Domésticos, 674 - Sobrado;Colônia Fenda da Serpente;95770309;Wilhelmina Goyle Goldstein;Bloqueado;88 - BPC Idoso;Colina das Bruxas;RS;HP002221FAM;Desatualizado;17/12/2025;9127318671;93984080236;Colina das Bruxas;RS;12/2020
1197;128294170;Seamus Goyle Goldstein;28/10/1938;Viela Dona dos Elfos Domésticos, 674 - Sobrado;Colônia Fenda da Serpente;95770309;Wilhelmina Goyle Goldstein;Ativo;88 - BPC Idoso;Colina das Bruxas;RS;HP002221FAM;Desatualizado;17/12/2025;6111447833;80502785739;Colina das Bruxas;RS;04/2021
1198;377565075;Susana Corner Krum;03/03/1986;Alameda da Sala Precisa, 748 - Fundos;Recanto do Caldeirão;61643235;Lavínia Corner Krum;Ativo;87 - BPC Pessoa com Deficiência;Hogsmeade;MG;HP002225FAM;Desatualizado;28/12/2023;8597829421;86407016013;Hogsmeade;MG;08/2024
1199;224986624;Rúben Corner Krum;06/08/1961;Alameda da Sala Precisa, 748 - Fundos;Recanto do Caldeirão;61643235;Lavínia Corner Krum;Ativo;88 - BPC Idoso;Hogsmeade;MG;HP002225FAM;Desatualizado;28/12/2023;3109822613;55835386862;Hogsmeade;MG;01/2020
1200;254237171;Dolores Jane Johnson;21/05/1959;Alameda Mestre da Floresta Proibida, 885 - Apto 1;Vila Trouxa;53902621;Emelina Johnson;Ativo;87 - BPC Pessoa com Deficiência;Vale do Godric;SP;HP002227FAM;Desatualizado;13/05/2024;6758032417;74234080858;Vale do Godric;SP;01/2023
1201;644858809;Ariana Delacour;13/10/1942;Beco Sr. dos Duendes, 810 - Fundos;Vila Corvinal;15975877;Narcisa Delacour;Suspenso;88 - BPC Idoso;Vale do Godric;SP;HP002230FAM;Atualizado;07/10/2026;2074654570;81545526809;Vale do Godric;SP;09/2023
1202;153634276;Ninfadora Flint Diggle;19/06/1956;Avenida Sr. Travessa do Tranco, 268 - Apto 1;Conjunto Grifinória;81167269;Bathsheda Flint Diggle;Ativo;88 - BPC Idoso;Serra da Coruja;PR;HP002231FAM;Atualizado;10/07/2021;1531053381;52695659438;Serra da Coruja;PR;06/2023
1203;354595812;Harry Tiago Riddle Krum;18/09/1959;Beco da Lufa-Lufa, 193 - Casa;Conjunto Grifinória;38404678;Sibila Riddle Krum;Bloqueado;88 - BPC Idoso;Vau das Poções;SC;HP002234FAM;Desatualizado;09/11/2024;3641958598;96009371844;Vau das Poções;SC;10/2020
1204;856819456;Filch Tonks Abbott;25/12/1992;Travessa da Sala Precisa, 143;Vila Weasley;50171591;Pomona Tonks Abbott;Suspenso;87 - BPC Pessoa com Deficiência;Baía do Caldeirão;CE;HP002236FAM;Atualizado;04/08/2026;2241166384;47020891459;Baía do Caldeirão;CE;06/2022
1205;041020413;Rita Burbage Moody;26/02/1935;Beco dos Feiticeiros, 228;Parque das Varinhas;94705926;Fernanda Burbage Moody;Bloqueado;88 - BPC Idoso;Fenda da Serpente;BA;HP002238FAM;Desatualizado;14/10/2025;5224959151;47444778016;Fenda da Serpente;BA;08/2021
1206;570949244;Carlinhos Bell Johnson;10/05/1944;Rua das Grifinórias, 401 - Apto 1;Vila Corvinal;10481268;Fleur Bell Johnson;Ativo;88 - BPC Idoso;Vau das Poções;SC;HP002240FAM;Desatualizado;01/10/2026;5444084744;10016538589;Vau das Poções;SC;02/2025
1207;814952239;Rony Bilius Bell Johnson;13/10/1958;Rua das Grifinórias, 401 - Apto 1;Vila Corvinal;10481268;Fleur Bell Johnson;Ativo;88 - BPC Idoso;Vau das Poções;SC;HP002240FAM;Desatualizado;01/10/2026;0387832082;44724819106;Serra da Coruja;PR;05/2020
1208;031138459;Antônio Scrimgeour Hagrid;05/07/1977;Viela Dona dos Duendes, 261 - Sobrado;Bairro dos Duendes;42851837;Romilda Scrimgeour Hagrid;Ativo;87 - BPC Pessoa com Deficiência;Vau das Poções;SC;HP002244FAM;Atualizado;27/11/2026;1203821954;89487534798;Vau das Poções;SC;07/2022
1209;124688832;Fleur Umbridge Vector;04/06/1975;Avenida Sr. dos Duendes, 165;Vila Weasley;05251117;Olívia Umbridge Vector;Ativo;87 - BPC Pessoa com Deficiência;Monte Fênix;ES;HP002248FAM;Atualizado;29/03/2024;6655777513;10779802137;Porto dos Duendes;PE;07/2023
1210;153418509;Wilhelmina Sprout;10/11/1942;Viela das Grifinórias, 429 - Casa;Vila Trouxa;52199301;Aurora Sprout;Suspenso;88 - BPC Idoso;Vila Trouxinha;RJ;HP002249FAM;Atualizado;03/02/2026;9332533183;86390971862;Vila Trouxinha;RJ;07/2020
1211;128591314;Verônica Creevey;18/07/1967;Travessa Mestre de Hogsmeade, 591 - Sobrado;Parque das Varinhas;45263716;Parvati Creevey;Ativo;87 - BPC Pessoa com Deficiência;Rio das Sereias;PA;HP002250FAM;Atualizado;06/11/2022;6602290139;36805295549;Rio das Sereias;PA;05/2026
1212;151132292;Luna Bell Thomas;23/03/1969;Viela Mestre da Sala Precisa, 710 - Sobrado;Bairro dos Duendes;30481759;Wilhelmina Bell Thomas;Ativo;87 - BPC Pessoa com Deficiência;Baía do Caldeirão;CE;HP002252FAM;Atualizado;04/05/2026;2197013640;95193262274;Baía do Caldeirão;CE;01/2026
1213;666094130;Fred Sinistra;03/02/1961;Avenida Sr. dos Elfos Domésticos, 226 - Apto 1;Setor Mágico;40605864;Gemma Sinistra;Suspenso;88 - BPC Idoso;Vale do Godric;SP;HP002253FAM;Atualizado;04/09/2026;2019960909;59599207786;Vale do Godric;SP;04/2023
1214;512116981;Fernanda Sinistra;13/11/1942;Avenida Sr. dos Elfos Domésticos, 226 - Apto 1;Setor Mágico;40605864;Gemma Sinistra;Ativo;88 - BPC Idoso;Vale do Godric;SP;HP002253FAM;Atualizado;04/09/2026;3329435073;50816750242;Vale do Godric;SP;07/2022
1215;210221048;Arthur Septimus Scrimgeour Pince;07/03/1937;Travessa do Torneio Tribruxo, 25 - Fundos;Vila das Bruxas;21272323;Wilhelmina Scrimgeour Pince;Ativo;88 - BPC Idoso;Hogsmeade;MG;HP002256FAM;Desatualizado;20/11/2026;5828738719;93514484794;Hogsmeade;MG;04/2025
1216;444186580;Percy Ignácio Hooch;23/10/1943;Avenida Dona Travessa do Tranco, 702 - Casa;Vila Weasley;26226160;Muriel Hooch;Ativo;88 - BPC Idoso;Colina das Bruxas;RS;HP002260FAM;Desatualizado;06/09/2026;6761953309;69628753208;Colina das Bruxas;RS;11/2026
1217;935374154;Molly Prewett Greengrass;09/08/1966;Praça Mestre da Sonserina, 176 - Sobrado;Recanto dos Centauros;99753865;Wilhelmina Greengrass;Ativo;87 - BPC Pessoa com Deficiência;Fenda da Serpente;BA;HP002261FAM;Atualizado;03/07/2025;3305576405;36236786943;Fenda da Serpente;BA;11/2020
1218;166799510;Gemma Potter;10/11/2010;Praça Sr. das Grifinórias, 242 - Casa;Recanto dos Centauros;18084345;Hermione Jane Potter;Ativo;87 - BPC Pessoa com Deficiência;Monte Fênix;ES;HP002263FAM;Atualizado;06/09/2024;0912510469;;Monte Fênix;ES;06/2023
1219;818007711;Lílian Evelina Potter;11/07/1950;Praça Sr. das Grifinórias, 242 - Casa;Recanto dos Centauros;18084345;Hermione Jane Potter;Ativo;88 - BPC Idoso;Monte Fênix;ES;HP002263FAM;Atualizado;06/09/2024;0924124094;56069673248;Monte Fênix;ES;11/2025
1220;337938957;Alastor Greengrass;08/08/1958;Alameda de Hogsmeade, 816 - Fundos;Jardim Hogsmeade;19481306;Angelina Greengrass;Cessado;88 - BPC Idoso;Monte Fênix;ES;HP002264FAM;Desatualizado;05/10/2026;4203471158;64806222274;Monte Fênix;ES;04/2021
1221;120145745;Tiago Carlus Nott;28/10/1948;Praça Sr. da Lufa-Lufa, 397 - Fundos;Colônia Fenda da Serpente;93555549;Romilda Nott;Ativo;88 - BPC Idoso;Hogsmeade;MG;HP002266FAM;Atualizado;11/09/2026;8157587340;09073869623;Hogsmeade;MG;12/2020
1222;161182447;Firenze Nott;12/03/1957;Praça Sr. da Lufa-Lufa, 397 - Fundos;Colônia Fenda da Serpente;93555549;Romilda Nott;Ativo;88 - BPC Idoso;Hogsmeade;MG;HP002266FAM;Atualizado;11/09/2026;9648550095;54847853409;Hogsmeade;MG;07/2025
1223;984317842;Angelina Flitwick;15/09/1952;Travessa Mestre dos Elfos Domésticos, 531 - Sobrado;Setor Mágico;84812358;Gemma Flitwick;Suspenso;88 - BPC Idoso;Rio das Sereias;PA;HP002269FAM;Desatualizado;18/07/2024;1925545236;89013678825;Rio das Sereias;PA;02/2025
1224;392362962;Argos Abbott;24/05/1953;Rua do Caldeirão Furado, 571;Conjunto Grifinória;86543444;Minerva Abbott;Ativo;88 - BPC Idoso;Vila Trouxinha;RJ;HP002278FAM;Desatualizado;28/07/2025;1452538646;07479104309;Vila Trouxinha;RJ;11/2022
1225;330741912;Amos Flitwick Tonks;13/02/1981;Avenida Mestre das Corujas, 476 - Casa;Parque das Varinhas;34429713;Hermione Jane Flitwick Tonks;Ativo;87 - BPC Pessoa com Deficiência;Hogsmeade;MG;HP002283FAM;Desatualizado;13/01/2025;0186382153;80298410604;Hogsmeade;MG;06/2024
1226;700478393;Angelina Flint;27/05/1959;Rua das Bruxas Sábias, 805 - Apto 1;Conjunto Grifinória;89897975;Belatriz Lestrange Flint;Bloqueado;88 - BPC Idoso;Baía do Caldeirão;CE;HP002284FAM;Atualizado;20/11/2026;0639748327;85325041837;Baía do Caldeirão;CE;12/2024
1227;525227205;Horácio Bulstrode McGonagall;01/05/1946;Alameda dos Alfeineiros, 945 - Apto 1;Bairro dos Duendes;65619771;Popy Bulstrode McGonagall;Ativo;88 - BPC Idoso;Vau das Poções;SC;HP002286FAM;Atualizado;20/04/2026;4763781240;46117846812;Vau das Poções;SC;04/2024
1228;690380618;Ninfadora Dumbledore;06/12/1975;Alameda Dona das Corujas, 871 - Sobrado;Vila Weasley;78219906;Aurora Dumbledore;Ativo;87 - BPC Pessoa com Deficiência;Vale do Godric;SP;HP002287FAM;Atualizado;03/09/2026;6645378067;90971595985;Vale do Godric;SP;01/2020
1229;375051721;Zacarias Dumbledore;19/01/1950;Alameda Dona das Corujas, 871 - Sobrado;Vila Weasley;78219906;Aurora Dumbledore;Suspenso;88 - BPC Idoso;Vale do Godric;SP;HP002287FAM;Atualizado;03/09/2026;5759121248;40813110132;Vale do Godric;SP;07/2026
1230;062803828;Carlota Johnson;11/07/1960;Rua Prof. dos Elfos Domésticos, 81 - Sobrado;Núcleo Hogwarts;50692453;Parvati Johnson;Suspenso;88 - BPC Idoso;Porto dos Duendes;PE;HP002289FAM;Desatualizado;23/12/2026;3789749436;49997896633;Porto dos Duendes;PE;01/2021
1231;898125764;Kingsley Bulstrode;19/12/1951;Viela Sr. do Expresso de Hogwarts, 508;Vila Sonserina;73211007;Popy Bulstrode;Suspenso;88 - BPC Idoso;Porto dos Duendes;PE;HP002290FAM;Atualizado;13/05/2026;2769936628;65371635956;Porto dos Duendes;PE;02/2023
1232;138753219;Muriel Pince;16/05/1944;Avenida Mestre da Corvinal, 26 - Sobrado;Vila Weasley;13898467;Narcisa Pince;Ativo;88 - BPC Idoso;Hogsmeade;MG;HP002292FAM;Atualizado;27/05/2022;0445210374;53778850586;Vila Trouxinha;RJ;03/2024
1233;116319465;Dennis Tonks;19/05/1947;Praça Dona das Bruxas Sábias, 625 - Fundos;Núcleo Hogwarts;46789447;Belatriz Lestrange Tonks;Cessado;88 - BPC Idoso;Monte Fênix;ES;HP002293FAM;Atualizado;26/12/2026;9962433238;36885981806;Monte Fênix;ES;05/2022
1234;309732404;Rúbeo Pince Burbage;04/10/1960;Avenida Mestre da Lufa-Lufa, 651 - Casa;Vila Trouxa;11150131;Romilda Pince Burbage;Cessado;88 - BPC Idoso;Campo dos Centauros;GO;HP002295FAM;Desatualizado;11/07/2026;3759406830;11448892863;Campo dos Centauros;GO;09/2025
1235;736206288;Teodoro Pince Burbage;01/09/1966;Avenida Mestre da Lufa-Lufa, 651 - Casa;Vila Trouxa;11150131;Romilda Pince Burbage;Suspenso;87 - BPC Pessoa com Deficiência;Campo dos Centauros;GO;HP002295FAM;Desatualizado;11/07/2026;1602634959;08668325139;Campo dos Centauros;GO;11/2020
1236;978117281;Rúbeo Snape;27/07/1971;Praça Mestre das Varinhas, 423 - Apto 1;Recanto dos Centauros;62565991;Bathsheda Snape;Ativo;87 - BPC Pessoa com Deficiência;Baía do Caldeirão;CE;HP002300FAM;Atualizado;04/02/2025;7125413835;36852050727;Baía do Caldeirão;CE;03/2026
1237;553585055;Dafne Snape;13/07/2017;Praça Mestre das Varinhas, 423 - Apto 1;Recanto dos Centauros;62565991;Bathsheda Snape;Cessado;87 - BPC Pessoa com Deficiência;Baía do Caldeirão;CE;HP002300FAM;Atualizado;04/02/2025;4564578842;;Baía do Caldeirão;CE;07/2022
1238;280856970;Percy Ignácio Sprout Dearborn;06/03/2023;Avenida Prof. dos Dementadores Vencidos, 531 - Casa;Colônia Fenda da Serpente;70347988;Verônica Sprout Dearborn;Ativo;87 - BPC Pessoa com Deficiência;Vila Trouxinha;RJ;HP002301FAM;Atualizado;06/05/2026;1741003418;;Vila Trouxinha;RJ;02/2025
1239;927534481;Hannah Finch-Fletchley Malfoy;24/01/1950;Alameda Prof. Beco Diagonal, 149 - Apto 1;Vila Corvinal;59946997;Romilda Finch-Fletchley Malfoy;Ativo;88 - BPC Idoso;Baía do Caldeirão;CE;HP002302FAM;Desatualizado;07/01/2026;9724219331;86156077026;Baía do Caldeirão;CE;03/2020
1240;839282166;Amos Spinnet Crabbe;18/01/1957;Avenida Mestre dos Alfeineiros, 206 - Sobrado;Vila Sonserina;33862892;Emelina Spinnet Crabbe;Suspenso;88 - BPC Idoso;Serra da Coruja;PR;HP002304FAM;Desatualizado;21/05/2026;4331907082;15226192400;Serra da Coruja;PR;11/2026
1241;102848650;Rolando Spinnet Crabbe;22/06/1947;Avenida Mestre dos Alfeineiros, 206 - Sobrado;Vila Sonserina;33862892;Emelina Spinnet Crabbe;Ativo;88 - BPC Idoso;Serra da Coruja;PR;HP002304FAM;Desatualizado;21/05/2026;4364522652;11303782845;Serra da Coruja;PR;05/2024
1242;177618945;Ninfadora Goldstein Scrimgeour;14/02/2011;Alameda dos Sonhadores, 614 - Fundos;Parque das Varinhas;27196836;Alícia Goldstein Scrimgeour;Ativo;87 - BPC Pessoa com Deficiência;Vale do Godric;SP;HP002308FAM;Atualizado;02/02/2023;3939169893;;Vale do Godric;SP;06/2020
1243;909066194;Oliver Trelawney Carmichael;27/07/1980;Praça Sr. do Quatro Privet Drive, 498;Bairro dos Duendes;37569580;Dolores Jane Trelawney Carmichael;Ativo;87 - BPC Pessoa com Deficiência;Monte Fênix;ES;HP002310FAM;Desatualizado;26/07/2026;6917975914;35404168387;Rio das Sereias;PA;04/2021
1244;567028350;Alícia Malfoy Filch;06/09/1949;Alameda Sr. da Floresta Proibida, 789;Colônia Fenda da Serpente;99161841;Angelina Malfoy Filch;Ativo;87 - BPC Pessoa com Deficiência;Vila Trouxinha;RJ;HP002311FAM;Desatualizado;09/12/2022;7509663769;20231696402;Monte Fênix;ES;12/2025
1245;709179031;Arthur Septimus Malfoy Filch;03/03/2009;Alameda Sr. da Floresta Proibida, 789;Colônia Fenda da Serpente;99161841;Angelina Malfoy Filch;Ativo;87 - BPC Pessoa com Deficiência;Vila Trouxinha;RJ;HP002311FAM;Desatualizado;09/12/2022;3512372678;40618861770;Rio das Sereias;PA;08/2022
1246;877741204;Pedro Slughorn Diggory;26/11/1936;Travessa Mestre dos Feiticeiros, 760 - Apto 1;Recanto do Caldeirão;19426568;Lílian Evelina Slughorn Diggory;Ativo;88 - BPC Idoso;Rio das Sereias;PA;HP002314FAM;Desatualizado;02/09/2023;3177713058;81710559825;Rio das Sereias;PA;10/2021
1247;447185063;Hermione Jane Diggory Bell;22/04/1961;Beco Sr. dos Trouxas, 228 - Casa;Vila Weasley;97005224;Charity Diggory Bell;Cessado;88 - BPC Idoso;Colina das Bruxas;RS;HP002315FAM;Atualizado;18/07/2025;4513335249;92822529575;Colina das Bruxas;RS;07/2024
1248;699214693;Narcisa Lestrange Sprout;22/12/2006;Viela Mestre das Chaves de Voo, 387 - Casa;Setor Mágico;96846131;Alícia Lestrange Sprout;Suspenso;87 - BPC Pessoa com Deficiência;Hogsmeade;MG;HP002316FAM;Atualizado;21/03/2025;5134262109;07576905488;Hogsmeade;MG;01/2024
1249;986731650;Teodoro Flitwick Greengrass;10/02/1967;Praça Sr. das Corujas, 738 - Apto 1;Recanto dos Centauros;59397510;Petúnia Flitwick Greengrass;Ativo;87 - BPC Pessoa com Deficiência;Serra da Coruja;PR;HP002317FAM;Desatualizado;10/09/2021;3094610786;16020505461;Serra da Coruja;PR;10/2021
1250;244264768;Carlinhos Flitwick Greengrass;07/01/1953;Praça Sr. das Corujas, 738 - Apto 1;Recanto dos Centauros;59397510;Petúnia Flitwick Greengrass;Cessado;88 - BPC Idoso;Serra da Coruja;PR;HP002317FAM;Desatualizado;10/09/2021;7688424139;40289246697;Serra da Coruja;PR;09/2025
1251;100719353;Romilda Snape Abbott;16/05/1974;Beco Mestre dos Trouxas, 844;Jardim Lufa-Lufa;34898752;Susana Snape Abbott;Ativo;87 - BPC Pessoa com Deficiência;Fenda da Serpente;BA;HP002319FAM;Atualizado;10/01/2025;3893429088;10761419274;Serra da Coruja;PR;05/2020
1252;060459793;Lílian Evelina Snape Abbott;23/02/1978;Beco Mestre dos Trouxas, 844;Jardim Lufa-Lufa;34898752;Susana Snape Abbott;Ativo;87 - BPC Pessoa com Deficiência;Fenda da Serpente;BA;HP002319FAM;Atualizado;10/01/2025;8823136124;55429226946;Vila Trouxinha;RJ;07/2025
1253;812255038;Severo Tobias Goldstein;15/06/1997;Viela do Salgueiro Lutador, 229 - Casa;Vila das Bruxas;90219850;Lavínia Goldstein;Cessado;87 - BPC Pessoa com Deficiência;Monte Fênix;ES;HP002325FAM;Desatualizado;28/10/2026;3009843236;99428781491;Monte Fênix;ES;11/2022
1254;655866215;Basilio Dumbledore;02/09/1953;Alameda dos Elfos Domésticos, 551 - Fundos;Vila Corvinal;07024750;Merope Dumbledore;Suspenso;88 - BPC Idoso;Fenda da Serpente;BA;HP002327FAM;Desatualizado;15/06/2026;8299564125;65606769784;Fenda da Serpente;BA;03/2026
1255;409641538;Dennis Scrimgeour McGonagall;07/02/1949;Travessa Prof. da Sala Precisa, 329;Recanto do Caldeirão;24581793;Hannah Scrimgeour McGonagall;Ativo;88 - BPC Idoso;Porto dos Duendes;PE;HP002332FAM;Desatualizado;18/11/2024;5452660407;53474186217;Porto dos Duendes;PE;03/2026
1256;648574170;Merope Scrimgeour McGonagall;15/10/1976;Travessa Prof. da Sala Precisa, 329;Recanto do Caldeirão;24581793;Hannah Scrimgeour McGonagall;Suspenso;87 - BPC Pessoa com Deficiência;Porto dos Duendes;PE;HP002332FAM;Desatualizado;18/11/2024;5306731452;77598183436;Porto dos Duendes;PE;03/2024
1257;020829298;Fleur Chang;10/01/2009;Praça Prof. dos Centauros, 345 - Apto 1;Parque das Varinhas;53961811;Gina Molly Chang;Ativo;87 - BPC Pessoa com Deficiência;Fenda da Serpente;BA;HP002334FAM;Desatualizado;11/07/2020;6737018221;;Fenda da Serpente;BA;07/2020
1258;821968705;Ninfadora Fenwick Snape;19/09/1951;Rua Sr. dos Feiticeiros, 827;Setor Mágico;48921002;Emelina Fenwick Snape;Suspenso;88 - BPC Idoso;Colina das Bruxas;RS;HP002335FAM;Desatualizado;27/08/2026;8094390293;11727028291;Colina das Bruxas;RS;10/2025
1259;581459820;Remo João Fenwick Snape;23/09/1960;Rua Sr. dos Feiticeiros, 827;Setor Mágico;48921002;Emelina Fenwick Snape;Cessado;88 - BPC Idoso;Colina das Bruxas;RS;HP002335FAM;Desatualizado;27/08/2026;5069467431;46829646905;Colina das Bruxas;RS;06/2020
1260;401011193;Rolando Flint Wood;14/04/1961;Beco Mestre das Grifinórias, 869 - Fundos;Setor Mágico;47008991;Katie Flint Wood;Ativo;88 - BPC Idoso;Campo dos Centauros;GO;HP002337FAM;Desatualizado;10/12/2024;9987746772;39750846853;Vila Trouxinha;RJ;09/2025
1261;774112408;Susana Flint Wood;10/02/2011;Beco Mestre das Grifinórias, 869 - Fundos;Setor Mágico;47008991;Katie Flint Wood;Ativo;87 - BPC Pessoa com Deficiência;Campo dos Centauros;GO;HP002337FAM;Desatualizado;10/12/2024;7688498896;45521686492;Campo dos Centauros;GO;01/2020
1262;125383015;Gregory Bell Goldstein;17/04/2009;Viela Mestre da Lufa-Lufa, 637 - Casa;Vila Sonserina;87543765;Lílian Evelina Bell Goldstein;Ativo;87 - BPC Pessoa com Deficiência;Fenda da Serpente;BA;HP002338FAM;Desatualizado;01/11/2026;1578891046;97195857733;Fenda da Serpente;BA;09/2026
1263;895034949;Andrômeda Vance;22/07/2012;Viela Mestre das Poções, 920 - Fundos;Jardim Lufa-Lufa;31262537;Carlota Vance;Ativo;87 - BPC Pessoa com Deficiência;Rio das Sereias;PA;HP002339FAM;Desatualizado;09/05/2024;5157529386;;Rio das Sereias;PA;07/2026
1264;250257173;Severo Tobias Fawcett;04/09/2019;Avenida Dona das Bruxas Sábias, 601 - Casa;Parque das Varinhas;98781764;Lílian Evelina Fawcett;Cessado;87 - BPC Pessoa com Deficiência;Baía do Caldeirão;CE;HP002340FAM;Atualizado;12/06/2026;5113783634;;Baía do Caldeirão;CE;10/2024
1265;483623098;Millicent Hooch Boot;17/04/2011;Alameda Sr. de Hogsmeade, 314 - Fundos;Vila Weasley;90867752;Astória Hooch Boot;Ativo;87 - BPC Pessoa com Deficiência;Fenda da Serpente;BA;HP002341FAM;Desatualizado;22/01/2024;7709822093;;Fenda da Serpente;BA;02/2021
1266;320760427;Merope Weasley Longbottom;19/02/1950;Alameda Dona das Bruxas Sábias, 604;Recanto dos Centauros;81522455;Charity Weasley Longbottom;Suspenso;88 - BPC Idoso;Baía do Caldeirão;CE;HP002342FAM;Atualizado;04/07/2025;5275247077;22218672466;Baía do Caldeirão;CE;11/2026
1267;368583842;Bilius Bones Pince;18/07/1948;Beco Dona dos Duendes, 908;Colônia Fenda da Serpente;04869731;Sibila Bones Pince;Cessado;88 - BPC Idoso;Vale do Godric;SP;HP002343FAM;Desatualizado;03/06/2024;4795773093;55581531720;Vale do Godric;SP;10/2025
1268;198653215;Hannah Moody;09/06/2019;Viela Mestre Beco Diagonal, 348 - Sobrado;Bairro dos Duendes;34626273;Pomona Moody;Bloqueado;87 - BPC Pessoa com Deficiência;Campo dos Centauros;GO;HP002345FAM;Desatualizado;12/11/2026;4505950227;;Campo dos Centauros;GO;11/2026
1269;251328004;Nevile Franklin Longbottom Corner;10/07/1990;Beco Prof. dos Feiticeiros, 765 - Fundos;Recanto dos Centauros;03364629;Cho Longbottom Corner;Cessado;87 - BPC Pessoa com Deficiência;Colina das Bruxas;RS;HP002347FAM;Desatualizado;07/02/2025;4962449597;18026751406;Serra da Coruja;PR;04/2026
1270;091537116;Ariana Wood Sinistra;18/04/1981;Alameda Dona dos Sonhadores, 89 - Casa;Bairro dos Duendes;22669342;Parvati Wood Sinistra;Ativo;87 - BPC Pessoa com Deficiência;Baía do Caldeirão;CE;HP002348FAM;Desatualizado;21/07/2026;3761380779;77829749335;Baía do Caldeirão;CE;07/2024
1271;488065779;Ninfadora Wood Sinistra;03/11/1965;Alameda Dona dos Sonhadores, 89 - Casa;Bairro dos Duendes;22669342;Parvati Wood Sinistra;Ativo;87 - BPC Pessoa com Deficiência;Baía do Caldeirão;CE;HP002348FAM;Desatualizado;21/07/2026;8500346740;25793994534;Baía do Caldeirão;CE;07/2026
1272;247263191;Dino Goldstein Wood;05/05/1976;Avenida Prof. do Caldeirão Furado, 975 - Casa;Bairro dos Duendes;17785844;Lavínia Goldstein Wood;Ativo;87 - BPC Pessoa com Deficiência;Fenda da Serpente;BA;HP002350FAM;Desatualizado;24/10/2026;9945389519;75587494335;Fenda da Serpente;BA;08/2021
1273;600636782;Grope Pince;08/11/1992;Travessa Mestre dos Alfeineiros, 330 - Fundos;Colônia Fenda da Serpente;94780051;Susana Pince;Ativo;87 - BPC Pessoa com Deficiência;Colina das Bruxas;RS;HP002351FAM;Desatualizado;17/05/2026;8249814528;68830133188;Vau das Poções;SC;07/2021
1274;527241970;Hannah Scrimgeour Parkinson;23/10/1945;Praça Mestre dos Trouxas, 48;Vila das Bruxas;67072201;Hermione Jane Scrimgeour Parkinson;Bloqueado;88 - BPC Idoso;Baía do Caldeirão;CE;HP002352FAM;Desatualizado;12/12/2023;8668437180;27032093120;Baía do Caldeirão;CE;03/2024
1275;095660539;Gregory Fudge Spinnet;15/07/2006;Travessa Prof. dos Dementadores Vencidos, 878 - Fundos;Vila Sonserina;88947757;Angelina Fudge Spinnet;Cessado;87 - BPC Pessoa com Deficiência;Serra da Coruja;PR;HP002353FAM;Atualizado;01/04/2024;9529909746;16065461716;Serra da Coruja;PR;05/2025
1276;564679332;Percy Ignácio Lovegood Burbage;11/06/1958;Praça Prof. da Lufa-Lufa, 498 - Apto 1;Bairro dos Duendes;11849247;Dolores Jane Lovegood Burbage;Bloqueado;87 - BPC Pessoa com Deficiência;Hogsmeade;MG;HP002357FAM;Desatualizado;26/10/2025;7834173135;03719703004;Hogsmeade;MG;01/2026
1277;234485436;Rufus Gaunt;13/01/1952;Travessa dos Sonhadores, 635 - Sobrado;Jardim Lufa-Lufa;18847105;Lílian Evelina Gaunt;Cessado;88 - BPC Idoso;Campo dos Centauros;GO;HP002358FAM;Desatualizado;09/09/2026;6855975752;21138472644;Campo dos Centauros;GO;03/2023
1278;294598301;Bilius Lupin Flitwick;06/10/1953;Praça Prof. dos Feiticeiros, 61 - Sobrado;Vila das Bruxas;73363468;Aurora Lupin Flitwick;Ativo;88 - BPC Idoso;Vale do Godric;SP;HP002364FAM;Atualizado;02/03/2023;4137551488;24583512717;Vila Trouxinha;RJ;07/2020
1279;045019910;Guilherme Lupin Flitwick;16/04/2007;Praça Prof. dos Feiticeiros, 61 - Sobrado;Vila das Bruxas;73363468;Aurora Lupin Flitwick;Ativo;87 - BPC Pessoa com Deficiência;Vale do Godric;SP;HP002364FAM;Atualizado;02/03/2023;5548123262;53263378860;Vale do Godric;SP;08/2023
1280;495213948;Miguel Carmichael Bones;20/11/2016;Praça das Bruxas Sábias, 711;Vila Weasley;06329247;Katie Carmichael Bones;Ativo;87 - BPC Pessoa com Deficiência;Vila Trouxinha;RJ;HP002366FAM;Desatualizado;03/12/2026;4192986900;;Vila Trouxinha;RJ;04/2021
1281;035153060;Luna Nott;14/06/1977;Avenida Mestre dos Alfeineiros, 852 - Sobrado;Recanto dos Centauros;17213090;Olívia Nott;Cessado;87 - BPC Pessoa com Deficiência;Hogsmeade;MG;HP002368FAM;Desatualizado;27/12/2020;2519182508;20905961207;Monte Fênix;ES;01/2021
1282;657248441;Carlota Nott;03/10/2005;Avenida Mestre dos Alfeineiros, 852 - Sobrado;Recanto dos Centauros;17213090;Olívia Nott;Ativo;87 - BPC Pessoa com Deficiência;Hogsmeade;MG;HP002368FAM;Desatualizado;27/12/2020;2488756612;86321411801;Hogsmeade;MG;04/2025
1283;981909310;Narcisa Nott;03/09/1944;Avenida Mestre dos Alfeineiros, 852 - Sobrado;Recanto dos Centauros;17213090;Olívia Nott;Cessado;88 - BPC Idoso;Hogsmeade;MG;HP002368FAM;Desatualizado;27/12/2020;1321303011;11593331060;Hogsmeade;MG;02/2022
1284;950204823;Gregory Macmillan Pince;15/08/1998;Praça Sr. das Vassouras Voadoras, 918 - Apto 1;Parque das Varinhas;77842288;Carlota Macmillan Pince;Ativo;87 - BPC Pessoa com Deficiência;Porto dos Duendes;PE;HP002369FAM;Desatualizado;09/08/2025;6867536301;64374188505;Porto dos Duendes;PE;08/2026
1285;992478891;Rúbeo Parkinson;10/04/1951;Beco Sr. Travessa do Tranco, 454 - Apto 1;Setor São Mungo;17317149;Dafne Parkinson;Ativo;88 - BPC Idoso;Fenda da Serpente;BA;HP002370FAM;Desatualizado;15/10/2026;4751357988;40312833262;Fenda da Serpente;BA;12/2024
1286;973277340;Gregory Parkinson;23/04/2001;Beco Sr. Travessa do Tranco, 454 - Apto 1;Setor São Mungo;17317149;Dafne Parkinson;Ativo;87 - BPC Pessoa com Deficiência;Fenda da Serpente;BA;HP002370FAM;Desatualizado;15/10/2026;3681334094;29717127025;Fenda da Serpente;BA;05/2026
1287;978404179;Fleur Slughorn;03/12/2017;Viela Mestre dos Alfeineiros, 905 - Sobrado;Vila Weasley;65962584;Ariana Slughorn;Ativo;87 - BPC Pessoa com Deficiência;Vau das Poções;SC;HP002372FAM;Atualizado;24/10/2025;2312005681;;Vau das Poções;SC;06/2023
1288;297035622;Miguel Malfoy McGonagall;07/05/1946;Avenida Sr. dos Centauros, 168 - Sobrado;Setor São Mungo;53922885;Luna Malfoy McGonagall;Ativo;88 - BPC Idoso;Vila Trouxinha;RJ;HP002378FAM;Desatualizado;24/04/2023;7377515236;91966501090;Vale do Godric;SP;06/2020
1289;380994641;Ariana Malfoy McGonagall;24/01/2019;Avenida Sr. dos Centauros, 168 - Sobrado;Setor São Mungo;53922885;Luna Malfoy McGonagall;Ativo;87 - BPC Pessoa com Deficiência;Vila Trouxinha;RJ;HP002378FAM;Desatualizado;24/04/2023;5978188526;;Vila Trouxinha;RJ;10/2022
1290;990852932;Sirius Orion Bagman Burbage;02/11/1950;Avenida Prof. dos Duendes, 849 - Fundos;Setor Mágico;57580036;Alícia Bagman Burbage;Cessado;88 - BPC Idoso;Fenda da Serpente;BA;HP002380FAM;Atualizado;27/07/2026;1507351649;12345006808;Fenda da Serpente;BA;04/2025
1291;340666195;Bathsheda Abbott;06/03/1945;Travessa Dona das Bruxas Sábias, 743 - Apto 1;Recanto do Caldeirão;46901492;Molly Prewett Abbott;Cessado;88 - BPC Idoso;Vale do Godric;SP;HP002387FAM;Desatualizado;28/03/2024;7808313957;90331244835;Vale do Godric;SP;04/2021
1292;344203850;Alvo Percival Abbott;20/05/1960;Travessa Dona das Bruxas Sábias, 743 - Apto 1;Recanto do Caldeirão;46901492;Molly Prewett Abbott;Ativo;88 - BPC Idoso;Vale do Godric;SP;HP002387FAM;Desatualizado;28/03/2024;0487228054;04559494921;Vale do Godric;SP;02/2026
1293;711514915;Estêvão Cornelius Abbott;10/01/1959;Travessa Dona das Bruxas Sábias, 743 - Apto 1;Recanto do Caldeirão;46901492;Molly Prewett Abbott;Cessado;88 - BPC Idoso;Vale do Godric;SP;HP002387FAM;Desatualizado;28/03/2024;1993043319;59913278829;Vale do Godric;SP;07/2025
1294;584394032;Carlota Burbage;26/06/1956;Alameda Mestre das Vassouras Voadoras, 884 - Casa;Jardim Hogsmeade;35057591;Susana Burbage;Ativo;88 - BPC Idoso;Campo dos Centauros;GO;HP002388FAM;Desatualizado;23/01/2023;6530364725;31049248136;Campo dos Centauros;GO;03/2023
1295;245470077;Alícia Crabbe Vance;10/07/1961;Rua Mestre do Torneio Tribruxo, 882 - Casa;Vila Trouxa;78216621;Fleur Crabbe Vance;Ativo;88 - BPC Idoso;Vale do Godric;SP;HP002390FAM;Desatualizado;24/06/2026;9432606801;48521049481;Vale do Godric;SP;04/2022
1296;843510051;Gemma Nott;14/12/1961;Alameda Prof. do Salgueiro Lutador, 583;Bairro dos Duendes;57412356;Sibila Nott;Bloqueado;88 - BPC Idoso;Rio das Sereias;PA;HP002395FAM;Desatualizado;28/10/2025;9425442370;14076169869;Rio das Sereias;PA;09/2021
1297;181096520;Lílian Evelina Diggle;18/04/1964;Alameda dos Dementadores Vencidos, 767 - Casa;Colônia Fenda da Serpente;59951968;Padma Diggle;Ativo;87 - BPC Pessoa com Deficiência;Colina das Bruxas;RS;HP002396FAM;Atualizado;27/10/2026;2641651697;40313285838;Colina das Bruxas;RS;03/2026
1298;735951873;Gregory Thomas Black;18/04/1955;Travessa dos Feiticeiros, 517 - Sobrado;Vila das Bruxas;08859072;Parvati Thomas Black;Ativo;88 - BPC Idoso;Hogsmeade;MG;HP002402FAM;Atualizado;15/08/2024;1675848899;17410062874;Hogsmeade;MG;06/2024
1299;737387401;Pansy McGonagall;04/09/1935;Alameda Mestre das Varinhas, 426 - Sobrado;Vila Trouxa;03486592;Petúnia McGonagall;Cessado;88 - BPC Idoso;Hogsmeade;MG;HP002404FAM;Desatualizado;28/06/2024;2715356300;06822048977;Hogsmeade;MG;03/2021
1300;225102767;Alastor Potter;11/08/1968;Travessa Mestre Fenícia, 185;Núcleo Hogwarts;31776049;Verônica Potter;Suspenso;87 - BPC Pessoa com Deficiência;Porto dos Duendes;PE;HP002406FAM;Atualizado;15/01/2023;7366975568;84015092548;Porto dos Duendes;PE;04/2020
1301;288210498;Harry Tiago Potter;03/08/1958;Travessa Mestre Fenícia, 185;Núcleo Hogwarts;31776049;Verônica Potter;Ativo;88 - BPC Idoso;Porto dos Duendes;PE;HP002406FAM;Atualizado;15/01/2023;6874180395;54227460157;Serra da Coruja;PR;01/2020
1302;987637376;Padma Jordan;28/01/1952;Beco Dona Beco Diagonal, 702 - Casa;Núcleo Hogwarts;45230859;Padma Jordan;Suspenso;88 - BPC Idoso;Rio das Sereias;PA;HP002407FAM;Atualizado;11/11/2025;9832905938;78280269009;Rio das Sereias;PA;11/2023
1303;770516919;Cedrico Trelawney;10/08/1961;Rua Sr. Fenícia, 79 - Casa;Jardim Lufa-Lufa;03006045;Lavínia Trelawney;Bloqueado;88 - BPC Idoso;Porto dos Duendes;PE;HP002410FAM;Desatualizado;11/11/2024;2320790704;73776032832;Porto dos Duendes;PE;04/2025
1304;469264830;Charity Granger Sprout;07/01/1955;Praça Dona do Torneio Tribruxo, 292 - Fundos;Núcleo Hogwarts;58902392;Aurora Granger Sprout;Ativo;88 - BPC Idoso;Serra da Coruja;PR;HP002411FAM;Atualizado;19/04/2026;2392470610;88313339176;Serra da Coruja;PR;06/2026
1305;144856105;Charity Black;25/01/2014;Alameda Dona da Sonserina, 835;Bairro dos Duendes;39820822;Katie Black;Bloqueado;87 - BPC Pessoa com Deficiência;Vale do Godric;SP;HP002412FAM;Desatualizado;13/02/2022;6460743401;;Vale do Godric;SP;01/2024
1306;336778530;Cornélio Black;25/11/2019;Alameda Dona da Sonserina, 835;Bairro dos Duendes;39820822;Katie Black;Bloqueado;87 - BPC Pessoa com Deficiência;Vale do Godric;SP;HP002412FAM;Desatualizado;13/02/2022;6486113816;;Vale do Godric;SP;12/2025
1307;021491188;Luna Lupin Sinistra;28/05/1961;Alameda Prof. do Salgueiro Lutador, 586 - Sobrado;Vila Weasley;83881576;Andrômeda Lupin Sinistra;Bloqueado;88 - BPC Idoso;Serra da Coruja;PR;HP002414FAM;Atualizado;14/10/2023;3289594751;68358363693;Serra da Coruja;PR;12/2020
1308;348290043;Astória Lupin Sinistra;08/07/2013;Alameda Prof. do Salgueiro Lutador, 586 - Sobrado;Vila Weasley;83881576;Andrômeda Lupin Sinistra;Suspenso;87 - BPC Pessoa com Deficiência;Serra da Coruja;PR;HP002414FAM;Atualizado;14/10/2023;8611296512;;Serra da Coruja;PR;04/2020
1309;233628922;Lavínia Goyle Flitwick;08/07/2004;Travessa Dona das Grifinórias, 51;Jardim Lufa-Lufa;17725320;Gemma Goyle Flitwick;Cessado;87 - BPC Pessoa com Deficiência;Vila Trouxinha;RJ;HP002415FAM;Atualizado;26/12/2026;6392303991;29023876282;Vila Trouxinha;RJ;04/2024
1310;377670938;Seamus Goyle Flitwick;03/08/1986;Travessa Dona das Grifinórias, 51;Jardim Lufa-Lufa;17725320;Gemma Goyle Flitwick;Ativo;87 - BPC Pessoa com Deficiência;Vila Trouxinha;RJ;HP002415FAM;Atualizado;26/12/2026;6398302330;94735180216;Vila Trouxinha;RJ;06/2020
1311;828710504;Horácio Hagrid Tonks;06/11/1964;Rua Mestre dos Trouxas, 345 - Fundos;Vila Weasley;37598751;Molly Prewett Hagrid Tonks;Ativo;87 - BPC Pessoa com Deficiência;Hogsmeade;MG;HP002416FAM;Desatualizado;13/11/2026;6348144674;95481356042;Hogsmeade;MG;10/2020
1312;583605783;Sirius Orion Hagrid Tonks;03/04/1959;Rua Mestre dos Trouxas, 345 - Fundos;Vila Weasley;37598751;Molly Prewett Hagrid Tonks;Ativo;88 - BPC Idoso;Hogsmeade;MG;HP002416FAM;Desatualizado;13/11/2026;5733055528;71257047435;Hogsmeade;MG;07/2023
1313;612004271;Dafne Gaunt Bulstrode;15/12/1975;Beco das Poções, 795 - Apto 1;Recanto dos Centauros;96011983;Aurora Gaunt Bulstrode;Cessado;87 - BPC Pessoa com Deficiência;Monte Fênix;ES;HP002421FAM;Atualizado;31/08/2026;4562358580;54681044586;Monte Fênix;ES;01/2020
1314;202573860;Alastor Snape;05/09/1957;Avenida Prof. das Vassouras Voadoras, 791 - Casa;Vila Corvinal;94070186;Padma Snape;Bloqueado;88 - BPC Idoso;Vila Trouxinha;RJ;HP002423FAM;Atualizado;18/02/2024;9768408237;97530459307;Serra da Coruja;PR;09/2026
1315;310146808;Elpídio Umbridge;06/01/1985;Avenida das Vassouras Voadoras, 763 - Apto 1;Vila Sonserina;32940362;Dafne Umbridge;Ativo;87 - BPC Pessoa com Deficiência;Vila Trouxinha;RJ;HP002424FAM;Desatualizado;23/01/2025;9268552448;69660434602;Vila Trouxinha;RJ;04/2025
1316;983551511;Bathsheda Diggory;20/08/1960;Praça dos Trouxas, 641;Parque das Varinhas;84638984;Gina Molly Diggory;Ativo;88 - BPC Idoso;Vila Trouxinha;RJ;HP002425FAM;Atualizado;17/03/2026;5378970694;71560531407;Vila Trouxinha;RJ;07/2024
1317;294853654;Nevile Franklin Diggory;15/10/1961;Praça dos Trouxas, 641;Parque das Varinhas;84638984;Gina Molly Diggory;Cessado;88 - BPC Idoso;Vila Trouxinha;RJ;HP002425FAM;Atualizado;17/03/2026;1845216343;59902845351;Hogsmeade;MG;04/2025
1318;252875712;Dédalo Diggory;04/04/1959;Beco Sr. do Torneio Tribruxo, 117 - Casa;Vila Weasley;78097970;Padma Diggory;Ativo;88 - BPC Idoso;Hogsmeade;MG;HP002430FAM;Desatualizado;25/01/2023;5684384980;51426813559;Hogsmeade;MG;12/2020
1319;202461050;Kingsley Lupin Goldstein;23/01/1945;Beco Sr. das Varinhas, 242 - Apto 1;Vila das Bruxas;90430922;Aurora Lupin Goldstein;Suspenso;88 - BPC Idoso;Vila Trouxinha;RJ;HP002432FAM;Desatualizado;29/07/2025;4032315016;06819621195;Vila Trouxinha;RJ;06/2025
1320;603068650;Horácio Parkinson;19/01/1999;Rua Mestre das Grifinórias, 728 - Sobrado;Vila Weasley;26885526;Petúnia Parkinson;Cessado;87 - BPC Pessoa com Deficiência;Colina das Bruxas;RS;HP002437FAM;Desatualizado;19/01/2025;6698743517;93611012186;Colina das Bruxas;RS;02/2024
1321;554467159;Katie Boot;13/12/1999;Viela Dona do Caldeirão Furado, 431 - Sobrado;Vila Trouxa;53727826;Wilhelmina Boot;Ativo;87 - BPC Pessoa com Deficiência;Porto dos Duendes;PE;HP002439FAM;Desatualizado;21/08/2024;1101091351;98365024325;Porto dos Duendes;PE;12/2026
1322;377382902;Minerva Jordan Goldstein;28/06/1942;Viela Mestre dos Trouxas, 199 - Fundos;Núcleo Hogwarts;95663070;Pansy Jordan Goldstein;Cessado;88 - BPC Idoso;Serra da Coruja;PR;HP002440FAM;Atualizado;24/02/2026;1140922071;27788367057;Serra da Coruja;PR;05/2024
1323;723861151;Pedro Sinistra;10/09/1945;Travessa Prof. dos Elfos Domésticos, 115 - Apto 1;Núcleo Hogwarts;08558025;Narcisa Sinistra;Ativo;88 - BPC Idoso;Porto dos Duendes;PE;HP002442FAM;Desatualizado;02/04/2026;4508300230;23756796790;Porto dos Duendes;PE;03/2021
1324;650911219;Ariana Crouch Creevey;04/07/1968;Travessa Sr. Travessa do Tranco, 950 - Apto 1;Parque das Varinhas;26594588;Lílian Evelina Crouch Creevey;Ativo;87 - BPC Pessoa com Deficiência;Porto dos Duendes;PE;HP002443FAM;Desatualizado;01/12/2024;3661659127;34891562509;Colina das Bruxas;RS;05/2025
1325;596048968;Astória Fawcett;19/06/1973;Travessa Sr. dos Dementadores Vencidos, 733 - Fundos;Jardim Lufa-Lufa;30320639;Muriel Fawcett;Ativo;87 - BPC Pessoa com Deficiência;Baía do Caldeirão;CE;HP002446FAM;Desatualizado;05/12/2025;2925240773;57616708604;Baía do Caldeirão;CE;09/2023
1326;621240402;Elpídio Wood;24/08/2017;Beco Mestre das Poções, 112 - Fundos;Recanto dos Centauros;33128106;Romilda Wood;Ativo;87 - BPC Pessoa com Deficiência;Porto dos Duendes;PE;HP002447FAM;Desatualizado;11/11/2026;4297107659;;Rio das Sereias;PA;04/2021
1327;533566893;Gregory Greengrass;13/12/1952;Avenida Dona da Sala Precisa, 886 - Apto 1;Núcleo Hogwarts;47549693;Gemma Greengrass;Suspenso;88 - BPC Idoso;Fenda da Serpente;BA;HP002448FAM;Atualizado;12/01/2026;1371438578;82837625912;Fenda da Serpente;BA;10/2025
1328;485074082;Padma Abbott;24/06/1973;Avenida dos Trouxas, 644 - Sobrado;Vila das Bruxas;96451041;Parvati Abbott;Bloqueado;87 - BPC Pessoa com Deficiência;Vila Trouxinha;RJ;HP002450FAM;Desatualizado;10/07/2026;2074648559;96888713034;Vila Trouxinha;RJ;07/2022
1329;165585697;Cedrico Slughorn;25/04/1959;Viela Sr. do Expresso de Hogwarts, 367 - Apto 1;Recanto do Caldeirão;85443727;Belatriz Lestrange Slughorn;Ativo;88 - BPC Idoso;Rio das Sereias;PA;HP002452FAM;Desatualizado;16/05/2024;2628899399;27063688297;Rio das Sereias;PA;08/2024
1330;837007624;Colin Weasley;13/11/1940;Alameda Mestre Beco Diagonal, 52;Colônia Fenda da Serpente;54261754;Petúnia Weasley;Ativo;88 - BPC Idoso;Serra da Coruja;PR;HP002453FAM;Atualizado;21/11/2026;0512441406;96062879048;Vale do Godric;SP;07/2026
1331;709199011;Pansy Dumbledore Scrimgeour;10/07/1960;Avenida Sr. das Varinhas, 103 - Apto 1;Recanto dos Centauros;56905081;Lílian Evelina Dumbledore Scrimgeour;Ativo;88 - BPC Idoso;Baía do Caldeirão;CE;HP002455FAM;Desatualizado;25/10/2026;0573834709;72705677867;Baía do Caldeirão;CE;07/2025
1332;259528081;Cedrico Dumbledore Scrimgeour;13/05/1958;Avenida Sr. das Varinhas, 103 - Apto 1;Recanto dos Centauros;56905081;Lílian Evelina Dumbledore Scrimgeour;Ativo;88 - BPC Idoso;Baía do Caldeirão;CE;HP002455FAM;Desatualizado;25/10/2026;0175270439;07580272658;Baía do Caldeirão;CE;09/2020
1333;892256975;Parvati Black;15/02/1952;Rua Prof. da Sala Precisa, 246 - Sobrado;Conjunto Grifinória;10407449;Millicent Black;Ativo;88 - BPC Idoso;Fenda da Serpente;BA;HP002458FAM;Desatualizado;01/12/2026;9051957096;60105212978;Fenda da Serpente;BA;11/2026
1334;483810881;Harry Tiago Snape Filch;24/03/1943;Beco Prof. do Quatro Privet Drive, 621 - Sobrado;Colônia Fenda da Serpente;27451192;Romilda Snape Filch;Suspenso;88 - BPC Idoso;Colina das Bruxas;RS;HP002460FAM;Atualizado;17/11/2024;9898525769;22941837972;Colina das Bruxas;RS;09/2026
1335;331211317;Arthur Septimus McGonagall Burbage;13/08/1964;Travessa Dona das Bruxas Sábias, 482 - Sobrado;Colônia Fenda da Serpente;46661419;Pansy McGonagall Burbage;Bloqueado;87 - BPC Pessoa com Deficiência;Rio das Sereias;PA;HP002466FAM;Desatualizado;19/06/2025;3317200554;32301561530;Rio das Sereias;PA;02/2026
1336;457084096;Miguel McGonagall Burbage;18/11/1998;Travessa Dona das Bruxas Sábias, 482 - Sobrado;Colônia Fenda da Serpente;46661419;Pansy McGonagall Burbage;Ativo;87 - BPC Pessoa com Deficiência;Rio das Sereias;PA;HP002466FAM;Desatualizado;19/06/2025;8644110040;92912841226;Rio das Sereias;PA;11/2026
1337;663591784;Hannah Patil Flint;28/01/1964;Viela Prof. da Sala Precisa, 464;Parque das Varinhas;13012942;Gemma Patil Flint;Ativo;87 - BPC Pessoa com Deficiência;Colina das Bruxas;RS;HP002467FAM;Desatualizado;03/03/2023;4100462633;00697565204;Colina das Bruxas;RS;04/2024
1338;838252791;Alícia Patil Flint;02/10/1953;Viela Prof. da Sala Precisa, 464;Parque das Varinhas;13012942;Gemma Patil Flint;Ativo;88 - BPC Idoso;Colina das Bruxas;RS;HP002467FAM;Desatualizado;03/03/2023;0398401914;49213906651;Vau das Poções;SC;07/2021
1339;819338967;Colin Meadowes;08/05/1959;Travessa Prof. dos Feiticeiros, 992 - Sobrado;Colônia Fenda da Serpente;57612632;Andrômeda Meadowes;Ativo;88 - BPC Idoso;Fenda da Serpente;BA;HP002468FAM;Atualizado;07/08/2025;5139021996;75532863035;Fenda da Serpente;BA;04/2021
1340;327249584;Pomona Parkinson;04/11/1957;Praça das Vassouras Voadoras, 812;Núcleo Hogwarts;15920681;Hermione Jane Parkinson;Bloqueado;88 - BPC Idoso;Vale do Godric;SP;HP002472FAM;Desatualizado;06/08/2026;1792025747;30983008844;Vale do Godric;SP;12/2022
1341;619159483;Alastor Parkinson;04/12/1956;Praça das Vassouras Voadoras, 812;Núcleo Hogwarts;15920681;Hermione Jane Parkinson;Ativo;88 - BPC Idoso;Vale do Godric;SP;HP002472FAM;Desatualizado;06/08/2026;6784822228;77320778499;Vale do Godric;SP;06/2026
1342;512364865;Alícia Black Filch;08/07/1959;Viela Dona dos Feiticeiros, 74;Parque das Varinhas;41283890;Dolores Jane Black Filch;Cessado;88 - BPC Idoso;Hogsmeade;MG;HP002474FAM;Atualizado;21/12/2024;8546774561;22376171124;Fenda da Serpente;BA;10/2020
1343;944144580;Minerva Black Filch;20/11/1959;Viela Dona dos Feiticeiros, 74;Parque das Varinhas;41283890;Dolores Jane Black Filch;Suspenso;88 - BPC Idoso;Hogsmeade;MG;HP002474FAM;Atualizado;21/12/2024;4592481411;55560916416;Hogsmeade;MG;08/2021
1344;022781300;Gregory Sinistra;04/05/1995;Praça do Salgueiro Lutador, 605 - Sobrado;Setor São Mungo;46565289;Romilda Sinistra;Ativo;87 - BPC Pessoa com Deficiência;Rio das Sereias;PA;HP002478FAM;Atualizado;24/09/2026;9906021235;28830522559;Rio das Sereias;PA;08/2024
1345;523083363;Millicent Burbage Snape;16/01/1941;Avenida Mestre do Quatro Privet Drive, 424 - Fundos;Vila das Bruxas;68917204;Minerva Burbage Snape;Ativo;88 - BPC Idoso;Vale do Godric;SP;HP002480FAM;Desatualizado;20/06/2025;7369511845;10555658680;Vale do Godric;SP;04/2024
1346;488757762;Zacarias Johnson Krum;14/06/1973;Alameda do Torneio Tribruxo, 678 - Sobrado;Vila Trouxa;00357162;Gina Molly Johnson Krum;Ativo;87 - BPC Pessoa com Deficiência;Hogsmeade;MG;HP002485FAM;Desatualizado;07/12/2026;8664913485;35026371721;Hogsmeade;MG;04/2026
1347;730775557;Teodoro Umbridge;17/01/1961;Travessa Sr. da Corvinal, 143;Jardim Lufa-Lufa;97118147;Charity Umbridge;Suspenso;88 - BPC Idoso;Campo dos Centauros;GO;HP002487FAM;Desatualizado;12/07/2026;5808808983;35515094096;Campo dos Centauros;GO;09/2020
1348;203722330;Basilio Finch-Fletchley;01/05/1978;Viela Dona dos Trouxas, 266 - Fundos;Vila Weasley;46693005;Charity Finch-Fletchley;Ativo;87 - BPC Pessoa com Deficiência;Porto dos Duendes;PE;HP002488FAM;Atualizado;22/05/2026;5530035024;81742146402;Porto dos Duendes;PE;11/2020
1349;980752263;Basilio Finch-Fletchley;14/11/1956;Viela Dona dos Trouxas, 266 - Fundos;Vila Weasley;46693005;Charity Finch-Fletchley;Ativo;88 - BPC Idoso;Porto dos Duendes;PE;HP002488FAM;Atualizado;22/05/2026;3361050317;95486915405;Porto dos Duendes;PE;07/2023
1350;861837091;Lúcio Abraxas Burbage;22/02/1960;Rua Prof. Fenícia, 941 - Sobrado;Vila Sonserina;76996668;Luna Burbage;Suspenso;88 - BPC Idoso;Colina das Bruxas;RS;HP002489FAM;Atualizado;28/07/2023;7203018628;38000446764;Campo dos Centauros;GO;09/2023
1351;614805787;Rony Bilius Krum;04/01/1959;Rua Sr. do Salgueiro Lutador, 721 - Apto 1;Vila Sonserina;08806897;Muriel Krum;Ativo;88 - BPC Idoso;Fenda da Serpente;BA;HP002494FAM;Desatualizado;30/10/2026;1942371523;91137505854;Fenda da Serpente;BA;07/2024
1352;508626907;Zacarias Krum;09/08/1959;Rua Sr. do Salgueiro Lutador, 721 - Apto 1;Vila Sonserina;08806897;Muriel Krum;Cessado;88 - BPC Idoso;Fenda da Serpente;BA;HP002494FAM;Desatualizado;30/10/2026;1412381728;87397326069;Fenda da Serpente;BA;09/2021
1353;903142096;Estêvão Fudge;24/05/1964;Avenida Sr. dos Sonhadores, 860 - Sobrado;Conjunto Grifinória;80948133;Popy Fudge;Cessado;87 - BPC Pessoa com Deficiência;Colina das Bruxas;RS;HP002497FAM;Desatualizado;01/12/2023;6795657304;50482210363;Vale do Godric;SP;12/2020
1354;773073858;Tiago Carlus Fudge;06/05/1936;Avenida Sr. dos Sonhadores, 860 - Sobrado;Conjunto Grifinória;80948133;Popy Fudge;Bloqueado;88 - BPC Idoso;Colina das Bruxas;RS;HP002497FAM;Desatualizado;01/12/2023;9442470746;91064150167;Baía do Caldeirão;CE;04/2021
1355;042835986;Lílian Evelina Abbott Nott;16/04/1952;Beco do Salgueiro Lutador, 666 - Apto 1;Setor São Mungo;74834853;Emelina Abbott Nott;Cessado;88 - BPC Idoso;Monte Fênix;ES;HP002500FAM;Desatualizado;22/11/2026;4659774422;48336703998;Monte Fênix;ES;07/2020
1356;580794136;Carlota Greengrass;08/09/1960;Avenida Mestre do Salgueiro Lutador, 747 - Sobrado;Vila Weasley;62412307;Katie Greengrass;Ativo;88 - BPC Idoso;Campo dos Centauros;GO;HP002502FAM;Desatualizado;21/01/2026;5626759643;07800125261;Campo dos Centauros;GO;03/2025
1357;350638656;Pomona Slughorn Pomfrey;01/11/2018;Rua da Lufa-Lufa, 7 - Fundos;Vila Weasley;01367686;Hannah Slughorn Pomfrey;Suspenso;87 - BPC Pessoa com Deficiência;Vila Trouxinha;RJ;HP002504FAM;Desatualizado;07/04/2026;5238748439;;Vila Trouxinha;RJ;10/2026
1358;133816530;Ninfadora Finch-Fletchley;16/06/1989;Viela Sr. da Corvinal, 905 - Sobrado;Jardim Lufa-Lufa;81332661;Andrômeda Finch-Fletchley;Bloqueado;87 - BPC Pessoa com Deficiência;Vau das Poções;SC;HP002505FAM;Desatualizado;19/04/2026;2093205672;97558480881;Vau das Poções;SC;05/2020
1359;781210147;Severo Tobias Finch-Fletchley;16/04/1960;Viela Sr. da Corvinal, 905 - Sobrado;Jardim Lufa-Lufa;81332661;Andrômeda Finch-Fletchley;Ativo;88 - BPC Idoso;Vau das Poções;SC;HP002505FAM;Desatualizado;19/04/2026;9062664200;61809535462;Vau das Poções;SC;09/2026
1360;651322892;Dédalo Spinnet Lovegood;23/10/1960;Beco Prof. das Grifinórias, 470;Núcleo Hogwarts;50146676;Aurora Spinnet Lovegood;Ativo;87 - BPC Pessoa com Deficiência;Colina das Bruxas;RS;HP002506FAM;Atualizado;21/01/2026;1972223302;07842523192;Colina das Bruxas;RS;05/2025
1361;761187034;Rony Bilius Spinnet Lovegood;22/10/1951;Beco Prof. das Grifinórias, 470;Núcleo Hogwarts;50146676;Aurora Spinnet Lovegood;Ativo;88 - BPC Idoso;Colina das Bruxas;RS;HP002506FAM;Atualizado;21/01/2026;3227888085;14379869600;Colina das Bruxas;RS;10/2026
1362;357498144;Harry Tiago Delacour Goyle;11/05/1989;Praça Sr. das Corujas, 415;Recanto dos Centauros;62361153;Millicent Delacour Goyle;Ativo;87 - BPC Pessoa com Deficiência;Rio das Sereias;PA;HP002507FAM;Desatualizado;22/01/2026;3707825813;59275518318;Rio das Sereias;PA;03/2024
1363;688148021;Sibila Delacour Goyle;19/01/1975;Praça Sr. das Corujas, 415;Recanto dos Centauros;62361153;Millicent Delacour Goyle;Ativo;87 - BPC Pessoa com Deficiência;Rio das Sereias;PA;HP002507FAM;Desatualizado;22/01/2026;2508795678;66063537855;Rio das Sereias;PA;12/2025
1364;101170347;Ariana Crabbe McGonagall;08/04/1954;Rua Mestre dos Dementadores Vencidos, 597;Núcleo Hogwarts;04258065;Verônica Crabbe McGonagall;Ativo;88 - BPC Idoso;Colina das Bruxas;RS;HP002508FAM;Desatualizado;10/11/2024;4211639289;07656871430;Porto dos Duendes;PE;05/2020
1365;611131300;Aurora Fawcett Thomas;16/11/1944;Beco Sr. dos Duendes, 317 - Sobrado;Jardim Lufa-Lufa;46280988;Alícia Fawcett Thomas;Ativo;88 - BPC Idoso;Fenda da Serpente;BA;HP002511FAM;Desatualizado;03/04/2025;2718750653;30370349804;Fenda da Serpente;BA;05/2024
1366;520255715;Carlinhos Fawcett Thomas;28/07/1959;Beco Sr. dos Duendes, 317 - Sobrado;Jardim Lufa-Lufa;46280988;Alícia Fawcett Thomas;Ativo;88 - BPC Idoso;Fenda da Serpente;BA;HP002511FAM;Desatualizado;03/04/2025;7672591321;32522070368;Fenda da Serpente;BA;07/2024
1367;205716521;Cho Dumbledore;25/05/1999;Beco Mestre das Grifinórias, 75;Conjunto Grifinória;20852699;Hannah Dumbledore;Suspenso;87 - BPC Pessoa com Deficiência;Baía do Caldeirão;CE;HP002516FAM;Desatualizado;26/12/2026;5143367448;84402515806;Baía do Caldeirão;CE;12/2023
1368;866534201;Dennis Dumbledore;03/12/1953;Beco Mestre das Grifinórias, 75;Conjunto Grifinória;20852699;Hannah Dumbledore;Ativo;88 - BPC Idoso;Baía do Caldeirão;CE;HP002516FAM;Desatualizado;26/12/2026;5386941191;45126568719;Baía do Caldeirão;CE;10/2026
1369;199151956;Grope Granger Diggle;10/05/1989;Viela dos Sonhadores, 16 - Fundos;Recanto do Caldeirão;73701932;Charity Granger Diggle;Bloqueado;87 - BPC Pessoa com Deficiência;Campo dos Centauros;GO;HP002519FAM;Desatualizado;29/03/2022;9954653020;06238396609;Campo dos Centauros;GO;08/2021
1370;534508156;Bilius Malfoy;17/10/1958;Alameda Mestre do Salgueiro Lutador, 591 - Fundos;Recanto dos Centauros;15956065;Emelina Malfoy;Suspenso;88 - BPC Idoso;Porto dos Duendes;PE;HP002520FAM;Atualizado;04/05/2020;9652719757;53795205296;Porto dos Duendes;PE;05/2024
1371;160147356;Horácio Malfoy;20/01/1956;Alameda Mestre do Salgueiro Lutador, 591 - Fundos;Recanto dos Centauros;15956065;Emelina Malfoy;Ativo;88 - BPC Idoso;Porto dos Duendes;PE;HP002520FAM;Atualizado;04/05/2020;8037299580;82120386456;Porto dos Duendes;PE;12/2022
1372;061475515;Lavínia Macmillan Thomas;16/11/1947;Beco Mestre das Bruxas Sábias, 138 - Fundos;Vila Sonserina;66352632;Romilda Macmillan Thomas;Bloqueado;88 - BPC Idoso;Fenda da Serpente;BA;HP002521FAM;Atualizado;13/03/2026;2031267016;47730751711;Baía do Caldeirão;CE;01/2025
1373;197123230;Belatriz Lestrange Parkinson;25/01/1957;Praça Dona do Salgueiro Lutador, 920 - Sobrado;Recanto do Caldeirão;72236732;Verônica Parkinson;Ativo;88 - BPC Idoso;Vau das Poções;SC;HP002522FAM;Desatualizado;10/09/2023;5869309564;91471389801;Vau das Poções;SC;09/2021
1374;699163700;Gemma Prewett Bell;22/06/1961;Viela Dona da Sonserina, 815;Bairro dos Duendes;17916404;Belatriz Lestrange Prewett Bell;Ativo;88 - BPC Idoso;Colina das Bruxas;RS;HP002524FAM;Desatualizado;17/11/2026;0020198556;99298515262;Campo dos Centauros;GO;05/2025
1375;720320673;Horácio McGonagall;14/11/1956;Rua Sr. da Sonserina, 553 - Apto 1;Conjunto Grifinória;05747777;Aurora McGonagall;Ativo;88 - BPC Idoso;Baía do Caldeirão;CE;HP002525FAM;Desatualizado;03/01/2021;9339687054;28699682056;Rio das Sereias;PA;06/2022
1376;017318272;Charity Slughorn Delacour;22/06/1952;Rua das Bruxas Sábias, 510 - Apto 1;Setor Mágico;97234135;Luna Slughorn Delacour;Ativo;88 - BPC Idoso;Serra da Coruja;PR;HP002526FAM;Atualizado;01/12/2025;2142598025;23577871632;Serra da Coruja;PR;07/2025
1377;463556172;Ernesto Slughorn Delacour;24/05/2009;Rua das Bruxas Sábias, 510 - Apto 1;Setor Mágico;97234135;Luna Slughorn Delacour;Bloqueado;87 - BPC Pessoa com Deficiência;Serra da Coruja;PR;HP002526FAM;Atualizado;01/12/2025;5021391312;;Campo dos Centauros;GO;07/2022
1378;341418669;Ludo Johnson Zabini;13/06/1989;Praça Mestre da Lufa-Lufa, 8 - Casa;Recanto dos Centauros;47810625;Katie Johnson Zabini;Suspenso;87 - BPC Pessoa com Deficiência;Colina das Bruxas;RS;HP002528FAM;Desatualizado;02/10/2023;4730105437;76199917785;Campo dos Centauros;GO;10/2020
1379;653560575;Amos Flint;24/04/2014;Rua Sr. dos Centauros, 11 - Casa;Vila Sonserina;69552280;Pansy Flint;Cessado;87 - BPC Pessoa com Deficiência;Fenda da Serpente;BA;HP002531FAM;Atualizado;08/09/2026;7513382814;;Fenda da Serpente;BA;11/2024
1380;592111439;Elpídio Gaunt;05/01/1995;Avenida Sr. da Pedra Filosofal, 584;Vila das Bruxas;83076439;Muriel Gaunt;Bloqueado;87 - BPC Pessoa com Deficiência;Porto dos Duendes;PE;HP002540FAM;Atualizado;14/09/2026;9194448616;86643908430;Porto dos Duendes;PE;05/2024
1381;450885805;Fernanda Corner;23/01/1961;Beco Mestre das Poções, 90 - Apto 1;Vila Trouxa;36979135;Parvati Corner;Ativo;88 - BPC Idoso;Hogsmeade;MG;HP002541FAM;Desatualizado;01/08/2026;7273682461;47103523136;Vale do Godric;SP;04/2021
1382;065529396;Argos Potter Trelawney;11/06/1994;Praça Mestre dos Feiticeiros, 852;Recanto do Caldeirão;18244212;Lílian Evelina Potter Trelawney;Ativo;87 - BPC Pessoa com Deficiência;Hogsmeade;MG;HP002542FAM;Desatualizado;01/07/2025;7037952654;81646645291;Hogsmeade;MG;09/2020
1383;628979217;Guilherme Thomas;01/12/1991;Travessa Sr. Beco Diagonal, 19 - Casa;Vila das Bruxas;66478764;Muriel Thomas;Cessado;87 - BPC Pessoa com Deficiência;Colina das Bruxas;RS;HP002545FAM;Desatualizado;21/10/2026;2687685329;72213961836;Colina das Bruxas;RS;12/2026
1384;521056982;Romilda Diggle McGonagall;16/08/2005;Praça dos Centauros, 7 - Fundos;Recanto dos Centauros;15452322;Fleur Diggle McGonagall;Ativo;87 - BPC Pessoa com Deficiência;Serra da Coruja;PR;HP002546FAM;Desatualizado;20/09/2025;2579691281;37831013014;Serra da Coruja;PR;07/2024
1385;415729446;Merope Goldstein;22/12/2015;Viela Dona da Sala Precisa, 398 - Apto 1;Bairro dos Duendes;38182074;Pomona Goldstein;Ativo;87 - BPC Pessoa com Deficiência;Vale do Godric;SP;HP002548FAM;Desatualizado;03/11/2026;7872681347;;Vale do Godric;SP;04/2021
1386;412374910;Emelina Flitwick Longbottom;14/12/1939;Viela dos Alfeineiros, 919;Vila Corvinal;52530333;Fernanda Flitwick Longbottom;Ativo;88 - BPC Idoso;Hogsmeade;MG;HP002554FAM;Desatualizado;05/10/2025;6329453414;63339652433;Vila Trouxinha;RJ;04/2025
1387;804053039;Romilda Trelawney;26/04/1959;Beco Mestre dos Centauros, 428 - Fundos;Vila das Bruxas;39861451;Dafne Trelawney;Ativo;88 - BPC Idoso;Campo dos Centauros;GO;HP002556FAM;Desatualizado;29/06/2025;0085055249;30977267216;Campo dos Centauros;GO;03/2023
1388;749874207;Belatriz Lestrange Meadowes;06/06/1979;Avenida Prof. da Lufa-Lufa, 532 - Apto 1;Parque das Varinhas;26247821;Romilda Meadowes;Ativo;87 - BPC Pessoa com Deficiência;Fenda da Serpente;BA;HP002558FAM;Desatualizado;04/06/2025;2372208824;87338525298;Fenda da Serpente;BA;11/2025
1389;228554684;Alícia Meadowes;17/01/1950;Avenida Prof. da Lufa-Lufa, 532 - Apto 1;Parque das Varinhas;26247821;Romilda Meadowes;Ativo;88 - BPC Idoso;Fenda da Serpente;BA;HP002558FAM;Desatualizado;04/06/2025;3537712454;65861862349;Fenda da Serpente;BA;10/2022
1390;221576047;Pomona Thomas;19/09/1973;Rua Sr. da Pedra Filosofal, 817 - Casa;Vila Corvinal;29907422;Sibila Thomas;Ativo;87 - BPC Pessoa com Deficiência;Monte Fênix;ES;HP002560FAM;Atualizado;15/11/2025;8139958467;68450594891;Monte Fênix;ES;01/2023
1391;617811258;Charity Jordan;22/01/2012;Avenida Mestre da Sala Precisa, 806 - Sobrado;Vila Weasley;76884198;Wilhelmina Jordan;Ativo;87 - BPC Pessoa com Deficiência;Serra da Coruja;PR;HP002562FAM;Desatualizado;21/07/2026;8831842661;;Monte Fênix;ES;03/2025
1392;018641976;Cornélio Jordan;10/09/1957;Avenida Mestre da Sala Precisa, 806 - Sobrado;Vila Weasley;76884198;Wilhelmina Jordan;Cessado;88 - BPC Idoso;Serra da Coruja;PR;HP002562FAM;Desatualizado;21/07/2026;5793708483;29050316206;Serra da Coruja;PR;11/2020
1393;785802682;Hermione Jane Jordan;21/08/1939;Avenida Mestre da Sala Precisa, 806 - Sobrado;Vila Weasley;76884198;Wilhelmina Jordan;Suspenso;88 - BPC Idoso;Serra da Coruja;PR;HP002562FAM;Desatualizado;21/07/2026;5656617475;16194285476;Serra da Coruja;PR;03/2022
1394;926292193;Dolores Jane Slughorn;06/03/1983;Alameda Dona das Poções, 671 - Casa;Vila Corvinal;09930058;Merope Slughorn;Suspenso;87 - BPC Pessoa com Deficiência;Colina das Bruxas;RS;HP002563FAM;Atualizado;12/07/2026;2696219085;74898962312;Colina das Bruxas;RS;10/2025
1395;090039821;Rúben Nott;25/10/2002;Avenida Prof. dos Elfos Domésticos, 57 - Fundos;Conjunto Grifinória;51438767;Luna Nott;Cessado;87 - BPC Pessoa com Deficiência;Rio das Sereias;PA;HP002565FAM;Desatualizado;24/09/2025;3839160211;41334354608;Rio das Sereias;PA;12/2023
1396;487181184;Rita Nott;11/09/2012;Avenida Prof. dos Elfos Domésticos, 57 - Fundos;Conjunto Grifinória;51438767;Luna Nott;Bloqueado;87 - BPC Pessoa com Deficiência;Rio das Sereias;PA;HP002565FAM;Desatualizado;24/09/2025;8301310102;;Rio das Sereias;PA;11/2021
1397;090439030;Romilda Weasley;04/03/2003;Rua Sr. do Torneio Tribruxo, 41 - Fundos;Recanto do Caldeirão;31957633;Parvati Weasley;Ativo;87 - BPC Pessoa com Deficiência;Baía do Caldeirão;CE;HP002567FAM;Atualizado;07/02/2026;0748175963;65507934839;Baía do Caldeirão;CE;02/2025
1398;740179626;Gregory Sprout;01/12/1973;Praça Prof. do Caldeirão Furado, 271 - Apto 1;Jardim Lufa-Lufa;41484759;Angelina Sprout;Ativo;87 - BPC Pessoa com Deficiência;Porto dos Duendes;PE;HP002571FAM;Desatualizado;11/11/2026;3829771192;56679411399;Porto dos Duendes;PE;08/2022
1399;021197725;Carlinhos Chang;16/11/1959;Rua Dona das Varinhas, 889;Vila Sonserina;07007923;Astória Chang;Bloqueado;88 - BPC Idoso;Campo dos Centauros;GO;HP002572FAM;Atualizado;01/05/2021;2891845648;00150183934;Campo dos Centauros;GO;12/2025
1400;256406229;Emelina Chang;13/08/1956;Rua Dona das Varinhas, 889;Vila Sonserina;07007923;Astória Chang;Suspenso;88 - BPC Idoso;Campo dos Centauros;GO;HP002572FAM;Atualizado;01/05/2021;4589740890;44928158800;Campo dos Centauros;GO;04/2020
1401;338880241;Lúcio Abraxas Scrimgeour Goldstein;08/12/1946;Praça das Grifinórias, 211 - Sobrado;Colônia Fenda da Serpente;91755945;Belatriz Lestrange Scrimgeour Goldstein;Ativo;88 - BPC Idoso;Baía do Caldeirão;CE;HP002574FAM;Desatualizado;16/10/2022;8787446054;82674567917;Vale do Godric;SP;06/2025
1402;590456450;Merope Moody Sprout;08/08/1982;Rua Mestre do Caldeirão Furado, 804 - Casa;Vila das Bruxas;68169660;Susana Moody Sprout;Ativo;87 - BPC Pessoa com Deficiência;Fenda da Serpente;BA;HP002576FAM;Desatualizado;09/07/2026;8659355445;91429856252;Fenda da Serpente;BA;11/2026
1403;607469227;Charity Crouch;20/01/1954;Alameda Mestre dos Duendes, 793 - Sobrado;Vila Weasley;92894921;Minerva Crouch;Ativo;88 - BPC Idoso;Colina das Bruxas;RS;HP002577FAM;Desatualizado;26/06/2025;7415191419;25108429279;Colina das Bruxas;RS;07/2020
1404;835265660;Horácio Moody Carmichael;22/05/1945;Beco Prof. das Corujas, 606 - Casa;Vila Trouxa;17409054;Wilhelmina Moody Carmichael;Cessado;88 - BPC Idoso;Colina das Bruxas;RS;HP002579FAM;Atualizado;29/03/2024;2661623842;32529990995;Colina das Bruxas;RS;02/2022
1405;696491371;Vicente Fawcett;04/11/1938;Praça das Poções, 899 - Sobrado;Vila Weasley;24372951;Narcisa Fawcett;Ativo;88 - BPC Idoso;Rio das Sereias;PA;HP002581FAM;Desatualizado;02/04/2021;0101403919;88368978519;Rio das Sereias;PA;12/2026
1406;784136055;Andrômeda Fawcett;06/01/1965;Praça das Poções, 899 - Sobrado;Vila Weasley;24372951;Narcisa Fawcett;Ativo;87 - BPC Pessoa com Deficiência;Rio das Sereias;PA;HP002581FAM;Desatualizado;02/04/2021;4568601875;49474405625;Rio das Sereias;PA;12/2026
1407;783788437;Estúrgio Burbage;14/11/1960;Travessa Mestre das Corujas, 602 - Casa;Vila Weasley;76876799;Minerva Burbage;Ativo;88 - BPC Idoso;Vale do Godric;SP;HP002583FAM;Atualizado;19/05/2022;6679035246;41854155248;Vale do Godric;SP;10/2021
1408;203577880;Wilhelmina Krum Slughorn;19/01/1960;Avenida Prof. das Varinhas, 376;Vila Trouxa;92613688;Petúnia Krum Slughorn;Bloqueado;88 - BPC Idoso;Monte Fênix;ES;HP002587FAM;Desatualizado;16/03/2025;6003730359;41112486243;Monte Fênix;ES;10/2023
1409;380963212;Cornélio Krum Slughorn;23/11/2013;Avenida Prof. das Varinhas, 376;Vila Trouxa;92613688;Petúnia Krum Slughorn;Bloqueado;87 - BPC Pessoa com Deficiência;Monte Fênix;ES;HP002587FAM;Desatualizado;16/03/2025;8997960812;;Monte Fênix;ES;10/2020
1410;836979720;Pomona Krum Slughorn;14/09/1951;Avenida Prof. das Varinhas, 376;Vila Trouxa;92613688;Petúnia Krum Slughorn;Ativo;88 - BPC Idoso;Monte Fênix;ES;HP002587FAM;Desatualizado;16/03/2025;5972511867;90226556364;Monte Fênix;ES;09/2026
1411;176560648;Rony Bilius Lovegood Lestrange;14/12/1973;Beco Sr. das Corujas, 583;Vila Trouxa;64357177;Sibila Lovegood Lestrange;Ativo;87 - BPC Pessoa com Deficiência;Hogsmeade;MG;HP002589FAM;Desatualizado;18/04/2025;4820142935;00110025904;Rio das Sereias;PA;05/2025
1412;605923549;Guilherme Boot;18/06/1939;Alameda Mestre das Corujas, 165 - Casa;Vila Sonserina;51298230;Fleur Boot;Bloqueado;88 - BPC Idoso;Rio das Sereias;PA;HP002590FAM;Atualizado;16/09/2024;6656028355;04430043409;Rio das Sereias;PA;04/2021
1413;337598406;Grope Fenwick;24/07/2018;Travessa Mestre do Expresso de Hogwarts, 81 - Apto 1;Parque das Varinhas;49816420;Charity Fenwick;Suspenso;87 - BPC Pessoa com Deficiência;Colina das Bruxas;RS;HP002591FAM;Desatualizado;19/04/2025;3829084806;;Colina das Bruxas;RS;07/2023
1414;467842706;Charity Bulstrode;18/03/1960;Avenida Mestre do Quatro Privet Drive, 336;Bairro dos Duendes;99489514;Charity Bulstrode;Ativo;88 - BPC Idoso;Vila Trouxinha;RJ;HP002592FAM;Desatualizado;09/11/2025;6772008524;51655331074;Vila Trouxinha;RJ;10/2026
1415;797991127;Popy Snape Wood;25/06/1938;Travessa Mestre da Corvinal, 374 - Casa;Setor Mágico;38982801;Gemma Snape Wood;Ativo;88 - BPC Idoso;Baía do Caldeirão;CE;HP002596FAM;Atualizado;15/11/2025;8846427646;43915330909;Baía do Caldeirão;CE;07/2020
1416;969688261;Gregory Snape Wood;07/05/1991;Travessa Mestre da Corvinal, 374 - Casa;Setor Mágico;38982801;Gemma Snape Wood;Bloqueado;87 - BPC Pessoa com Deficiência;Baía do Caldeirão;CE;HP002596FAM;Atualizado;15/11/2025;8740303869;51243539296;Baía do Caldeirão;CE;01/2026
1417;097575405;George Nott Sinistra;07/07/1937;Alameda do Caldeirão Furado, 958;Bairro dos Duendes;17146524;Andrômeda Nott Sinistra;Ativo;88 - BPC Idoso;Fenda da Serpente;BA;HP002597FAM;Desatualizado;30/06/2026;0209082679;23745006401;Campo dos Centauros;GO;11/2024
1418;832885709;Filch Creevey Parkinson;26/06/1945;Alameda Sr. da Sala Precisa, 802;Vila Sonserina;70428720;Alícia Creevey Parkinson;Bloqueado;88 - BPC Idoso;Vau das Poções;SC;HP002598FAM;Atualizado;16/02/2024;4836886060;63681172490;Vau das Poções;SC;03/2023
1419;833518763;Draco Lúcio Fawcett Spinnet;26/09/1949;Beco Dona das Vassouras Voadoras, 805 - Casa;Recanto do Caldeirão;89971347;Merope Fawcett Spinnet;Ativo;88 - BPC Idoso;Vila Trouxinha;RJ;HP002600FAM;Desatualizado;06/11/2026;9074676326;29925223254;Vila Trouxinha;RJ;06/2026
1420;986754713;Ariana Crabbe;21/04/1968;Avenida Dona da Corvinal, 814 - Casa;Recanto dos Centauros;34545129;Molly Prewett Crabbe;Ativo;87 - BPC Pessoa com Deficiência;Fenda da Serpente;BA;HP002602FAM;Desatualizado;15/07/2024;6654974598;53125878009;Fenda da Serpente;BA;09/2020
1421;074057920;Lavínia Crabbe;17/02/2013;Avenida Dona da Corvinal, 814 - Casa;Recanto dos Centauros;34545129;Molly Prewett Crabbe;Ativo;87 - BPC Pessoa com Deficiência;Fenda da Serpente;BA;HP002602FAM;Desatualizado;15/07/2024;7070311393;;Fenda da Serpente;BA;02/2020
1422;210644529;Dino Sinistra Umbridge;19/12/1988;Alameda Sr. das Vassouras Voadoras, 625;Vila das Bruxas;60589663;Fernanda Sinistra Umbridge;Suspenso;87 - BPC Pessoa com Deficiência;Vau das Poções;SC;HP002604FAM;Desatualizado;22/11/2025;0699764438;76706732306;Vau das Poções;SC;04/2020
1423;721960537;Susana Sinistra Umbridge;17/08/2008;Alameda Sr. das Vassouras Voadoras, 625;Vila das Bruxas;60589663;Fernanda Sinistra Umbridge;Bloqueado;87 - BPC Pessoa com Deficiência;Vau das Poções;SC;HP002604FAM;Desatualizado;22/11/2025;9278165941;09088860630;Vau das Poções;SC;11/2020
1424;046371887;Fred Weasley;21/11/1956;Avenida Sr. do Torneio Tribruxo, 409 - Apto 1;Vila das Bruxas;70208828;Padma Weasley;Bloqueado;88 - BPC Idoso;Hogsmeade;MG;HP002606FAM;Atualizado;07/06/2025;1750560508;16920449907;Hogsmeade;MG;03/2024
1425;279559928;Merope Spinnet;22/05/1973;Viela dos Sonhadores, 472 - Sobrado;Núcleo Hogwarts;52366481;Belatriz Lestrange Spinnet;Cessado;87 - BPC Pessoa com Deficiência;Porto dos Duendes;PE;HP002607FAM;Desatualizado;23/06/2026;2475758739;84005783928;Porto dos Duendes;PE;03/2026
1426;988850383;Teodoro Spinnet;27/08/1948;Viela dos Sonhadores, 472 - Sobrado;Núcleo Hogwarts;52366481;Belatriz Lestrange Spinnet;Ativo;88 - BPC Idoso;Porto dos Duendes;PE;HP002607FAM;Desatualizado;23/06/2026;3140141841;52998396698;Porto dos Duendes;PE;01/2023
1427;615478676;Estêvão Spinnet;02/01/1957;Viela dos Sonhadores, 472 - Sobrado;Núcleo Hogwarts;52366481;Belatriz Lestrange Spinnet;Suspenso;88 - BPC Idoso;Porto dos Duendes;PE;HP002607FAM;Desatualizado;23/06/2026;7519943883;76443234578;Rio das Sereias;PA;08/2021
1428;171552460;Popy Vance Fudge;22/01/1960;Avenida Sr. Fenícia, 233 - Apto 1;Parque das Varinhas;05951747;Angelina Vance Fudge;Cessado;88 - BPC Idoso;Serra da Coruja;PR;HP002609FAM;Atualizado;02/11/2025;9900560027;81248247208;Serra da Coruja;PR;07/2023
1429;284354606;Charity Vance Fudge;04/10/1974;Avenida Sr. Fenícia, 233 - Apto 1;Parque das Varinhas;05951747;Angelina Vance Fudge;Ativo;87 - BPC Pessoa com Deficiência;Serra da Coruja;PR;HP002609FAM;Atualizado;02/11/2025;1033370629;33920230519;Serra da Coruja;PR;11/2022
1430;943142024;Horácio Hagrid Snape;27/04/1976;Viela Sr. das Poções, 110 - Casa;Vila Weasley;47347147;Katie Hagrid Snape;Suspenso;87 - BPC Pessoa com Deficiência;Monte Fênix;ES;HP002613FAM;Desatualizado;06/03/2024;3417939783;35496625647;Monte Fênix;ES;03/2022
1431;089792819;Padma Hagrid Snape;06/11/1947;Viela Sr. das Poções, 110 - Casa;Vila Weasley;47347147;Katie Hagrid Snape;Ativo;88 - BPC Idoso;Monte Fênix;ES;HP002613FAM;Desatualizado;06/03/2024;3987035661;37901661898;Fenda da Serpente;BA;07/2020
1432;839587163;Molly Prewett Patil;06/02/1978;Praça Sr. Beco Diagonal, 946 - Apto 1;Vila Weasley;19799248;Pansy Patil;Bloqueado;87 - BPC Pessoa com Deficiência;Rio das Sereias;PA;HP002616FAM;Atualizado;19/07/2026;1817221398;45887972986;Rio das Sereias;PA;10/2023
1433;039737422;Marcus Lupin;05/11/1961;Avenida dos Sonhadores, 538 - Casa;Vila Weasley;70712411;Padma Lupin;Ativo;88 - BPC Idoso;Fenda da Serpente;BA;HP002618FAM;Desatualizado;20/02/2025;5965591397;04318050597;Fenda da Serpente;BA;04/2020
1434;493551946;Wilhelmina Carmichael Potter;11/12/1994;Rua Dona dos Elfos Domésticos, 395 - Fundos;Setor Mágico;99314116;Narcisa Carmichael Potter;Suspenso;87 - BPC Pessoa com Deficiência;Vale do Godric;SP;HP002620FAM;Desatualizado;28/05/2026;4539224288;52084043546;Vale do Godric;SP;09/2026
1435;780199456;Fábio Ademar Carmichael Potter;06/03/1957;Rua Dona dos Elfos Domésticos, 395 - Fundos;Setor Mágico;99314116;Narcisa Carmichael Potter;Cessado;88 - BPC Idoso;Vale do Godric;SP;HP002620FAM;Desatualizado;28/05/2026;9370793550;52566709133;Vale do Godric;SP;05/2024
1436;524372210;Fleur Nott Pince;27/03/1961;Alameda Mestre Beco Diagonal, 820;Recanto do Caldeirão;57326374;Lavínia Nott Pince;Ativo;88 - BPC Idoso;Porto dos Duendes;PE;HP002621FAM;Desatualizado;27/12/2025;5613197665;15772501502;Porto dos Duendes;PE;07/2023
1437;489686753;Gemma Flitwick Thomas;08/04/1963;Avenida dos Duendes, 599;Vila Sonserina;15934391;Molly Prewett Flitwick Thomas;Suspenso;87 - BPC Pessoa com Deficiência;Hogsmeade;MG;HP002622FAM;Desatualizado;08/09/2026;0094366139;01408140516;Hogsmeade;MG;01/2025
1438;794509314;Teodoro Trelawney Boot;19/03/1949;Rua Prof. da Lufa-Lufa, 258 - Apto 1;Parque das Varinhas;15399641;Gina Molly Trelawney Boot;Suspenso;88 - BPC Idoso;Serra da Coruja;PR;HP002624FAM;Desatualizado;17/04/2023;4521050295;26629620037;Serra da Coruja;PR;07/2021
1439;169810405;Marieta Gaunt;02/07/2003;Rua das Chaves de Voo, 461 - Casa;Recanto do Caldeirão;99078083;Wilhelmina Gaunt;Ativo;87 - BPC Pessoa com Deficiência;Hogsmeade;MG;HP002626FAM;Desatualizado;24/06/2026;4169980647;38905088209;Fenda da Serpente;BA;08/2020
1440;445405047;Harry Tiago Gaunt;04/04/1959;Rua das Chaves de Voo, 461 - Casa;Recanto do Caldeirão;99078083;Wilhelmina Gaunt;Ativo;88 - BPC Idoso;Hogsmeade;MG;HP002626FAM;Desatualizado;24/06/2026;4569369290;03878817788;Baía do Caldeirão;CE;01/2025
1441;963310481;Olívia Gaunt;11/01/1954;Rua das Chaves de Voo, 461 - Casa;Recanto do Caldeirão;99078083;Wilhelmina Gaunt;Ativo;88 - BPC Idoso;Hogsmeade;MG;HP002626FAM;Desatualizado;24/06/2026;5126095395;33490713178;Hogsmeade;MG;07/2025
1442;109750072;Wilhelmina Delacour Crouch;24/07/1945;Avenida Prof. do Caldeirão Furado, 643 - Sobrado;Vila Sonserina;78898413;Minerva Delacour Crouch;Bloqueado;88 - BPC Idoso;Vau das Poções;SC;HP002628FAM;Atualizado;25/08/2024;2325991163;80589843705;Vau das Poções;SC;01/2026
1443;472014715;Grope Moody;21/04/1942;Beco Mestre do Quatro Privet Drive, 107 - Fundos;Recanto dos Centauros;46175792;Popy Moody;Bloqueado;88 - BPC Idoso;Vau das Poções;SC;HP002629FAM;Atualizado;09/01/2026;3753846819;00157336884;Vau das Poções;SC;12/2024
1444;678731239;Charity Moody;06/10/1955;Beco Mestre do Quatro Privet Drive, 107 - Fundos;Recanto dos Centauros;46175792;Popy Moody;Bloqueado;88 - BPC Idoso;Vau das Poções;SC;HP002629FAM;Atualizado;09/01/2026;9804568903;99289527019;Vau das Poções;SC;04/2022
1445;552715354;Miguel Spinnet Filch;02/06/1999;Alameda Mestre das Varinhas, 848 - Casa;Vila Corvinal;33500716;Millicent Spinnet Filch;Cessado;87 - BPC Pessoa com Deficiência;Vale do Godric;SP;HP002633FAM;Atualizado;02/07/2026;9386701667;72842764286;Vale do Godric;SP;08/2025
1446;984188125;Lúcio Abraxas Sinistra;13/05/1961;Avenida Sr. Fenícia, 256;Setor São Mungo;30653124;Lavínia Sinistra;Bloqueado;88 - BPC Idoso;Fenda da Serpente;BA;HP002635FAM;Desatualizado;12/02/2022;3102412375;36560890861;Fenda da Serpente;BA;12/2024
1447;945104960;Rúbeo Diggle;03/11/1938;Alameda Prof. das Chaves de Voo, 192 - Apto 1;Vila Weasley;05081508;Angelina Diggle;Ativo;88 - BPC Idoso;Vila Trouxinha;RJ;HP002637FAM;Atualizado;30/05/2023;6070095048;87844090534;Vila Trouxinha;RJ;07/2023
1448;754929985;Lúcio Abraxas Diggle;21/03/1937;Alameda Prof. das Chaves de Voo, 192 - Apto 1;Vila Weasley;05081508;Angelina Diggle;Ativo;88 - BPC Idoso;Vila Trouxinha;RJ;HP002637FAM;Atualizado;30/05/2023;5248608465;63868973749;Vila Trouxinha;RJ;05/2023
1449;973848513;Nevile Franklin Fawcett Snape;11/01/1960;Travessa Sr. dos Elfos Domésticos, 713 - Sobrado;Setor São Mungo;69269544;Angelina Fawcett Snape;Ativo;88 - BPC Idoso;Rio das Sereias;PA;HP002644FAM;Desatualizado;02/01/2024;6831849672;81279987530;Rio das Sereias;PA;11/2020
1450;683922144;Pansy Fenwick Vector;12/02/1943;Rua Prof. das Bruxas Sábias, 707 - Apto 1;Jardim Lufa-Lufa;05457764;Belatriz Lestrange Fenwick Vector;Ativo;88 - BPC Idoso;Vila Trouxinha;RJ;HP002645FAM;Desatualizado;02/06/2026;8303507268;62844910263;Vila Trouxinha;RJ;07/2020
1451;664961903;Luna Fenwick Vector;16/12/1957;Rua Prof. das Bruxas Sábias, 707 - Apto 1;Jardim Lufa-Lufa;05457764;Belatriz Lestrange Fenwick Vector;Ativo;88 - BPC Idoso;Vila Trouxinha;RJ;HP002645FAM;Desatualizado;02/06/2026;1848591322;75158783980;Vila Trouxinha;RJ;02/2023
1452;768298945;Dennis Burbage Spinnet;02/10/1980;Beco Mestre das Varinhas, 603 - Fundos;Parque das Varinhas;68534962;Carlota Burbage Spinnet;Ativo;87 - BPC Pessoa com Deficiência;Fenda da Serpente;BA;HP002646FAM;Atualizado;26/10/2025;9322873831;19815701285;Fenda da Serpente;BA;04/2024
1453;340229908;Tiago Carlus Burbage Spinnet;12/08/1940;Beco Mestre das Varinhas, 603 - Fundos;Parque das Varinhas;68534962;Carlota Burbage Spinnet;Ativo;88 - BPC Idoso;Fenda da Serpente;BA;HP002646FAM;Atualizado;26/10/2025;9362089458;28052518650;Fenda da Serpente;BA;05/2025
1454;056294295;Astória Lestrange Krum;20/05/1980;Beco Dona das Corujas, 88 - Casa;Jardim Hogsmeade;33820516;Wilhelmina Lestrange Krum;Ativo;87 - BPC Pessoa com Deficiência;Serra da Coruja;PR;HP002648FAM;Desatualizado;29/05/2023;0262827122;82741159535;Serra da Coruja;PR;04/2026
1455;769133131;Zacarias Macmillan Fenwick;17/07/1953;Praça da Corvinal, 619;Recanto do Caldeirão;09773369;Muriel Macmillan Fenwick;Suspenso;88 - BPC Idoso;Colina das Bruxas;RS;HP002651FAM;Atualizado;30/06/2023;6152336488;37346641601;Colina das Bruxas;RS;02/2020
1456;143189275;Ariana Abbott;23/06/2004;Avenida Sr. da Corvinal, 232 - Fundos;Colônia Fenda da Serpente;30983232;Hermione Jane Abbott;Bloqueado;87 - BPC Pessoa com Deficiência;Serra da Coruja;PR;HP002652FAM;Desatualizado;10/01/2026;3144797248;91048446880;Serra da Coruja;PR;08/2023
1457;323202942;Angelina Zabini;10/03/1943;Viela Prof. do Expresso de Hogwarts, 780 - Apto 1;Jardim Hogsmeade;00881192;Gemma Zabini;Ativo;88 - BPC Idoso;Fenda da Serpente;BA;HP002656FAM;Atualizado;03/05/2021;3201732762;44646747123;Fenda da Serpente;BA;04/2020
1458;908025916;Severo Tobias Diggory Abbott;04/12/1956;Beco dos Trouxas, 577 - Apto 1;Vila Sonserina;00713141;Charity Diggory Abbott;Cessado;88 - BPC Idoso;Campo dos Centauros;GO;HP002657FAM;Desatualizado;01/05/2026;1552237859;64504722354;Campo dos Centauros;GO;04/2021
1459;223172783;Fred Nott;13/02/2006;Praça Mestre das Corujas, 478 - Apto 1;Parque das Varinhas;81689111;Alícia Nott;Ativo;87 - BPC Pessoa com Deficiência;Serra da Coruja;PR;HP002661FAM;Desatualizado;24/04/2024;4617213787;78089349174;Serra da Coruja;PR;11/2022
1460;435126953;Sibila Filch;07/12/1961;Beco Dona dos Sonhadores, 125 - Sobrado;Bairro dos Duendes;48744322;Emelina Filch;Ativo;88 - BPC Idoso;Vila Trouxinha;RJ;HP002662FAM;Atualizado;25/06/2026;5863983937;02525232613;Vila Trouxinha;RJ;10/2020
1461;400613246;Firenze Filch;12/10/1980;Beco Dona dos Sonhadores, 125 - Sobrado;Bairro dos Duendes;48744322;Emelina Filch;Ativo;87 - BPC Pessoa com Deficiência;Vila Trouxinha;RJ;HP002662FAM;Atualizado;25/06/2026;4348113084;10816182139;Vila Trouxinha;RJ;01/2022
1462;004642673;Lavínia Scrimgeour Nott;20/04/1947;Viela Prof. de Hogsmeade, 374 - Apto 1;Jardim Hogsmeade;22698606;Marieta Scrimgeour Nott;Cessado;88 - BPC Idoso;Colina das Bruxas;RS;HP002665FAM;Desatualizado;21/10/2022;2030947434;25050413778;Colina das Bruxas;RS;10/2023
1463;710997917;Guilherme Scrimgeour Nott;12/02/1939;Viela Prof. de Hogsmeade, 374 - Apto 1;Jardim Hogsmeade;22698606;Marieta Scrimgeour Nott;Bloqueado;88 - BPC Idoso;Colina das Bruxas;RS;HP002665FAM;Desatualizado;21/10/2022;3372530129;86093878874;Colina das Bruxas;RS;10/2024
1464;963802878;Hermione Jane Scrimgeour Nott;17/03/1958;Viela Prof. de Hogsmeade, 374 - Apto 1;Jardim Hogsmeade;22698606;Marieta Scrimgeour Nott;Cessado;88 - BPC Idoso;Colina das Bruxas;RS;HP002665FAM;Desatualizado;21/10/2022;5590171630;94885446869;Vale do Godric;SP;06/2020
1465;444144166;Nevile Franklin Riddle;04/05/1950;Beco Prof. Fenícia, 680 - Sobrado;Jardim Hogsmeade;16989215;Narcisa Riddle;Ativo;88 - BPC Idoso;Vale do Godric;SP;HP002666FAM;Desatualizado;06/02/2025;2509859631;04329634130;Vale do Godric;SP;05/2024
1466;107891561;Dédalo Weasley;04/05/1959;Alameda Sr. do Quatro Privet Drive, 420;Vila das Bruxas;83927690;Lílian Evelina Weasley;Ativo;88 - BPC Idoso;Hogsmeade;MG;HP002667FAM;Desatualizado;19/05/2026;8960215192;41105448400;Hogsmeade;MG;12/2020
1467;730883071;Tiago Carlus Weasley;24/06/2016;Alameda Sr. do Quatro Privet Drive, 420;Vila das Bruxas;83927690;Lílian Evelina Weasley;Bloqueado;87 - BPC Pessoa com Deficiência;Hogsmeade;MG;HP002667FAM;Desatualizado;19/05/2026;6009010766;;Hogsmeade;MG;03/2026
1468;883502407;Millicent Weasley;19/07/1966;Beco Prof. do Quatro Privet Drive, 624 - Apto 1;Vila Corvinal;43832690;Romilda Weasley;Ativo;87 - BPC Pessoa com Deficiência;Porto dos Duendes;PE;HP002674FAM;Desatualizado;15/06/2022;6211706525;46596802742;Porto dos Duendes;PE;11/2026
1469;674067113;Carlota Thomas Diggory;16/05/1940;Avenida Prof. da Floresta Proibida, 759;Vila Trouxa;01873302;Andrômeda Thomas Diggory;Cessado;88 - BPC Idoso;Fenda da Serpente;BA;HP002679FAM;Atualizado;11/01/2022;2863326485;20839026451;Fenda da Serpente;BA;05/2023
1470;840964680;Dolores Jane Thomas Diggory;16/04/1959;Avenida Prof. da Floresta Proibida, 759;Vila Trouxa;01873302;Andrômeda Thomas Diggory;Cessado;88 - BPC Idoso;Fenda da Serpente;BA;HP002679FAM;Atualizado;11/01/2022;4853942618;05573191708;Fenda da Serpente;BA;06/2024
1471;329751934;Miguel Scrimgeour Bell;17/07/2018;Praça Dona da Pedra Filosofal, 116 - Sobrado;Conjunto Grifinória;84864731;Aurora Scrimgeour Bell;Ativo;87 - BPC Pessoa com Deficiência;Campo dos Centauros;GO;HP002682FAM;Desatualizado;18/03/2025;8765469040;;Campo dos Centauros;GO;01/2025
1472;836816938;Olívia Scrimgeour Bell;03/01/1983;Praça Dona da Pedra Filosofal, 116 - Sobrado;Conjunto Grifinória;84864731;Aurora Scrimgeour Bell;Ativo;87 - BPC Pessoa com Deficiência;Campo dos Centauros;GO;HP002682FAM;Desatualizado;18/03/2025;3301710912;64239654803;Campo dos Centauros;GO;03/2021
1473;401995456;Angelina Brown;27/10/1969;Alameda Mestre das Chaves de Voo, 837;Núcleo Hogwarts;06864791;Merope Brown;Cessado;87 - BPC Pessoa com Deficiência;Vau das Poções;SC;HP002688FAM;Atualizado;13/08/2023;8478957489;20118150968;Campo dos Centauros;GO;06/2021
1474;307693849;Luna Brown;22/05/2002;Alameda Mestre das Chaves de Voo, 837;Núcleo Hogwarts;06864791;Merope Brown;Ativo;87 - BPC Pessoa com Deficiência;Vau das Poções;SC;HP002688FAM;Atualizado;13/08/2023;7444903968;81686104310;Vau das Poções;SC;05/2021
1475;337138491;Carlota Bones Hooch;25/06/1936;Beco Sr. Fenícia, 926 - Casa;Núcleo Hogwarts;26661600;Ariana Bones Hooch;Ativo;88 - BPC Idoso;Baía do Caldeirão;CE;HP002691FAM;Desatualizado;08/08/2024;3403938964;41584102076;Baía do Caldeirão;CE;08/2024
1476;566128190;Firenze Hooch Krum;25/11/1936;Avenida Dona das Grifinórias, 626;Parque das Varinhas;55270898;Romilda Hooch Krum;Cessado;88 - BPC Idoso;Rio das Sereias;PA;HP002693FAM;Desatualizado;19/06/2026;4846229032;71656791037;Hogsmeade;MG;08/2020
1477;998368428;Horácio Hooch;24/04/1960;Beco Mestre da Sala Precisa, 569 - Fundos;Parque das Varinhas;94384065;Bathsheda Hooch;Ativo;88 - BPC Idoso;Serra da Coruja;PR;HP002696FAM;Atualizado;05/06/2026;7959592428;75131623107;Serra da Coruja;PR;10/2026
1478;454377564;Belatriz Lestrange Hooch;11/07/1954;Beco Mestre da Sala Precisa, 569 - Fundos;Parque das Varinhas;94384065;Bathsheda Hooch;Suspenso;88 - BPC Idoso;Serra da Coruja;PR;HP002696FAM;Atualizado;05/06/2026;0296308982;65862435210;Serra da Coruja;PR;08/2023
1479;599077063;Rita Zabini;03/03/1961;Travessa Mestre das Chaves de Voo, 558 - Apto 1;Colônia Fenda da Serpente;43633080;Padma Zabini;Bloqueado;88 - BPC Idoso;Vale do Godric;SP;HP002697FAM;Atualizado;28/12/2026;0318087325;66635504897;Vale do Godric;SP;10/2025
1480;203647294;Astória Filch Krum;22/05/1964;Rua Prof. Beco Diagonal, 51 - Apto 1;Setor Mágico;22969438;Pomona Filch Krum;Bloqueado;87 - BPC Pessoa com Deficiência;Rio das Sereias;PA;HP002698FAM;Atualizado;05/09/2025;9252529649;88953691736;Rio das Sereias;PA;04/2022
1481;855002652;Alícia Delacour Goldstein;14/08/1980;Viela Prof. do Torneio Tribruxo, 999;Setor São Mungo;44112254;Lílian Evelina Delacour Goldstein;Suspenso;87 - BPC Pessoa com Deficiência;Vila Trouxinha;RJ;HP002699FAM;Desatualizado;17/09/2026;3411731461;38882036353;Vila Trouxinha;RJ;08/2021
1482;884914758;Arthur Septimus Hagrid Parkinson;27/12/1939;Rua Sr. dos Elfos Domésticos, 861 - Fundos;Setor Mágico;42294711;Katie Hagrid Parkinson;Ativo;88 - BPC Idoso;Vale do Godric;SP;HP002700FAM;Atualizado;18/10/2025;8231538734;96502021612;Monte Fênix;ES;11/2022
1483;402902627;Horácio Hagrid Parkinson;02/06/1950;Rua Sr. dos Elfos Domésticos, 861 - Fundos;Setor Mágico;42294711;Katie Hagrid Parkinson;Ativo;88 - BPC Idoso;Vale do Godric;SP;HP002700FAM;Atualizado;18/10/2025;7998850218;15054900579;Vale do Godric;SP;06/2025
1484;772677080;Millicent Bell Fenwick;03/04/1946;Alameda Sr. dos Feiticeiros, 706 - Sobrado;Recanto dos Centauros;14132708;Luna Bell Fenwick;Ativo;88 - BPC Idoso;Serra da Coruja;PR;HP002701FAM;Desatualizado;26/04/2025;7980869947;32591693778;Serra da Coruja;PR;12/2021
1485;529479630;Vicente Riddle Trelawney;17/07/1941;Praça Prof. da Lufa-Lufa, 174 - Apto 1;Recanto dos Centauros;37016754;Angelina Riddle Trelawney;Bloqueado;88 - BPC Idoso;Hogsmeade;MG;HP002705FAM;Desatualizado;07/11/2026;9307241614;44648043063;Hogsmeade;MG;09/2026
1486;499817299;Justino Sinistra Flitwick;11/01/1973;Avenida Dona dos Duendes, 395 - Fundos;Bairro dos Duendes;76847157;Angelina Sinistra Flitwick;Ativo;87 - BPC Pessoa com Deficiência;Vau das Poções;SC;HP002709FAM;Desatualizado;26/10/2024;9528285041;48854141804;Vau das Poções;SC;03/2021
1487;680761016;Popy Flitwick;27/02/1954;Beco dos Feiticeiros, 910;Setor São Mungo;92540318;Narcisa Flitwick;Ativo;88 - BPC Idoso;Rio das Sereias;PA;HP002711FAM;Desatualizado;03/12/2023;6048692753;98759289504;Rio das Sereias;PA;02/2023
1488;551712139;Charity Potter;04/04/1994;Beco Sr. dos Duendes, 527 - Casa;Colônia Fenda da Serpente;49029449;Dolores Jane Potter;Ativo;87 - BPC Pessoa com Deficiência;Baía do Caldeirão;CE;HP002714FAM;Atualizado;28/04/2024;9426191707;95574104699;Baía do Caldeirão;CE;10/2023
1489;655853448;Percy Ignácio Flint Fudge;06/01/1957;Travessa Dona do Caldeirão Furado, 782 - Fundos;Vila Trouxa;14011712;Andrômeda Flint Fudge;Cessado;88 - BPC Idoso;Vau das Poções;SC;HP002716FAM;Desatualizado;02/09/2025;8311177461;48037768818;Vau das Poções;SC;10/2024
1490;107739323;Fernanda Flint Fudge;12/08/1941;Travessa Dona do Caldeirão Furado, 782 - Fundos;Vila Trouxa;14011712;Andrômeda Flint Fudge;Bloqueado;88 - BPC Idoso;Vau das Poções;SC;HP002716FAM;Desatualizado;02/09/2025;7193138101;95482563390;Vau das Poções;SC;07/2021
1491;674674405;Susana Diggle Gaunt;25/10/1992;Travessa Dona dos Elfos Domésticos, 273 - Casa;Bairro dos Duendes;17908412;Luna Diggle Gaunt;Suspenso;87 - BPC Pessoa com Deficiência;Vila Trouxinha;RJ;HP002719FAM;Desatualizado;28/11/2025;6374304745;17932988903;Vila Trouxinha;RJ;03/2021
1492;175193785;Vicente Diggle Gaunt;04/12/1972;Travessa Dona dos Elfos Domésticos, 273 - Casa;Bairro dos Duendes;17908412;Luna Diggle Gaunt;Ativo;87 - BPC Pessoa com Deficiência;Vila Trouxinha;RJ;HP002719FAM;Desatualizado;28/11/2025;3681267461;27146119668;Vila Trouxinha;RJ;04/2024
1493;076169382;Katie Dearborn Longbottom;11/09/1953;Travessa Mestre das Varinhas, 70 - Apto 1;Jardim Hogsmeade;21625079;Katie Dearborn Longbottom;Ativo;88 - BPC Idoso;Colina das Bruxas;RS;HP002721FAM;Desatualizado;16/01/2024;4087141261;59891834451;Colina das Bruxas;RS;04/2023
1494;938740511;Gina Molly Nott;27/05/1951;Beco Dona da Lufa-Lufa, 256 - Sobrado;Vila Weasley;10240695;Luna Nott;Suspenso;88 - BPC Idoso;Vale do Godric;SP;HP002722FAM;Atualizado;22/09/2022;6757769730;53861485836;Vale do Godric;SP;10/2025
1495;189853701;Lúcio Abraxas Chang Fudge;23/07/1961;Viela Dona dos Sonhadores, 110 - Fundos;Conjunto Grifinória;12436988;Wilhelmina Chang Fudge;Suspenso;88 - BPC Idoso;Rio das Sereias;PA;HP002723FAM;Desatualizado;13/10/2024;5851048210;79922416223;Rio das Sereias;PA;04/2021
1496;023207337;Ernesto Dumbledore Diggory;01/02/1961;Avenida Prof. de Hogsmeade, 973 - Casa;Parque das Varinhas;67172379;Narcisa Dumbledore Diggory;Suspenso;88 - BPC Idoso;Baía do Caldeirão;CE;HP002724FAM;Desatualizado;07/05/2024;5035884742;50316299248;Vila Trouxinha;RJ;09/2025
1497;991671868;Fernanda Lestrange;07/09/1954;Praça Prof. das Chaves de Voo, 323 - Fundos;Recanto do Caldeirão;00568215;Verônica Lestrange;Cessado;88 - BPC Idoso;Vila Trouxinha;RJ;HP002730FAM;Desatualizado;02/10/2024;3233127830;82180361303;Vila Trouxinha;RJ;12/2023
1498;751678511;Horácio Lestrange;04/07/1954;Praça Prof. das Chaves de Voo, 323 - Fundos;Recanto do Caldeirão;00568215;Verônica Lestrange;Ativo;88 - BPC Idoso;Vila Trouxinha;RJ;HP002730FAM;Desatualizado;02/10/2024;1491980592;76075049664;Vila Trouxinha;RJ;04/2023
1499;556281399;Rufus Dumbledore Weasley;06/04/2003;Travessa Sr. de Hogsmeade, 466;Colônia Fenda da Serpente;97095339;Petúnia Dumbledore Weasley;Bloqueado;87 - BPC Pessoa com Deficiência;Vau das Poções;SC;HP002736FAM;Desatualizado;13/07/2026;6382647309;82265791712;Vau das Poções;SC;07/2025
1500;133224173;Alastor Corner;09/09/1954;Travessa Dona das Varinhas, 518 - Fundos;Recanto dos Centauros;19414714;Belatriz Lestrange Corner;Cessado;88 - BPC Idoso;Baía do Caldeirão;CE;HP002737FAM;Desatualizado;07/05/2023;5749347572;64206497221;Baía do Caldeirão;CE;06/2021
1501;798705722;Fernanda Corner;02/03/1935;Travessa Dona das Varinhas, 518 - Fundos;Recanto dos Centauros;19414714;Belatriz Lestrange Corner;Bloqueado;88 - BPC Idoso;Baía do Caldeirão;CE;HP002737FAM;Desatualizado;07/05/2023;9827189096;14454317346;Baía do Caldeirão;CE;07/2020
1502;693608890;Lílian Evelina Greengrass;24/08/1960;Viela Mestre das Chaves de Voo, 920;Conjunto Grifinória;72995858;Angelina Greengrass;Ativo;88 - BPC Idoso;Fenda da Serpente;BA;HP002738FAM;Desatualizado;03/07/2025;4374946699;96763813142;Fenda da Serpente;BA;06/2020
1503;770877692;Romilda Greengrass;23/02/1999;Viela Mestre das Chaves de Voo, 920;Conjunto Grifinória;72995858;Angelina Greengrass;Ativo;87 - BPC Pessoa com Deficiência;Fenda da Serpente;BA;HP002738FAM;Desatualizado;03/07/2025;0300719498;59829755759;Fenda da Serpente;BA;12/2020
1504;345980333;Minerva Greengrass;27/06/1939;Viela Mestre das Chaves de Voo, 920;Conjunto Grifinória;72995858;Angelina Greengrass;Ativo;88 - BPC Idoso;Fenda da Serpente;BA;HP002738FAM;Desatualizado;03/07/2025;0030543259;60096303041;Fenda da Serpente;BA;05/2026
1505;306380720;Firenze McGonagall Diggory;02/04/1995;Beco Sr. do Caldeirão Furado, 460 - Casa;Recanto do Caldeirão;55841966;Dafne McGonagall Diggory;Cessado;87 - BPC Pessoa com Deficiência;Fenda da Serpente;BA;HP002739FAM;Atualizado;08/08/2026;1273309359;93967521501;Fenda da Serpente;BA;04/2024
1506;794002668;Tiago Carlus Bagman;03/12/2017;Travessa Prof. dos Duendes, 447 - Fundos;Setor São Mungo;17783633;Fleur Bagman;Ativo;87 - BPC Pessoa com Deficiência;Serra da Coruja;PR;HP002746FAM;Atualizado;08/12/2025;4281721087;;Serra da Coruja;PR;05/2020
1507;073840259;Cedrico Bagman;28/03/2000;Travessa Prof. dos Duendes, 447 - Fundos;Setor São Mungo;17783633;Fleur Bagman;Cessado;87 - BPC Pessoa com Deficiência;Serra da Coruja;PR;HP002746FAM;Atualizado;08/12/2025;3855620990;01944463953;Serra da Coruja;PR;02/2020
1508;345592222;Nevile Franklin Prewett Hagrid;08/09/1960;Praça Dona Fenícia, 348 - Sobrado;Vila Corvinal;19015937;Emelina Prewett Hagrid;Bloqueado;88 - BPC Idoso;Fenda da Serpente;BA;HP002748FAM;Desatualizado;28/03/2023;6515525235;85307382255;Fenda da Serpente;BA;11/2024
1509;629550517;Nevile Franklin Prewett Hagrid;22/01/1952;Praça Dona Fenícia, 348 - Sobrado;Vila Corvinal;19015937;Emelina Prewett Hagrid;Ativo;88 - BPC Idoso;Fenda da Serpente;BA;HP002748FAM;Desatualizado;28/03/2023;6560833632;54887919226;Fenda da Serpente;BA;11/2022
1510;743811371;Angelina Umbridge Diggle;03/11/2019;Rua Prof. das Chaves de Voo, 429 - Apto 1;Jardim Hogsmeade;00199114;Dolores Jane Umbridge Diggle;Ativo;87 - BPC Pessoa com Deficiência;Porto dos Duendes;PE;HP002750FAM;Desatualizado;12/09/2026;8404391532;;Porto dos Duendes;PE;04/2026
1511;505346873;Angelina Flint Gaunt;04/04/1940;Rua Mestre das Varinhas, 252;Jardim Lufa-Lufa;77859039;Andrômeda Flint Gaunt;Ativo;88 - BPC Idoso;Colina das Bruxas;RS;HP002756FAM;Desatualizado;21/05/2025;2615603635;66140198483;Colina das Bruxas;RS;05/2021
1512;468588906;Muriel Scrimgeour Crouch;06/10/1999;Travessa Sr. da Pedra Filosofal, 644 - Apto 1;Núcleo Hogwarts;59204308;Emelina Scrimgeour Crouch;Ativo;87 - BPC Pessoa com Deficiência;Colina das Bruxas;RS;HP002761FAM;Atualizado;09/10/2026;9117441955;06093126938;Vau das Poções;SC;06/2023
1513;341122188;Aurora Bell Greengrass;26/03/1971;Praça Mestre dos Duendes, 908 - Fundos;Setor São Mungo;53613096;Minerva Bell Greengrass;Suspenso;87 - BPC Pessoa com Deficiência;Campo dos Centauros;GO;HP002765FAM;Desatualizado;22/08/2026;4449105981;78806988764;Vila Trouxinha;RJ;07/2023
1514;452980087;Rufus Flitwick Bagman;13/06/1977;Beco Dona Travessa do Tranco, 315 - Sobrado;Vila das Bruxas;98062982;Alícia Flitwick Bagman;Cessado;87 - BPC Pessoa com Deficiência;Monte Fênix;ES;HP002766FAM;Desatualizado;26/06/2026;9857753755;49913023153;Rio das Sereias;PA;11/2020
1515;599705290;Lílian Evelina Trelawney;21/10/2009;Avenida Sr. dos Trouxas, 660 - Casa;Jardim Lufa-Lufa;41724345;Lavínia Trelawney;Ativo;87 - BPC Pessoa com Deficiência;Vau das Poções;SC;HP002767FAM;Atualizado;20/12/2026;9631821373;;Monte Fênix;ES;03/2024
1516;494436720;Fernanda Abbott;05/02/1958;Praça Dona Travessa do Tranco, 468 - Sobrado;Setor São Mungo;65563936;Hannah Abbott;Bloqueado;88 - BPC Idoso;Vila Trouxinha;RJ;HP002769FAM;Desatualizado;13/05/2026;8150900780;98578876604;Vila Trouxinha;RJ;12/2025
1517;464499839;Basilio Abbott;18/01/2017;Praça Dona Travessa do Tranco, 468 - Sobrado;Setor São Mungo;65563936;Hannah Abbott;Ativo;87 - BPC Pessoa com Deficiência;Vila Trouxinha;RJ;HP002769FAM;Desatualizado;13/05/2026;2511421492;;Serra da Coruja;PR;05/2024
1518;445152275;Fábio Ademar Jordan;09/08/2019;Rua Fenícia, 233 - Sobrado;Jardim Hogsmeade;84959622;Parvati Jordan;Ativo;87 - BPC Pessoa com Deficiência;Serra da Coruja;PR;HP002773FAM;Atualizado;20/05/2022;3500568492;;Serra da Coruja;PR;06/2022
1519;712438382;Marieta Jordan;28/03/1999;Rua Fenícia, 233 - Sobrado;Jardim Hogsmeade;84959622;Parvati Jordan;Ativo;87 - BPC Pessoa com Deficiência;Serra da Coruja;PR;HP002773FAM;Atualizado;20/05/2022;9448514888;55939462998;Serra da Coruja;PR;12/2026
1520;207052069;Dino Diggory Parkinson;11/04/1939;Viela Sr. das Vassouras Voadoras, 405 - Fundos;Parque das Varinhas;16244520;Andrômeda Diggory Parkinson;Cessado;88 - BPC Idoso;Fenda da Serpente;BA;HP002775FAM;Atualizado;07/03/2025;7427877650;59386780564;Fenda da Serpente;BA;07/2021
1521;913572920;Zacarias Diggory Parkinson;14/10/2021;Viela Sr. das Vassouras Voadoras, 405 - Fundos;Parque das Varinhas;16244520;Andrômeda Diggory Parkinson;Ativo;87 - BPC Pessoa com Deficiência;Fenda da Serpente;BA;HP002775FAM;Atualizado;07/03/2025;5890857832;;Fenda da Serpente;BA;05/2023
1522;891824295;Severo Tobias Dearborn Chang;26/12/1985;Viela Prof. das Varinhas, 614 - Fundos;Colônia Fenda da Serpente;91016213;Fernanda Dearborn Chang;Bloqueado;87 - BPC Pessoa com Deficiência;Porto dos Duendes;PE;HP002776FAM;Desatualizado;02/12/2021;7528891887;94613255925;Porto dos Duendes;PE;06/2020
1523;565996032;Angelina Dearborn Chang;20/12/1937;Viela Prof. das Varinhas, 614 - Fundos;Colônia Fenda da Serpente;91016213;Fernanda Dearborn Chang;Ativo;88 - BPC Idoso;Porto dos Duendes;PE;HP002776FAM;Desatualizado;02/12/2021;4178040231;62285651920;Porto dos Duendes;PE;06/2020
1524;039515260;Rita Jordan;11/03/1956;Viela Sr. da Sala Precisa, 483 - Sobrado;Vila Corvinal;79370952;Hannah Jordan;Cessado;88 - BPC Idoso;Porto dos Duendes;PE;HP002779FAM;Atualizado;06/09/2023;7441195203;69625268573;Porto dos Duendes;PE;11/2022
1525;281663906;Hermione Jane Finch-Fletchley Goyle;26/04/1957;Alameda Sr. da Sonserina, 330 - Sobrado;Vila Weasley;66537375;Emelina Finch-Fletchley Goyle;Ativo;88 - BPC Idoso;Serra da Coruja;PR;HP002782FAM;Atualizado;25/10/2025;3678661399;78543006152;Serra da Coruja;PR;06/2025
1526;422652944;Dolores Jane Hagrid;21/01/1956;Viela Sr. do Expresso de Hogwarts, 312;Jardim Hogsmeade;29167738;Aurora Hagrid;Ativo;88 - BPC Idoso;Porto dos Duendes;PE;HP002787FAM;Desatualizado;16/06/2023;4764499243;13754688478;Porto dos Duendes;PE;01/2024
1527;057775463;Percy Ignácio Krum;16/06/1950;Praça Sr. da Corvinal, 787;Núcleo Hogwarts;95621695;Sibila Krum;Bloqueado;88 - BPC Idoso;Baía do Caldeirão;CE;HP002792FAM;Desatualizado;01/04/2023;0381207788;45227742732;Vau das Poções;SC;10/2024
1528;865950307;Miguel Krum;25/01/1959;Praça Sr. da Corvinal, 787;Núcleo Hogwarts;95621695;Sibila Krum;Ativo;88 - BPC Idoso;Baía do Caldeirão;CE;HP002792FAM;Desatualizado;01/04/2023;0800749013;68790666908;Baía do Caldeirão;CE;12/2026
1529;871371974;Ernesto Goldstein Abbott;23/11/1972;Alameda do Salgueiro Lutador, 679;Jardim Hogsmeade;10741501;Minerva Goldstein Abbott;Bloqueado;87 - BPC Pessoa com Deficiência;Hogsmeade;MG;HP002795FAM;Desatualizado;01/05/2023;0402673536;25865688348;Vale do Godric;SP;06/2023
1530;529653258;Fernanda Bagman;21/12/1976;Alameda do Expresso de Hogwarts, 976 - Casa;Vila das Bruxas;91512003;Aurora Bagman;Ativo;87 - BPC Pessoa com Deficiência;Monte Fênix;ES;HP002800FAM;Desatualizado;29/09/2026;9584672625;81360077303;Monte Fênix;ES;05/2023
1531;097565284;Ninfadora Bagman;04/03/1950;Alameda do Expresso de Hogwarts, 976 - Casa;Vila das Bruxas;91512003;Aurora Bagman;Cessado;88 - BPC Idoso;Monte Fênix;ES;HP002800FAM;Desatualizado;29/09/2026;0286061631;89930198007;Monte Fênix;ES;01/2020
1532;836397518;Ludo Flitwick;21/02/1938;Viela das Corujas, 330 - Casa;Bairro dos Duendes;47523865;Ninfadora Flitwick;Ativo;88 - BPC Idoso;Colina das Bruxas;RS;HP002801FAM;Desatualizado;31/12/2022;0635896557;94119365636;Colina das Bruxas;RS;08/2021
1533;319963811;Pedro Flitwick;03/01/1936;Viela das Corujas, 330 - Casa;Bairro dos Duendes;47523865;Ninfadora Flitwick;Suspenso;88 - BPC Idoso;Colina das Bruxas;RS;HP002801FAM;Desatualizado;31/12/2022;5561313297;77691883346;Colina das Bruxas;RS;09/2021
1534;449775522;Ariana Tonks Pince;15/12/1951;Praça das Poções, 489 - Apto 1;Vila Weasley;03433600;Sibila Tonks Pince;Ativo;88 - BPC Idoso;Vau das Poções;SC;HP002802FAM;Desatualizado;17/08/2026;5257125815;24495737559;Vau das Poções;SC;01/2021
1535;996499085;Lúcio Abraxas Flint;16/06/1953;Alameda da Sala Precisa, 476 - Fundos;Colônia Fenda da Serpente;75483874;Olívia Flint;Ativo;88 - BPC Idoso;Serra da Coruja;PR;HP002804FAM;Desatualizado;01/12/2026;4297698390;73273024172;Serra da Coruja;PR;04/2022
1536;980265953;Estêvão Flint;16/04/2002;Alameda da Sala Precisa, 476 - Fundos;Colônia Fenda da Serpente;75483874;Olívia Flint;Ativo;87 - BPC Pessoa com Deficiência;Serra da Coruja;PR;HP002804FAM;Desatualizado;01/12/2026;1608305489;13010689856;Serra da Coruja;PR;01/2024
1537;614900772;Sirius Orion Riddle;10/10/1958;Rua Prof. Travessa do Tranco, 815 - Sobrado;Bairro dos Duendes;36857941;Verônica Riddle;Ativo;88 - BPC Idoso;Campo dos Centauros;GO;HP002805FAM;Desatualizado;05/09/2026;4571542704;41443416583;Vale do Godric;SP;03/2020
1538;186994303;Basilio Riddle Vance;25/07/1971;Viela Mestre da Floresta Proibida, 261;Vila Trouxa;89483207;Gina Molly Riddle Vance;Suspenso;87 - BPC Pessoa com Deficiência;Porto dos Duendes;PE;HP002807FAM;Desatualizado;04/08/2025;4085007268;66558762228;Porto dos Duendes;PE;02/2022
1539;559593568;Marcus Jordan;07/07/1957;Alameda Prof. do Torneio Tribruxo, 567 - Casa;Vila Sonserina;07286476;Alícia Jordan;Ativo;88 - BPC Idoso;Porto dos Duendes;PE;HP002809FAM;Desatualizado;21/11/2024;5794034795;23813785885;Porto dos Duendes;PE;05/2026
1540;129473470;Rolando Weasley Macmillan;06/11/2007;Rua da Corvinal, 563 - Sobrado;Parque das Varinhas;91801456;Astória Weasley Macmillan;Ativo;87 - BPC Pessoa com Deficiência;Colina das Bruxas;RS;HP002811FAM;Desatualizado;17/12/2026;2588211036;94157049777;Monte Fênix;ES;12/2026
1541;461422779;Rúben Chang Macmillan;24/06/1936;Rua Mestre da Corvinal, 209 - Sobrado;Vila Sonserina;28437546;Ninfadora Chang Macmillan;Ativo;88 - BPC Idoso;Vale do Godric;SP;HP002812FAM;Atualizado;21/09/2023;4791664293;90550905813;Vale do Godric;SP;09/2023
1542;078863093;Narcisa Scrimgeour;26/04/2009;Alameda Prof. da Floresta Proibida, 449 - Sobrado;Conjunto Grifinória;82994097;Padma Scrimgeour;Ativo;87 - BPC Pessoa com Deficiência;Colina das Bruxas;RS;HP002816FAM;Desatualizado;18/02/2025;6836295458;34268554103;Colina das Bruxas;RS;08/2026
1543;533261180;Draco Lúcio Sinistra;05/12/1942;Rua do Salgueiro Lutador, 341 - Apto 1;Vila Weasley;53554182;Emelina Sinistra;Ativo;88 - BPC Idoso;Fenda da Serpente;BA;HP002821FAM;Desatualizado;11/05/2025;4360069895;54745629345;Fenda da Serpente;BA;07/2024
1544;581771374;Ariana Malfoy;04/08/1960;Beco Dona da Sonserina, 746 - Apto 1;Vila Corvinal;98861948;Lílian Evelina Malfoy;Ativo;88 - BPC Idoso;Vila Trouxinha;RJ;HP002822FAM;Atualizado;28/04/2025;6931302787;40164000405;Monte Fênix;ES;08/2022
1545;293046691;Emelina Burbage;24/12/1985;Avenida Sr. Beco Diagonal, 529 - Apto 1;Parque das Varinhas;41612108;Fernanda Burbage;Ativo;87 - BPC Pessoa com Deficiência;Campo dos Centauros;GO;HP002830FAM;Desatualizado;02/10/2025;6679956225;96212449190;Campo dos Centauros;GO;01/2022
1546;776323506;Dino Potter Fenwick;17/05/1943;Viela Sr. dos Sonhadores, 630 - Apto 1;Vila das Bruxas;60075334;Sibila Potter Fenwick;Cessado;88 - BPC Idoso;Hogsmeade;MG;HP002836FAM;Atualizado;01/11/2026;1558796435;15362473672;Hogsmeade;MG;11/2025
1547;860054216;Fernanda Gaunt;13/06/1943;Avenida dos Duendes, 233;Núcleo Hogwarts;07986468;Padma Gaunt;Bloqueado;88 - BPC Idoso;Campo dos Centauros;GO;HP002838FAM;Atualizado;27/04/2026;7331534470;13245723530;Campo dos Centauros;GO;08/2021
1548;532651593;Rolando Granger;22/03/1958;Avenida Mestre dos Alfeineiros, 7 - Fundos;Bairro dos Duendes;88131507;Emelina Granger;Ativo;88 - BPC Idoso;Colina das Bruxas;RS;HP002842FAM;Atualizado;17/12/2025;2125000459;81953756509;Colina das Bruxas;RS;09/2026
1549;002067760;Estêvão Vance Parkinson;04/07/1943;Viela Mestre do Torneio Tribruxo, 612 - Sobrado;Jardim Lufa-Lufa;49948463;Alícia Vance Parkinson;Suspenso;88 - BPC Idoso;Baía do Caldeirão;CE;HP002845FAM;Desatualizado;18/10/2026;1966983629;79811778712;Baía do Caldeirão;CE;12/2022
1550;249468893;Remo João Thomas;26/10/1956;Beco Prof. das Corujas, 48 - Sobrado;Setor São Mungo;13124358;Narcisa Thomas;Ativo;88 - BPC Idoso;Colina das Bruxas;RS;HP002848FAM;Desatualizado;20/08/2026;0928130117;21234661072;Colina das Bruxas;RS;05/2024
1551;350089073;Padma Nott;04/01/1943;Avenida Mestre de Hogsmeade, 572 - Fundos;Jardim Lufa-Lufa;69962512;Aurora Nott;Bloqueado;88 - BPC Idoso;Colina das Bruxas;RS;HP002849FAM;Desatualizado;19/02/2025;6922782173;64670519551;Colina das Bruxas;RS;08/2025
1552;441831713;Antônio Abbott;16/12/2012;Travessa Mestre da Pedra Filosofal, 835 - Sobrado;Setor São Mungo;27590210;Hannah Abbott;Cessado;87 - BPC Pessoa com Deficiência;Vale do Godric;SP;HP002850FAM;Desatualizado;20/06/2024;8088235389;;Vale do Godric;SP;01/2022
1553;778094570;Alícia Abbott;18/11/1940;Travessa Mestre da Pedra Filosofal, 835 - Sobrado;Setor São Mungo;27590210;Hannah Abbott;Ativo;88 - BPC Idoso;Vale do Godric;SP;HP002850FAM;Desatualizado;20/06/2024;6712384290;27614317070;Vale do Godric;SP;08/2020
1554;104050449;Ernesto Goyle Malfoy;26/01/1947;Avenida Prof. do Caldeirão Furado, 146 - Sobrado;Colônia Fenda da Serpente;92531059;Aurora Goyle Malfoy;Ativo;88 - BPC Idoso;Campo dos Centauros;GO;HP002856FAM;Desatualizado;29/07/2024;8712875917;25921684787;Campo dos Centauros;GO;05/2024
1555;050960042;Alícia Bagman Fawcett;10/05/1959;Travessa Dona da Corvinal, 534 - Sobrado;Vila Weasley;66082876;Popy Bagman Fawcett;Ativo;88 - BPC Idoso;Baía do Caldeirão;CE;HP002857FAM;Desatualizado;22/09/2026;3158800376;38194075703;Baía do Caldeirão;CE;03/2026
1556;828056191;Lílian Evelina Goldstein Krum;26/08/1943;Alameda Mestre da Corvinal, 897 - Sobrado;Conjunto Grifinória;28446576;Wilhelmina Goldstein Krum;Cessado;88 - BPC Idoso;Baía do Caldeirão;CE;HP002859FAM;Atualizado;08/03/2026;7804297582;68912433355;Baía do Caldeirão;CE;02/2025
1557;808892872;Angelina Meadowes;12/01/1946;Avenida Dona do Expresso de Hogwarts, 228 - Fundos;Recanto do Caldeirão;78566526;Hannah Meadowes;Cessado;88 - BPC Idoso;Baía do Caldeirão;CE;HP002863FAM;Atualizado;25/02/2024;4376005271;70007331958;Baía do Caldeirão;CE;03/2021
1558;188876620;Ariana Burbage Crabbe;04/08/2019;Travessa do Salgueiro Lutador, 826 - Sobrado;Vila Weasley;08175405;Gina Molly Burbage Crabbe;Ativo;87 - BPC Pessoa com Deficiência;Colina das Bruxas;RS;HP002864FAM;Atualizado;17/12/2026;7810218917;;Porto dos Duendes;PE;08/2024
1559;523550032;Zacarias Goyle;16/12/1959;Alameda Prof. dos Elfos Domésticos, 408 - Fundos;Jardim Hogsmeade;93785470;Angelina Goyle;Ativo;88 - BPC Idoso;Baía do Caldeirão;CE;HP002866FAM;Atualizado;17/10/2023;2160703909;44267910068;Baía do Caldeirão;CE;01/2021
1560;242762843;Justino Goyle;10/06/1956;Alameda Prof. dos Elfos Domésticos, 408 - Fundos;Jardim Hogsmeade;93785470;Angelina Goyle;Ativo;88 - BPC Idoso;Baía do Caldeirão;CE;HP002866FAM;Atualizado;17/10/2023;2801297439;01101278387;Baía do Caldeirão;CE;04/2023
1561;216054430;Cedrico Nott Goldstein;01/05/1960;Travessa Sr. dos Duendes, 432 - Fundos;Núcleo Hogwarts;31274400;Dafne Nott Goldstein;Ativo;88 - BPC Idoso;Baía do Caldeirão;CE;HP002868FAM;Atualizado;02/10/2026;6742511012;94444827583;Baía do Caldeirão;CE;04/2023
1562;470855979;Nevile Franklin Gaunt;27/11/2015;Avenida Mestre do Salgueiro Lutador, 878 - Apto 1;Conjunto Grifinória;62033228;Gina Molly Gaunt;Ativo;87 - BPC Pessoa com Deficiência;Vale do Godric;SP;HP002869FAM;Desatualizado;04/06/2023;0489471853;;Vale do Godric;SP;10/2023
1563;965686920;Pedro Pince;27/09/2018;Travessa do Salgueiro Lutador, 649 - Sobrado;Vila Weasley;64110361;Padma Pince;Ativo;87 - BPC Pessoa com Deficiência;Vau das Poções;SC;HP002870FAM;Atualizado;09/10/2026;3072144739;;Vau das Poções;SC;10/2023
1564;182777569;Alícia Sprout;18/07/1968;Viela Prof. dos Elfos Domésticos, 741 - Fundos;Núcleo Hogwarts;04864384;Bathsheda Sprout;Bloqueado;87 - BPC Pessoa com Deficiência;Vau das Poções;SC;HP002871FAM;Atualizado;14/11/2025;8162810933;44257928311;Campo dos Centauros;GO;12/2022
1565;609986171;Parvati Sprout;08/06/1954;Praça do Quatro Privet Drive, 822 - Apto 1;Recanto do Caldeirão;30267603;Hannah Sprout;Ativo;88 - BPC Idoso;Colina das Bruxas;RS;HP002873FAM;Atualizado;29/11/2026;6216173469;50112167135;Colina das Bruxas;RS;12/2022
1566;867706598;Bilius Greengrass Tonks;08/11/1987;Avenida Mestre das Chaves de Voo, 440;Vila das Bruxas;72149966;Dolores Jane Greengrass Tonks;Cessado;87 - BPC Pessoa com Deficiência;Serra da Coruja;PR;HP002874FAM;Atualizado;06/09/2022;5961927360;59758875854;Serra da Coruja;PR;01/2026
1567;380445547;Colin Filch Fenwick;28/07/1966;Praça Dona dos Centauros, 63 - Fundos;Vila Weasley;33829147;Padma Filch Fenwick;Ativo;87 - BPC Pessoa com Deficiência;Colina das Bruxas;RS;HP002875FAM;Atualizado;24/06/2024;7773163266;49198789824;Colina das Bruxas;RS;03/2020
1568;776599077;Petúnia Trelawney;14/09/1959;Beco Dona do Torneio Tribruxo, 975 - Apto 1;Vila Trouxa;92164148;Padma Trelawney;Ativo;88 - BPC Idoso;Colina das Bruxas;RS;HP002879FAM;Desatualizado;21/12/2026;4127328342;45600716837;Monte Fênix;ES;05/2020
1569;114993127;Aurora Jordan Flitwick;07/02/1960;Rua Mestre da Sonserina, 893 - Fundos;Setor São Mungo;23422337;Petúnia Jordan Flitwick;Ativo;88 - BPC Idoso;Porto dos Duendes;PE;HP002883FAM;Atualizado;04/04/2026;3530613255;94941709541;Fenda da Serpente;BA;03/2022
1570;340327175;Colin Parkinson Shacklebolt;27/06/1945;Beco Prof. do Salgueiro Lutador, 94;Jardim Lufa-Lufa;47865072;Marieta Parkinson Shacklebolt;Ativo;88 - BPC Idoso;Serra da Coruja;PR;HP002885FAM;Desatualizado;22/05/2025;8878582968;17923662560;Serra da Coruja;PR;11/2021
1571;336614398;Severo Tobias Black Jordan;26/07/1940;Alameda Prof. das Varinhas, 713 - Sobrado;Vila Trouxa;61537947;Gina Molly Black Jordan;Bloqueado;88 - BPC Idoso;Campo dos Centauros;GO;HP002890FAM;Desatualizado;07/03/2026;2950068968;72353698842;Campo dos Centauros;GO;10/2023
1572;670156520;Fleur Bagman;09/08/1937;Viela Sr. da Lufa-Lufa, 268 - Fundos;Setor São Mungo;05053950;Carlota Bagman;Ativo;88 - BPC Idoso;Serra da Coruja;PR;HP002892FAM;Desatualizado;01/08/2026;9642507927;31742309697;Serra da Coruja;PR;08/2022
1573;870548821;Minerva Meadowes;09/09/1979;Travessa Prof. Beco Diagonal, 466 - Casa;Vila Weasley;03492269;Ninfadora Meadowes;Bloqueado;87 - BPC Pessoa com Deficiência;Serra da Coruja;PR;HP002893FAM;Atualizado;19/11/2023;7173473617;85736217532;Serra da Coruja;PR;05/2024
1574;971173795;Luna Meadowes;05/01/1957;Travessa Prof. Beco Diagonal, 466 - Casa;Vila Weasley;03492269;Ninfadora Meadowes;Suspenso;88 - BPC Idoso;Serra da Coruja;PR;HP002893FAM;Atualizado;19/11/2023;4087812801;94110745534;Serra da Coruja;PR;07/2025
1575;050630012;Ariana Patil;15/02/2013;Travessa Sr. da Floresta Proibida, 288 - Fundos;Recanto do Caldeirão;68259316;Charity Patil;Ativo;87 - BPC Pessoa com Deficiência;Serra da Coruja;PR;HP002894FAM;Atualizado;24/11/2026;6252905615;;Serra da Coruja;PR;08/2020
1576;895624686;Lílian Evelina Patil;12/06/2020;Travessa Sr. da Floresta Proibida, 288 - Fundos;Recanto do Caldeirão;68259316;Charity Patil;Ativo;87 - BPC Pessoa com Deficiência;Serra da Coruja;PR;HP002894FAM;Atualizado;24/11/2026;1677870199;;Serra da Coruja;PR;02/2023
1577;990245793;Rita Black Hagrid;09/06/1978;Avenida Mestre dos Centauros, 823 - Sobrado;Vila Corvinal;17920284;Bathsheda Black Hagrid;Suspenso;87 - BPC Pessoa com Deficiência;Vale do Godric;SP;HP002898FAM;Desatualizado;30/11/2025;2394047037;09097003702;Colina das Bruxas;RS;09/2026
1578;986329179;Pansy Potter;16/03/1958;Beco dos Elfos Domésticos, 976 - Apto 1;Colônia Fenda da Serpente;45014636;Parvati Potter;Cessado;88 - BPC Idoso;Monte Fênix;ES;HP002906FAM;Atualizado;03/11/2023;1278523185;08589380301;Monte Fênix;ES;06/2021
1579;509007985;Olívia Potter;08/12/1951;Beco dos Elfos Domésticos, 976 - Apto 1;Colônia Fenda da Serpente;45014636;Parvati Potter;Bloqueado;88 - BPC Idoso;Monte Fênix;ES;HP002906FAM;Atualizado;03/11/2023;7064311214;97959986921;Monte Fênix;ES;07/2021
1580;262123997;Carlota Jordan;07/03/1937;Avenida Sr. das Corujas, 118 - Apto 1;Vila Corvinal;09374913;Pomona Jordan;Cessado;88 - BPC Idoso;Campo dos Centauros;GO;HP002907FAM;Atualizado;03/03/2026;0006478338;01702233886;Campo dos Centauros;GO;03/2024
1581;417108930;Rúbeo Diggle;15/09/1949;Viela do Salgueiro Lutador, 881 - Casa;Colônia Fenda da Serpente;40546306;Carlota Diggle;Bloqueado;88 - BPC Idoso;Hogsmeade;MG;HP002911FAM;Atualizado;02/04/2026;1056787961;10285410668;Hogsmeade;MG;04/2024
1582;849910470;Estúrgio Diggle;28/12/1961;Viela do Salgueiro Lutador, 881 - Casa;Colônia Fenda da Serpente;40546306;Carlota Diggle;Ativo;88 - BPC Idoso;Hogsmeade;MG;HP002911FAM;Atualizado;02/04/2026;1419698465;82332083965;Hogsmeade;MG;03/2023
1583;855052566;Hermione Jane Flint;18/04/1997;Viela Prof. do Quatro Privet Drive, 795 - Apto 1;Vila Weasley;21740953;Charity Flint;Suspenso;87 - BPC Pessoa com Deficiência;Fenda da Serpente;BA;HP002915FAM;Desatualizado;05/08/2024;6387377944;12144325909;Fenda da Serpente;BA;08/2022
1584;622046143;Wilhelmina Diggory;25/04/1959;Avenida Sr. do Torneio Tribruxo, 359 - Apto 1;Jardim Lufa-Lufa;73508135;Gemma Diggory;Bloqueado;88 - BPC Idoso;Hogsmeade;MG;HP002917FAM;Desatualizado;04/05/2025;9383326509;44222743924;Hogsmeade;MG;01/2025
1585;947456330;Susana Diggory;11/09/2008;Avenida Sr. do Torneio Tribruxo, 359 - Apto 1;Jardim Lufa-Lufa;73508135;Gemma Diggory;Suspenso;87 - BPC Pessoa com Deficiência;Hogsmeade;MG;HP002917FAM;Desatualizado;04/05/2025;0311816227;70883443785;Hogsmeade;MG;03/2025
1586;791726462;Emelina Brown Hagrid;11/06/1949;Alameda Sr. das Vassouras Voadoras, 660 - Apto 1;Vila Weasley;06293895;Susana Brown Hagrid;Bloqueado;88 - BPC Idoso;Serra da Coruja;PR;HP002922FAM;Desatualizado;23/09/2023;8723953386;75082184004;Serra da Coruja;PR;04/2024
1587;945956928;Fred Diggle;15/10/1947;Travessa Mestre Fenícia, 949 - Apto 1;Bairro dos Duendes;06022143;Gina Molly Diggle;Ativo;88 - BPC Idoso;Vau das Poções;SC;HP002923FAM;Desatualizado;27/12/2024;9641464937;90988143448;Vau das Poções;SC;05/2024
1588;520381845;Basilio Diggle;17/04/1937;Travessa Mestre Fenícia, 949 - Apto 1;Bairro dos Duendes;06022143;Gina Molly Diggle;Suspenso;88 - BPC Idoso;Vau das Poções;SC;HP002923FAM;Desatualizado;27/12/2024;4760791217;11667825147;Vau das Poções;SC;08/2021
1589;226111136;Fred Patil;20/03/1948;Avenida Dona das Varinhas, 137 - Fundos;Setor São Mungo;58800642;Ariana Patil;Ativo;88 - BPC Idoso;Baía do Caldeirão;CE;HP002927FAM;Desatualizado;04/02/2022;7153537403;95717228127;Baía do Caldeirão;CE;02/2024
1590;312236841;Popy Longbottom Parkinson;07/04/1954;Viela do Torneio Tribruxo, 93 - Casa;Colônia Fenda da Serpente;46132881;Cho Longbottom Parkinson;Ativo;88 - BPC Idoso;Porto dos Duendes;PE;HP002931FAM;Atualizado;12/03/2023;1556896419;32564206055;Porto dos Duendes;PE;08/2025
1591;679044428;Rita Boot;06/10/1992;Travessa Prof. das Bruxas Sábias, 668 - Apto 1;Vila Weasley;11096370;Aurora Boot;Cessado;87 - BPC Pessoa com Deficiência;Serra da Coruja;PR;HP002932FAM;Desatualizado;29/12/2026;6404480681;52528948923;Serra da Coruja;PR;03/2020
1592;126751509;Padma Thomas;15/02/2011;Beco Mestre dos Duendes, 398;Jardim Lufa-Lufa;76413841;Aurora Thomas;Ativo;87 - BPC Pessoa com Deficiência;Vale do Godric;SP;HP002938FAM;Desatualizado;08/04/2026;6149954701;;Fenda da Serpente;BA;09/2026
1593;672045598;Rita Goldstein;17/10/1941;Travessa Sr. de Hogsmeade, 565 - Apto 1;Vila Weasley;05147169;Hannah Goldstein;Ativo;87 - BPC Pessoa com Deficiência;Colina das Bruxas;RS;HP002939FAM;Desatualizado;14/10/2025;7839534005;18201998947;Colina das Bruxas;RS;04/2026
1594;158405899;Gemma Potter;02/02/2018;Praça Mestre da Corvinal, 913 - Fundos;Conjunto Grifinória;84300884;Katie Potter;Ativo;87 - BPC Pessoa com Deficiência;Monte Fênix;ES;HP002941FAM;Atualizado;09/02/2025;7099337901;;Monte Fênix;ES;07/2022
1595;429350767;Nevile Franklin Lovegood;20/12/1998;Beco Dona das Chaves de Voo, 970;Bairro dos Duendes;32653318;Popy Lovegood;Ativo;87 - BPC Pessoa com Deficiência;Vila Trouxinha;RJ;HP002942FAM;Desatualizado;04/03/2024;6459272385;63368529622;Vila Trouxinha;RJ;09/2021
1596;482072282;Susana Flitwick Malfoy;03/04/2021;Alameda Beco Diagonal, 365;Setor São Mungo;50779090;Luna Flitwick Malfoy;Ativo;87 - BPC Pessoa com Deficiência;Baía do Caldeirão;CE;HP002944FAM;Desatualizado;18/09/2026;0855183289;;Baía do Caldeirão;CE;09/2025
1597;195189393;Estêvão Cornelius Malfoy;24/07/1964;Avenida da Sala Precisa, 971 - Fundos;Vila Weasley;47664929;Aurora Malfoy;Ativo;87 - BPC Pessoa com Deficiência;Serra da Coruja;PR;HP002945FAM;Desatualizado;19/01/2026;2734359862;69716142759;Vau das Poções;SC;03/2020
1598;688348993;Firenze Malfoy;09/10/1958;Avenida da Sala Precisa, 971 - Fundos;Vila Weasley;47664929;Aurora Malfoy;Ativo;88 - BPC Idoso;Serra da Coruja;PR;HP002945FAM;Desatualizado;19/01/2026;6328946628;10369459796;Serra da Coruja;PR;06/2026
1599;171829300;Lavínia Spinnet Patil;27/04/2006;Praça do Torneio Tribruxo, 514 - Apto 1;Setor São Mungo;38381002;Merope Spinnet Patil;Ativo;87 - BPC Pessoa com Deficiência;Campo dos Centauros;GO;HP002951FAM;Desatualizado;15/08/2026;5794873257;39616139155;Campo dos Centauros;GO;08/2022
1600;571460876;Cedrico Spinnet Patil;25/07/1985;Praça do Torneio Tribruxo, 514 - Apto 1;Setor São Mungo;38381002;Merope Spinnet Patil;Ativo;87 - BPC Pessoa com Deficiência;Campo dos Centauros;GO;HP002951FAM;Desatualizado;15/08/2026;5900421807;62943125907;Campo dos Centauros;GO;05/2020
1601;125380665;Grope Spinnet Patil;08/02/1958;Praça do Torneio Tribruxo, 514 - Apto 1;Setor São Mungo;38381002;Merope Spinnet Patil;Ativo;88 - BPC Idoso;Campo dos Centauros;GO;HP002951FAM;Desatualizado;15/08/2026;7379672768;54122989581;Campo dos Centauros;GO;01/2024
1602;500807203;Petúnia Delacour Burbage;04/07/1978;Rua Mestre das Vassouras Voadoras, 168 - Casa;Conjunto Grifinória;19913223;Aurora Delacour Burbage;Ativo;87 - BPC Pessoa com Deficiência;Vau das Poções;SC;HP002952FAM;Atualizado;14/11/2026;0313468909;34659150032;Vau das Poções;SC;10/2026
1603;020255166;Narcisa Crouch Fenwick;01/11/2017;Viela Sr. do Torneio Tribruxo, 684 - Casa;Vila Trouxa;64096148;Ariana Crouch Fenwick;Bloqueado;87 - BPC Pessoa com Deficiência;Vau das Poções;SC;HP002953FAM;Desatualizado;29/12/2026;2975185478;;Fenda da Serpente;BA;08/2022
1604;682580992;Molly Prewett Crouch Fenwick;24/12/2005;Viela Sr. do Torneio Tribruxo, 684 - Casa;Vila Trouxa;64096148;Ariana Crouch Fenwick;Bloqueado;87 - BPC Pessoa com Deficiência;Vau das Poções;SC;HP002953FAM;Desatualizado;29/12/2026;7294118585;28072037526;Vau das Poções;SC;05/2022
1605;146623937;George Parkinson Umbridge;09/10/2018;Viela Mestre da Floresta Proibida, 914;Recanto dos Centauros;29827892;Katie Parkinson Umbridge;Suspenso;87 - BPC Pessoa com Deficiência;Porto dos Duendes;PE;HP002956FAM;Desatualizado;15/10/2025;7576953589;;Vale do Godric;SP;07/2020
1606;871009003;Lílian Evelina Parkinson Umbridge;20/07/1971;Viela Mestre da Floresta Proibida, 914;Recanto dos Centauros;29827892;Katie Parkinson Umbridge;Ativo;87 - BPC Pessoa com Deficiência;Porto dos Duendes;PE;HP002956FAM;Desatualizado;15/10/2025;9254782518;95917785706;Porto dos Duendes;PE;09/2020
1607;355275225;Seamus Bulstrode;17/01/1961;Alameda Prof. dos Trouxas, 22;Setor Mágico;46949796;Aurora Bulstrode;Cessado;88 - BPC Idoso;Vila Trouxinha;RJ;HP002957FAM;Desatualizado;30/03/2026;9000601538;00278594874;Vila Trouxinha;RJ;02/2022
1608;461993193;Rufus Riddle;25/06/1970;Rua Prof. das Grifinórias, 628 - Sobrado;Conjunto Grifinória;90485864;Bathsheda Riddle;Ativo;87 - BPC Pessoa com Deficiência;Fenda da Serpente;BA;HP002962FAM;Atualizado;25/07/2024;2579919005;94158522674;Fenda da Serpente;BA;08/2024
1609;124072300;Marcus Hooch;18/02/1961;Alameda da Corvinal, 364 - Sobrado;Parque das Varinhas;83223805;Ninfadora Hooch;Bloqueado;87 - BPC Pessoa com Deficiência;Colina das Bruxas;RS;HP002964FAM;Desatualizado;01/11/2026;9067823081;07118056368;Colina das Bruxas;RS;01/2022
1610;648514664;Padma Hooch;16/09/1960;Alameda da Corvinal, 364 - Sobrado;Parque das Varinhas;83223805;Ninfadora Hooch;Ativo;88 - BPC Idoso;Colina das Bruxas;RS;HP002964FAM;Desatualizado;01/11/2026;4607714175;68405136613;Colina das Bruxas;RS;01/2020
1611;547465798;Millicent Sinistra;24/11/1956;Praça Dona Beco Diagonal, 426 - Casa;Bairro dos Duendes;59289474;Carlota Sinistra;Bloqueado;88 - BPC Idoso;Fenda da Serpente;BA;HP002965FAM;Desatualizado;15/06/2024;4248021252;11187492517;Fenda da Serpente;BA;03/2020
1612;840842516;Luna Sprout;24/02/2008;Rua Mestre das Varinhas, 502 - Apto 1;Vila das Bruxas;25499594;Marieta Sprout;Ativo;87 - BPC Pessoa com Deficiência;Porto dos Duendes;PE;HP002967FAM;Atualizado;23/05/2025;1769995477;36209446877;Porto dos Duendes;PE;05/2024
1613;990190535;Katie Vector Pomfrey;20/01/1984;Praça Mestre dos Sonhadores, 455 - Fundos;Bairro dos Duendes;09575316;Merope Vector Pomfrey;Ativo;87 - BPC Pessoa com Deficiência;Fenda da Serpente;BA;HP002969FAM;Desatualizado;03/07/2023;1652860188;49153433163;Vau das Poções;SC;07/2026
1614;443141548;Amos Parkinson;06/08/1952;Travessa Dona do Caldeirão Furado, 657 - Fundos;Setor São Mungo;67448282;Minerva Parkinson;Ativo;88 - BPC Idoso;Fenda da Serpente;BA;HP002970FAM;Desatualizado;25/04/2026;5088430910;81418682844;Fenda da Serpente;BA;09/2020
1615;726357539;Belatriz Lestrange Weasley;18/05/1959;Rua Prof. do Salgueiro Lutador, 782 - Sobrado;Parque das Varinhas;98886664;Fernanda Weasley;Cessado;88 - BPC Idoso;Monte Fênix;ES;HP002973FAM;Desatualizado;29/11/2026;0698835438;87281023207;Monte Fênix;ES;09/2021
1616;679656886;Gina Molly Potter Crouch;21/07/1961;Praça Sr. dos Trouxas, 901;Vila Corvinal;01940361;Wilhelmina Potter Crouch;Ativo;88 - BPC Idoso;Rio das Sereias;PA;HP002976FAM;Desatualizado;19/09/2025;8885845869;00711667506;Rio das Sereias;PA;05/2024
1617;823630018;Narcisa Greengrass;24/07/1960;Avenida Beco Diagonal, 321 - Apto 1;Setor São Mungo;79402543;Hannah Greengrass;Ativo;88 - BPC Idoso;Baía do Caldeirão;CE;HP002978FAM;Atualizado;14/05/2021;5676563292;47809453804;Baía do Caldeirão;CE;11/2025
1618;145640831;Lavínia Burbage;17/10/1965;Rua Sr. Beco Diagonal, 185 - Fundos;Recanto do Caldeirão;38586509;Rita Burbage;Bloqueado;87 - BPC Pessoa com Deficiência;Serra da Coruja;PR;HP002982FAM;Desatualizado;05/10/2026;9689815575;95060420982;Serra da Coruja;PR;07/2025
